ISO-10303-21;
HEADER;
/* Generated by software containing ST-Developer
 * from STEP Tools, Inc. (www.steptools.com) 
 */
/* OPTION: using custom schema-name function */

FILE_DESCRIPTION(
/* description */ (''),
/* implementation_level */ '2;1');

FILE_NAME(
/* name */ 'bottomCap.stp',
/* time_stamp */ '2025-06-25T20:40:40+03:00',
/* author */ (''),
/* organization */ (''),
/* preprocessor_version */ 'ST-DEVELOPER v19.4',
/* originating_system */ 'SIEMENS PLM Software NX2306.4000',
/* authorisation */ '');

FILE_SCHEMA (('AUTOMOTIVE_DESIGN { 1 0 10303 214 3 1 1 1 }'));
ENDSEC;

DATA;
#10=SHAPE_REPRESENTATION_RELATIONSHIP('None',
'relationship between bottomCap-None and bottomCap-None',#22,#11);
#11=ADVANCED_BREP_SHAPE_REPRESENTATION('bottomCap-None',(#32),#1599);
#12=SHAPE_DEFINITION_REPRESENTATION(#13,#22);
#13=PRODUCT_DEFINITION_SHAPE('','',#14);
#14=PRODUCT_DEFINITION(' ','',#16,#15);
#15=PRODUCT_DEFINITION_CONTEXT('part definition',#21,'design');
#16=PRODUCT_DEFINITION_FORMATION_WITH_SPECIFIED_SOURCE(' ',' ',#18,
 .NOT_KNOWN.);
#17=PRODUCT_RELATED_PRODUCT_CATEGORY('part','',(#18));
#18=PRODUCT('bottomCap','bottomCap',' ',(#19));
#19=PRODUCT_CONTEXT(' ',#21,'mechanical');
#20=APPLICATION_PROTOCOL_DEFINITION('international standard',
'automotive_design',2010,#21);
#21=APPLICATION_CONTEXT(
'core data for automotive mechanical design processes');
#22=SHAPE_REPRESENTATION('bottomCap-None',(#579),#1599);
#23=PRESENTATION_LAYER_ASSIGNMENT('1','Layer 1',(#32));
#24=STYLED_ITEM('',(#25),#32);
#25=PRESENTATION_STYLE_ASSIGNMENT((#26));
#26=SURFACE_STYLE_USAGE(.BOTH.,#27);
#27=SURFACE_SIDE_STYLE('',(#28));
#28=SURFACE_STYLE_FILL_AREA(#29);
#29=FILL_AREA_STYLE('',(#30));
#30=FILL_AREA_STYLE_COLOUR('',#31);
#31=COLOUR_RGB('medium steel',0.611764705882353,0.658823529411765,0.670588235294118);
#32=MANIFOLD_SOLID_BREP('',#33);
#33=CLOSED_SHELL('',(#75,#76,#77,#78,#79,#80,#81,#82,#83,#84,#85,#86,#87,
#88,#89,#90,#91,#92,#93,#94,#95,#96,#97,#98,#99,#100,#101,#102,#103,#104,
#105));
#34=B_SPLINE_SURFACE_WITH_KNOTS('',1,3,((#1061,#1062,#1063,#1064,#1065,
#1066,#1067,#1068,#1069,#1070,#1071,#1072,#1073,#1074,#1075,#1076,#1077,
#1078,#1079,#1080,#1081,#1082,#1083,#1084,#1085,#1086,#1087,#1088,#1089,
#1090,#1091,#1092,#1093,#1094,#1095,#1096,#1097,#1098,#1099,#1100,#1101,
#1102,#1103,#1104,#1105,#1106,#1107,#1108,#1109,#1110,#1111,#1112,#1113,
#1114,#1115,#1116,#1117,#1118),(#1119,#1120,#1121,#1122,#1123,#1124,#1125,
#1126,#1127,#1128,#1129,#1130,#1131,#1132,#1133,#1134,#1135,#1136,#1137,
#1138,#1139,#1140,#1141,#1142,#1143,#1144,#1145,#1146,#1147,#1148,#1149,
#1150,#1151,#1152,#1153,#1154,#1155,#1156,#1157,#1158,#1159,#1160,#1161,
#1162,#1163,#1164,#1165,#1166,#1167,#1168,#1169,#1170,#1171,#1172,#1173,
#1174,#1175,#1176)),.UNSPECIFIED.,.F.,.F.,.F.,(2,2),(4,1,1,1,1,1,1,1,1,
1,1,1,1,1,1,1,1,1,1,1,1,1,1,1,1,1,1,1,1,1,1,1,1,1,1,1,1,1,1,1,1,1,1,1,1,
1,1,1,1,1,1,1,1,1,1,4),(0.,1.),(0.,0.0182597443512546,0.0365194887025091,
0.0547792330537637,0.0730389774050182,0.0912987217562728,0.109558466107527,
0.127818210458782,0.146077954810036,0.164337699161291,0.182597443512546,
0.2008571878638,0.219116932215055,0.237376676566309,0.255636420917564,0.273896165268818,
0.292155909620073,0.310415653971327,0.328675398322582,0.346935142673837,
0.365194887025091,0.383454631376346,0.4017143757276,0.419974120078855,0.438233864430109,
0.456493608781364,0.474753353132618,0.493013097483873,0.511272841835128,
0.529532586186382,0.547792330537637,0.566052074888891,0.584311819240146,
0.6025715635914,0.620831307942655,0.63909105229391,0.657350796645164,0.675610540996419,
0.693870285347673,0.712130029698928,0.730389774050182,0.748649518401437,
0.766909262752691,0.785169007103946,0.803428751455201,0.821688495806455,
0.83994824015771,0.858207984508964,0.876467728860219,0.894727473211473,
0.912987217562728,0.931246961913982,0.949506706265237,0.967766450616491,
0.986026194967746,1.),.UNSPECIFIED.);
#35=B_SPLINE_SURFACE_WITH_KNOTS('',1,3,((#1243,#1244,#1245,#1246,#1247,
#1248,#1249,#1250,#1251,#1252,#1253,#1254,#1255,#1256,#1257,#1258,#1259,
#1260,#1261,#1262,#1263,#1264,#1265,#1266,#1267,#1268,#1269,#1270,#1271,
#1272,#1273,#1274,#1275,#1276,#1277,#1278,#1279,#1280,#1281,#1282,#1283,
#1284,#1285,#1286,#1287,#1288,#1289,#1290,#1291,#1292,#1293,#1294,#1295,
#1296,#1297,#1298,#1299,#1300),(#1301,#1302,#1303,#1304,#1305,#1306,#1307,
#1308,#1309,#1310,#1311,#1312,#1313,#1314,#1315,#1316,#1317,#1318,#1319,
#1320,#1321,#1322,#1323,#1324,#1325,#1326,#1327,#1328,#1329,#1330,#1331,
#1332,#1333,#1334,#1335,#1336,#1337,#1338,#1339,#1340,#1341,#1342,#1343,
#1344,#1345,#1346,#1347,#1348,#1349,#1350,#1351,#1352,#1353,#1354,#1355,
#1356,#1357,#1358)),.UNSPECIFIED.,.F.,.F.,.F.,(2,2),(4,1,1,1,1,1,1,1,1,
1,1,1,1,1,1,1,1,1,1,1,1,1,1,1,1,1,1,1,1,1,1,1,1,1,1,1,1,1,1,1,1,1,1,1,1,
1,1,1,1,1,1,1,1,1,1,4),(0.,1.),(0.,0.0182597443512546,0.0365194887025091,
0.0547792330537637,0.0730389774050182,0.0912987217562728,0.109558466107527,
0.127818210458782,0.146077954810036,0.164337699161291,0.182597443512546,
0.2008571878638,0.219116932215055,0.237376676566309,0.255636420917564,0.273896165268818,
0.292155909620073,0.310415653971327,0.328675398322582,0.346935142673837,
0.365194887025091,0.383454631376346,0.4017143757276,0.419974120078855,0.438233864430109,
0.456493608781364,0.474753353132618,0.493013097483873,0.511272841835128,
0.529532586186382,0.547792330537637,0.566052074888891,0.584311819240146,
0.6025715635914,0.620831307942655,0.63909105229391,0.657350796645164,0.675610540996419,
0.693870285347673,0.712130029698928,0.730389774050182,0.748649518401437,
0.766909262752691,0.785169007103946,0.803428751455201,0.821688495806455,
0.83994824015771,0.858207984508964,0.876467728860219,0.894727473211473,
0.912987217562728,0.931246961913982,0.949506706265237,0.967766450616491,
0.986026194967746,1.),.UNSPECIFIED.);
#36=B_SPLINE_SURFACE_WITH_KNOTS('',1,3,((#1425,#1426,#1427,#1428,#1429,
#1430,#1431,#1432,#1433,#1434,#1435,#1436,#1437,#1438,#1439,#1440,#1441,
#1442,#1443,#1444,#1445,#1446,#1447,#1448,#1449,#1450,#1451,#1452,#1453,
#1454,#1455,#1456,#1457,#1458,#1459,#1460,#1461,#1462,#1463,#1464,#1465,
#1466,#1467,#1468,#1469,#1470,#1471,#1472,#1473,#1474,#1475,#1476,#1477,
#1478,#1479,#1480,#1481,#1482),(#1483,#1484,#1485,#1486,#1487,#1488,#1489,
#1490,#1491,#1492,#1493,#1494,#1495,#1496,#1497,#1498,#1499,#1500,#1501,
#1502,#1503,#1504,#1505,#1506,#1507,#1508,#1509,#1510,#1511,#1512,#1513,
#1514,#1515,#1516,#1517,#1518,#1519,#1520,#1521,#1522,#1523,#1524,#1525,
#1526,#1527,#1528,#1529,#1530,#1531,#1532,#1533,#1534,#1535,#1536,#1537,
#1538,#1539,#1540)),.UNSPECIFIED.,.F.,.F.,.F.,(2,2),(4,1,1,1,1,1,1,1,1,
1,1,1,1,1,1,1,1,1,1,1,1,1,1,1,1,1,1,1,1,1,1,1,1,1,1,1,1,1,1,1,1,1,1,1,1,
1,1,1,1,1,1,1,1,1,1,4),(0.,1.),(0.,0.0182597443512546,0.0365194887025091,
0.0547792330537637,0.0730389774050182,0.0912987217562728,0.109558466107527,
0.127818210458782,0.146077954810036,0.164337699161291,0.182597443512546,
0.2008571878638,0.219116932215055,0.237376676566309,0.255636420917564,0.273896165268818,
0.292155909620073,0.310415653971327,0.328675398322582,0.346935142673837,
0.365194887025091,0.383454631376346,0.4017143757276,0.419974120078855,0.438233864430109,
0.456493608781364,0.474753353132618,0.493013097483873,0.511272841835128,
0.529532586186382,0.547792330537637,0.566052074888891,0.584311819240146,
0.6025715635914,0.620831307942655,0.63909105229391,0.657350796645164,0.675610540996419,
0.693870285347673,0.712130029698928,0.730389774050182,0.748649518401437,
0.766909262752691,0.785169007103946,0.803428751455201,0.821688495806455,
0.83994824015771,0.858207984508964,0.876467728860219,0.894727473211473,
0.912987217562728,0.931246961913982,0.949506706265237,0.967766450616491,
0.986026194967746,1.),.UNSPECIFIED.);
#37=PLANE('',#593);
#38=PLANE('',#597);
#39=PLANE('',#601);
#40=PLANE('',#602);
#41=PLANE('',#604);
#42=PLANE('',#605);
#43=PLANE('',#606);
#44=PLANE('',#607);
#45=PLANE('',#608);
#46=PLANE('',#609);
#47=PLANE('',#610);
#48=PLANE('',#611);
#49=PLANE('',#612);
#50=PLANE('',#613);
#51=PLANE('',#614);
#52=PLANE('',#616);
#53=PLANE('',#617);
#54=PLANE('',#618);
#55=PLANE('',#621);
#56=PLANE('',#622);
#57=B_SPLINE_CURVE_WITH_KNOTS('',3,(#810,#811,#812,#813),.UNSPECIFIED.,
 .F.,.F.,(4,4),(0.,1.),.UNSPECIFIED.);
#58=B_SPLINE_CURVE_WITH_KNOTS('',3,(#815,#816,#817,#818),.UNSPECIFIED.,
 .F.,.F.,(4,4),(0.,1.),.UNSPECIFIED.);
#59=B_SPLINE_CURVE_WITH_KNOTS('',3,(#846,#847,#848,#849,#850,#851,#852,
#853,#854,#855,#856,#857,#858,#859,#860,#861,#862,#863,#864,#865,#866,#867,
#868,#869,#870,#871,#872,#873,#874,#875,#876,#877,#878,#879,#880,#881,#882,
#883,#884,#885,#886,#887,#888,#889,#890,#891,#892,#893,#894,#895,#896,#897,
#898,#899,#900,#901),.UNSPECIFIED.,.F.,.F.,(4,2,2,2,2,2,2,2,2,2,2,2,2,2,
2,2,2,2,2,2,2,2,2,2,2,2,2,4),(0.,0.0625,0.125,0.15625,0.1875,0.21875,0.25,
0.28125,0.3125,0.34375,0.375,0.40625,0.4375,0.46875,0.5,0.5625,0.625,0.6875,
0.71875,0.75,0.78125,0.8125,0.84375,0.875,0.90625,0.9375,0.96875,1.),
 .UNSPECIFIED.);
#60=B_SPLINE_CURVE_WITH_KNOTS('',3,(#905,#906,#907,#908,#909,#910,#911,
#912,#913,#914,#915,#916,#917,#918,#919,#920,#921,#922,#923,#924,#925,#926,
#927,#928,#929,#930,#931,#932,#933,#934,#935,#936,#937,#938,#939,#940,#941,
#942,#943,#944,#945,#946,#947,#948,#949,#950,#951,#952,#953,#954,#955,#956,
#957,#958,#959,#960,#961,#962,#963,#964,#965,#966,#967,#968,#969,#970),
 .UNSPECIFIED.,.F.,.F.,(4,2,2,2,2,2,2,2,2,2,2,2,2,2,2,2,2,2,2,2,2,2,2,2,
2,2,2,2,2,2,2,2,4),(0.,0.03125,0.0625,0.09375,0.125,0.15625,0.1875,0.21875,
0.25,0.28125,0.3125,0.34375,0.375,0.40625,0.4375,0.46875,0.5,0.53125,0.5625,
0.59375,0.625,0.65625,0.6875,0.71875,0.75,0.78125,0.8125,0.84375,0.875,
0.90625,0.9375,0.96875,1.),.UNSPECIFIED.);
#61=B_SPLINE_CURVE_WITH_KNOTS('',3,(#972,#973,#974,#975,#976,#977,#978,
#979),.UNSPECIFIED.,.F.,.F.,(4,2,2,4),(0.,0.25,0.5,1.),.UNSPECIFIED.);
#62=B_SPLINE_CURVE_WITH_KNOTS('',3,(#983,#984,#985,#986,#987,#988,#989,
#990),.UNSPECIFIED.,.F.,.F.,(4,2,2,4),(0.,0.25,0.5,1.),.UNSPECIFIED.);
#63=B_SPLINE_CURVE_WITH_KNOTS('',1,(#992,#993),.UNSPECIFIED.,.F.,.F.,(2,
2),(0.,1.),.UNSPECIFIED.);
#64=B_SPLINE_CURVE_WITH_KNOTS('',3,(#995,#996,#997,#998,#999,#1000,#1001,
#1002,#1003,#1004,#1005,#1006,#1007,#1008,#1009,#1010,#1011,#1012,#1013,
#1014,#1015,#1016,#1017,#1018,#1019,#1020,#1021,#1022,#1023,#1024,#1025,
#1026,#1027,#1028,#1029,#1030,#1031,#1032,#1033,#1034,#1035,#1036,#1037,
#1038,#1039,#1040,#1041,#1042,#1043,#1044,#1045,#1046,#1047,#1048,#1049,
#1050,#1051,#1052,#1053,#1054,#1055,#1056,#1057,#1058,#1059,#1060),
 .UNSPECIFIED.,.F.,.F.,(4,2,2,2,2,2,2,2,2,2,2,2,2,2,2,2,2,2,2,2,2,2,2,2,
2,2,2,2,2,2,2,2,4),(0.,0.0312499999999998,0.0624999999999997,0.0937499999999996,
0.125,0.15625,0.1875,0.21875,0.25,0.28125,0.3125,0.34375,0.375,0.40625,
0.4375,0.46875,0.5,0.53125,0.5625,0.59375,0.625,0.65625,0.6875,0.71875,
0.75,0.78125,0.8125,0.84375,0.875,0.90625,0.9375,0.96875,1.),
 .UNSPECIFIED.);
#65=B_SPLINE_CURVE_WITH_KNOTS('',1,(#1177,#1178),.UNSPECIFIED.,.F.,.F.,
(2,2),(0.,1.),.UNSPECIFIED.);
#66=B_SPLINE_CURVE_WITH_KNOTS('',1,(#1180,#1181),.UNSPECIFIED.,.F.,.F.,
(2,2),(0.,1.),.UNSPECIFIED.);
#67=B_SPLINE_CURVE_WITH_KNOTS('',3,(#1185,#1186,#1187,#1188,#1189,#1190,
#1191,#1192,#1193,#1194,#1195,#1196,#1197,#1198,#1199,#1200,#1201,#1202,
#1203,#1204,#1205,#1206,#1207,#1208,#1209,#1210,#1211,#1212,#1213,#1214,
#1215,#1216,#1217,#1218,#1219,#1220,#1221,#1222,#1223,#1224,#1225,#1226,
#1227,#1228,#1229,#1230,#1231,#1232,#1233,#1234,#1235,#1236,#1237,#1238,
#1239,#1240,#1241,#1242),.UNSPECIFIED.,.F.,.F.,(4,1,1,1,1,1,1,1,1,1,1,1,
1,1,1,1,1,1,1,1,1,1,1,1,1,1,1,1,1,1,1,1,1,1,1,1,1,1,1,1,1,1,1,1,1,1,1,1,
1,1,1,1,1,1,1,4),(0.,0.013973805032254,0.0322335493835085,0.0504932937347631,
0.0687530380860176,0.0870127824372722,0.105272526788527,0.123532271139781,
0.141792015491036,0.16005175984229,0.178311504193545,0.196571248544799,
0.214830992896054,0.233090737247309,0.251350481598563,0.269610225949818,
0.287869970301072,0.306129714652327,0.324389459003581,0.342649203354836,
0.36090894770609,0.379168692057345,0.3974284364086,0.415688180759854,0.433947925111109,
0.452207669462363,0.470467413813618,0.488727158164872,0.506986902516127,
0.525246646867382,0.543506391218636,0.561766135569891,0.580025879921145,
0.5982856242724,0.616545368623654,0.634805112974909,0.653064857326163,0.671324601677418,
0.689584346028673,0.707844090379927,0.726103834731182,0.744363579082436,
0.762623323433691,0.780883067784945,0.7991428121362,0.817402556487454,0.835662300838709,
0.853922045189964,0.872181789541218,0.890441533892473,0.908701278243727,
0.926961022594982,0.945220766946236,0.963480511297491,0.981740255648745,
1.),.UNSPECIFIED.);
#68=B_SPLINE_CURVE_WITH_KNOTS('',3,(#1359,#1360,#1361,#1362,#1363,#1364,
#1365,#1366,#1367,#1368,#1369,#1370,#1371,#1372,#1373,#1374,#1375,#1376,
#1377,#1378,#1379,#1380,#1381,#1382,#1383,#1384,#1385,#1386,#1387,#1388,
#1389,#1390,#1391,#1392,#1393,#1394,#1395,#1396,#1397,#1398,#1399,#1400,
#1401,#1402,#1403,#1404,#1405,#1406,#1407,#1408,#1409,#1410,#1411,#1412,
#1413,#1414,#1415,#1416,#1417,#1418,#1419,#1420,#1421,#1422,#1423,#1424),
 .UNSPECIFIED.,.F.,.F.,(4,2,2,2,2,2,2,2,2,2,2,2,2,2,2,2,2,2,2,2,2,2,2,2,
2,2,2,2,2,2,2,2,4),(0.,0.03125,0.0625,0.09375,0.125,0.15625,0.1875,0.21875,
0.25,0.28125,0.3125,0.34375,0.375,0.40625,0.4375,0.46875,0.5,0.53125,0.5625,
0.59375,0.625,0.65625,0.6875,0.71875,0.75,0.78125,0.8125,0.84375,0.875,
0.90625,0.9375,0.96875,1.),.UNSPECIFIED.);
#69=FACE_BOUND('',#145,.T.);
#70=FACE_BOUND('',#146,.T.);
#71=FACE_BOUND('',#147,.T.);
#72=FACE_BOUND('',#148,.T.);
#73=FACE_BOUND('',#160,.T.);
#74=FACE_BOUND('',#161,.T.);
#75=ADVANCED_FACE('',(#114),#106,.T.);
#76=ADVANCED_FACE('',(#115),#107,.T.);
#77=ADVANCED_FACE('',(#116),#108,.T.);
#78=ADVANCED_FACE('',(#69,#70),#37,.T.);
#79=ADVANCED_FACE('',(#71,#72),#38,.F.);
#80=ADVANCED_FACE('',(#117),#109,.T.);
#81=ADVANCED_FACE('',(#118),#39,.T.);
#82=ADVANCED_FACE('',(#119),#34,.F.);
#83=ADVANCED_FACE('',(#120),#40,.F.);
#84=ADVANCED_FACE('',(#121),#35,.F.);
#85=ADVANCED_FACE('',(#122),#36,.F.);
#86=ADVANCED_FACE('',(#123),#110,.T.);
#87=ADVANCED_FACE('',(#124),#41,.F.);
#88=ADVANCED_FACE('',(#125),#42,.F.);
#89=ADVANCED_FACE('',(#126),#43,.F.);
#90=ADVANCED_FACE('',(#127),#44,.F.);
#91=ADVANCED_FACE('',(#73,#74),#45,.T.);
#92=ADVANCED_FACE('',(#128),#46,.F.);
#93=ADVANCED_FACE('',(#129),#47,.F.);
#94=ADVANCED_FACE('',(#130),#48,.F.);
#95=ADVANCED_FACE('',(#131),#49,.F.);
#96=ADVANCED_FACE('',(#132),#50,.T.);
#97=ADVANCED_FACE('',(#133),#51,.F.);
#98=ADVANCED_FACE('',(#134),#111,.T.);
#99=ADVANCED_FACE('',(#135),#52,.F.);
#100=ADVANCED_FACE('',(#136),#53,.F.);
#101=ADVANCED_FACE('',(#137),#54,.F.);
#102=ADVANCED_FACE('',(#138),#112,.T.);
#103=ADVANCED_FACE('',(#139),#113,.T.);
#104=ADVANCED_FACE('',(#140),#55,.F.);
#105=ADVANCED_FACE('',(#141),#56,.F.);
#106=CYLINDRICAL_SURFACE('',#582,22.5);
#107=CYLINDRICAL_SURFACE('',#585,22.5);
#108=CYLINDRICAL_SURFACE('',#588,22.5);
#109=CYLINDRICAL_SURFACE('',#599,12.0000000000246);
#110=CYLINDRICAL_SURFACE('',#603,10.352);
#111=CYLINDRICAL_SURFACE('',#615,17.5);
#112=CYLINDRICAL_SURFACE('',#619,17.5);
#113=CYLINDRICAL_SURFACE('',#620,17.5);
#114=FACE_OUTER_BOUND('',#142,.T.);
#115=FACE_OUTER_BOUND('',#143,.T.);
#116=FACE_OUTER_BOUND('',#144,.T.);
#117=FACE_OUTER_BOUND('',#149,.T.);
#118=FACE_OUTER_BOUND('',#150,.T.);
#119=FACE_OUTER_BOUND('',#151,.T.);
#120=FACE_OUTER_BOUND('',#152,.T.);
#121=FACE_OUTER_BOUND('',#153,.T.);
#122=FACE_OUTER_BOUND('',#154,.T.);
#123=FACE_OUTER_BOUND('',#155,.T.);
#124=FACE_OUTER_BOUND('',#156,.T.);
#125=FACE_OUTER_BOUND('',#157,.T.);
#126=FACE_OUTER_BOUND('',#158,.T.);
#127=FACE_OUTER_BOUND('',#159,.T.);
#128=FACE_OUTER_BOUND('',#162,.T.);
#129=FACE_OUTER_BOUND('',#163,.T.);
#130=FACE_OUTER_BOUND('',#164,.T.);
#131=FACE_OUTER_BOUND('',#165,.T.);
#132=FACE_OUTER_BOUND('',#166,.T.);
#133=FACE_OUTER_BOUND('',#167,.T.);
#134=FACE_OUTER_BOUND('',#168,.T.);
#135=FACE_OUTER_BOUND('',#169,.T.);
#136=FACE_OUTER_BOUND('',#170,.T.);
#137=FACE_OUTER_BOUND('',#171,.T.);
#138=FACE_OUTER_BOUND('',#172,.T.);
#139=FACE_OUTER_BOUND('',#173,.T.);
#140=FACE_OUTER_BOUND('',#174,.T.);
#141=FACE_OUTER_BOUND('',#175,.T.);
#142=EDGE_LOOP('',(#191,#192,#193,#194));
#143=EDGE_LOOP('',(#195,#196,#197,#198));
#144=EDGE_LOOP('',(#199,#200,#201,#202));
#145=EDGE_LOOP('',(#203,#204,#205,#206,#207,#208,#209,#210,#211,#212,#213,
#214));
#146=EDGE_LOOP('',(#215,#216,#217,#218));
#147=EDGE_LOOP('',(#219,#220,#221,#222,#223,#224,#225,#226,#227,#228,#229,
#230));
#148=EDGE_LOOP('',(#231,#232,#233,#234));
#149=EDGE_LOOP('',(#235,#236,#237,#238,#239));
#150=EDGE_LOOP('',(#240,#241,#242,#243));
#151=EDGE_LOOP('',(#244,#245,#246,#247));
#152=EDGE_LOOP('',(#248,#249,#250,#251,#252,#253));
#153=EDGE_LOOP('',(#254,#255,#256));
#154=EDGE_LOOP('',(#257,#258,#259,#260,#261,#262));
#155=EDGE_LOOP('',(#263,#264,#265,#266));
#156=EDGE_LOOP('',(#267,#268,#269,#270));
#157=EDGE_LOOP('',(#271,#272,#273,#274));
#158=EDGE_LOOP('',(#275,#276,#277,#278));
#159=EDGE_LOOP('',(#279,#280,#281,#282));
#160=EDGE_LOOP('',(#283,#284,#285,#286));
#161=EDGE_LOOP('',(#287,#288,#289,#290));
#162=EDGE_LOOP('',(#291,#292,#293,#294));
#163=EDGE_LOOP('',(#295,#296,#297,#298));
#164=EDGE_LOOP('',(#299,#300,#301,#302));
#165=EDGE_LOOP('',(#303,#304,#305,#306));
#166=EDGE_LOOP('',(#307,#308,#309,#310));
#167=EDGE_LOOP('',(#311,#312,#313,#314));
#168=EDGE_LOOP('',(#315,#316,#317,#318));
#169=EDGE_LOOP('',(#319,#320,#321,#322));
#170=EDGE_LOOP('',(#323,#324,#325,#326));
#171=EDGE_LOOP('',(#327,#328,#329,#330));
#172=EDGE_LOOP('',(#331,#332,#333,#334));
#173=EDGE_LOOP('',(#335,#336,#337,#338));
#174=EDGE_LOOP('',(#339,#340,#341,#342));
#175=EDGE_LOOP('',(#343,#344,#345,#346));
#176=CIRCLE('',#580,22.5);
#177=CIRCLE('',#581,22.5);
#178=CIRCLE('',#583,22.5);
#179=CIRCLE('',#584,22.5);
#180=CIRCLE('',#586,22.5);
#181=CIRCLE('',#587,22.5);
#182=CIRCLE('',#589,17.5);
#183=CIRCLE('',#590,17.5);
#184=CIRCLE('',#591,17.5);
#185=CIRCLE('',#592,12.0000000000246);
#186=CIRCLE('',#594,17.5);
#187=CIRCLE('',#595,17.5);
#188=CIRCLE('',#596,17.5);
#189=CIRCLE('',#598,12.0000000000246);
#190=CIRCLE('',#600,10.352);
#191=ORIENTED_EDGE('',*,*,#399,.F.);
#192=ORIENTED_EDGE('',*,*,#400,.F.);
#193=ORIENTED_EDGE('',*,*,#401,.T.);
#194=ORIENTED_EDGE('',*,*,#402,.T.);
#195=ORIENTED_EDGE('',*,*,#403,.F.);
#196=ORIENTED_EDGE('',*,*,#404,.T.);
#197=ORIENTED_EDGE('',*,*,#405,.T.);
#198=ORIENTED_EDGE('',*,*,#406,.F.);
#199=ORIENTED_EDGE('',*,*,#407,.F.);
#200=ORIENTED_EDGE('',*,*,#408,.T.);
#201=ORIENTED_EDGE('',*,*,#409,.T.);
#202=ORIENTED_EDGE('',*,*,#410,.F.);
#203=ORIENTED_EDGE('',*,*,#411,.T.);
#204=ORIENTED_EDGE('',*,*,#412,.T.);
#205=ORIENTED_EDGE('',*,*,#407,.T.);
#206=ORIENTED_EDGE('',*,*,#413,.T.);
#207=ORIENTED_EDGE('',*,*,#414,.T.);
#208=ORIENTED_EDGE('',*,*,#415,.T.);
#209=ORIENTED_EDGE('',*,*,#400,.T.);
#210=ORIENTED_EDGE('',*,*,#416,.T.);
#211=ORIENTED_EDGE('',*,*,#417,.T.);
#212=ORIENTED_EDGE('',*,*,#418,.T.);
#213=ORIENTED_EDGE('',*,*,#403,.T.);
#214=ORIENTED_EDGE('',*,*,#419,.T.);
#215=ORIENTED_EDGE('',*,*,#420,.F.);
#216=ORIENTED_EDGE('',*,*,#421,.F.);
#217=ORIENTED_EDGE('',*,*,#422,.F.);
#218=ORIENTED_EDGE('',*,*,#423,.F.);
#219=ORIENTED_EDGE('',*,*,#424,.F.);
#220=ORIENTED_EDGE('',*,*,#409,.F.);
#221=ORIENTED_EDGE('',*,*,#425,.F.);
#222=ORIENTED_EDGE('',*,*,#426,.F.);
#223=ORIENTED_EDGE('',*,*,#427,.F.);
#224=ORIENTED_EDGE('',*,*,#405,.F.);
#225=ORIENTED_EDGE('',*,*,#428,.F.);
#226=ORIENTED_EDGE('',*,*,#429,.F.);
#227=ORIENTED_EDGE('',*,*,#430,.F.);
#228=ORIENTED_EDGE('',*,*,#402,.F.);
#229=ORIENTED_EDGE('',*,*,#431,.F.);
#230=ORIENTED_EDGE('',*,*,#432,.F.);
#231=ORIENTED_EDGE('',*,*,#433,.F.);
#232=ORIENTED_EDGE('',*,*,#434,.F.);
#233=ORIENTED_EDGE('',*,*,#435,.F.);
#234=ORIENTED_EDGE('',*,*,#436,.F.);
#235=ORIENTED_EDGE('',*,*,#421,.T.);
#236=ORIENTED_EDGE('',*,*,#437,.T.);
#237=ORIENTED_EDGE('',*,*,#438,.T.);
#238=ORIENTED_EDGE('',*,*,#439,.F.);
#239=ORIENTED_EDGE('',*,*,#440,.T.);
#240=ORIENTED_EDGE('',*,*,#441,.F.);
#241=ORIENTED_EDGE('',*,*,#442,.T.);
#242=ORIENTED_EDGE('',*,*,#443,.F.);
#243=ORIENTED_EDGE('',*,*,#439,.T.);
#244=ORIENTED_EDGE('',*,*,#444,.T.);
#245=ORIENTED_EDGE('',*,*,#445,.F.);
#246=ORIENTED_EDGE('',*,*,#441,.T.);
#247=ORIENTED_EDGE('',*,*,#438,.F.);
#248=ORIENTED_EDGE('',*,*,#420,.T.);
#249=ORIENTED_EDGE('',*,*,#446,.F.);
#250=ORIENTED_EDGE('',*,*,#447,.F.);
#251=ORIENTED_EDGE('',*,*,#448,.F.);
#252=ORIENTED_EDGE('',*,*,#444,.F.);
#253=ORIENTED_EDGE('',*,*,#437,.F.);
#254=ORIENTED_EDGE('',*,*,#423,.T.);
#255=ORIENTED_EDGE('',*,*,#449,.F.);
#256=ORIENTED_EDGE('',*,*,#446,.T.);
#257=ORIENTED_EDGE('',*,*,#443,.T.);
#258=ORIENTED_EDGE('',*,*,#450,.F.);
#259=ORIENTED_EDGE('',*,*,#447,.T.);
#260=ORIENTED_EDGE('',*,*,#449,.T.);
#261=ORIENTED_EDGE('',*,*,#422,.T.);
#262=ORIENTED_EDGE('',*,*,#440,.F.);
#263=ORIENTED_EDGE('',*,*,#445,.T.);
#264=ORIENTED_EDGE('',*,*,#448,.T.);
#265=ORIENTED_EDGE('',*,*,#450,.T.);
#266=ORIENTED_EDGE('',*,*,#442,.F.);
#267=ORIENTED_EDGE('',*,*,#434,.T.);
#268=ORIENTED_EDGE('',*,*,#451,.T.);
#269=ORIENTED_EDGE('',*,*,#452,.T.);
#270=ORIENTED_EDGE('',*,*,#453,.F.);
#271=ORIENTED_EDGE('',*,*,#433,.T.);
#272=ORIENTED_EDGE('',*,*,#454,.T.);
#273=ORIENTED_EDGE('',*,*,#455,.T.);
#274=ORIENTED_EDGE('',*,*,#451,.F.);
#275=ORIENTED_EDGE('',*,*,#436,.T.);
#276=ORIENTED_EDGE('',*,*,#456,.T.);
#277=ORIENTED_EDGE('',*,*,#457,.T.);
#278=ORIENTED_EDGE('',*,*,#454,.F.);
#279=ORIENTED_EDGE('',*,*,#435,.T.);
#280=ORIENTED_EDGE('',*,*,#453,.T.);
#281=ORIENTED_EDGE('',*,*,#458,.T.);
#282=ORIENTED_EDGE('',*,*,#456,.F.);
#283=ORIENTED_EDGE('',*,*,#459,.F.);
#284=ORIENTED_EDGE('',*,*,#460,.F.);
#285=ORIENTED_EDGE('',*,*,#461,.F.);
#286=ORIENTED_EDGE('',*,*,#462,.F.);
#287=ORIENTED_EDGE('',*,*,#452,.F.);
#288=ORIENTED_EDGE('',*,*,#455,.F.);
#289=ORIENTED_EDGE('',*,*,#457,.F.);
#290=ORIENTED_EDGE('',*,*,#458,.F.);
#291=ORIENTED_EDGE('',*,*,#459,.T.);
#292=ORIENTED_EDGE('',*,*,#463,.T.);
#293=ORIENTED_EDGE('',*,*,#464,.T.);
#294=ORIENTED_EDGE('',*,*,#465,.F.);
#295=ORIENTED_EDGE('',*,*,#462,.T.);
#296=ORIENTED_EDGE('',*,*,#466,.T.);
#297=ORIENTED_EDGE('',*,*,#467,.T.);
#298=ORIENTED_EDGE('',*,*,#463,.F.);
#299=ORIENTED_EDGE('',*,*,#461,.T.);
#300=ORIENTED_EDGE('',*,*,#468,.T.);
#301=ORIENTED_EDGE('',*,*,#469,.T.);
#302=ORIENTED_EDGE('',*,*,#466,.F.);
#303=ORIENTED_EDGE('',*,*,#460,.T.);
#304=ORIENTED_EDGE('',*,*,#465,.T.);
#305=ORIENTED_EDGE('',*,*,#470,.T.);
#306=ORIENTED_EDGE('',*,*,#468,.F.);
#307=ORIENTED_EDGE('',*,*,#464,.F.);
#308=ORIENTED_EDGE('',*,*,#467,.F.);
#309=ORIENTED_EDGE('',*,*,#469,.F.);
#310=ORIENTED_EDGE('',*,*,#470,.F.);
#311=ORIENTED_EDGE('',*,*,#424,.T.);
#312=ORIENTED_EDGE('',*,*,#471,.T.);
#313=ORIENTED_EDGE('',*,*,#413,.F.);
#314=ORIENTED_EDGE('',*,*,#410,.T.);
#315=ORIENTED_EDGE('',*,*,#432,.T.);
#316=ORIENTED_EDGE('',*,*,#472,.T.);
#317=ORIENTED_EDGE('',*,*,#414,.F.);
#318=ORIENTED_EDGE('',*,*,#471,.F.);
#319=ORIENTED_EDGE('',*,*,#431,.T.);
#320=ORIENTED_EDGE('',*,*,#401,.F.);
#321=ORIENTED_EDGE('',*,*,#415,.F.);
#322=ORIENTED_EDGE('',*,*,#472,.F.);
#323=ORIENTED_EDGE('',*,*,#425,.T.);
#324=ORIENTED_EDGE('',*,*,#408,.F.);
#325=ORIENTED_EDGE('',*,*,#412,.F.);
#326=ORIENTED_EDGE('',*,*,#473,.F.);
#327=ORIENTED_EDGE('',*,*,#427,.T.);
#328=ORIENTED_EDGE('',*,*,#474,.T.);
#329=ORIENTED_EDGE('',*,*,#419,.F.);
#330=ORIENTED_EDGE('',*,*,#406,.T.);
#331=ORIENTED_EDGE('',*,*,#426,.T.);
#332=ORIENTED_EDGE('',*,*,#473,.T.);
#333=ORIENTED_EDGE('',*,*,#411,.F.);
#334=ORIENTED_EDGE('',*,*,#474,.F.);
#335=ORIENTED_EDGE('',*,*,#429,.T.);
#336=ORIENTED_EDGE('',*,*,#475,.T.);
#337=ORIENTED_EDGE('',*,*,#417,.F.);
#338=ORIENTED_EDGE('',*,*,#476,.F.);
#339=ORIENTED_EDGE('',*,*,#428,.T.);
#340=ORIENTED_EDGE('',*,*,#404,.F.);
#341=ORIENTED_EDGE('',*,*,#418,.F.);
#342=ORIENTED_EDGE('',*,*,#475,.F.);
#343=ORIENTED_EDGE('',*,*,#430,.T.);
#344=ORIENTED_EDGE('',*,*,#476,.T.);
#345=ORIENTED_EDGE('',*,*,#416,.F.);
#346=ORIENTED_EDGE('',*,*,#399,.T.);
#347=VERTEX_POINT('',#764);
#348=VERTEX_POINT('',#765);
#349=VERTEX_POINT('',#767);
#350=VERTEX_POINT('',#769);
#351=VERTEX_POINT('',#773);
#352=VERTEX_POINT('',#774);
#353=VERTEX_POINT('',#776);
#354=VERTEX_POINT('',#778);
#355=VERTEX_POINT('',#782);
#356=VERTEX_POINT('',#783);
#357=VERTEX_POINT('',#785);
#358=VERTEX_POINT('',#787);
#359=VERTEX_POINT('',#791);
#360=VERTEX_POINT('',#792);
#361=VERTEX_POINT('',#795);
#362=VERTEX_POINT('',#797);
#363=VERTEX_POINT('',#800);
#364=VERTEX_POINT('',#802);
#365=VERTEX_POINT('',#806);
#366=VERTEX_POINT('',#807);
#367=VERTEX_POINT('',#809);
#368=VERTEX_POINT('',#814);
#369=VERTEX_POINT('',#821);
#370=VERTEX_POINT('',#823);
#371=VERTEX_POINT('',#825);
#372=VERTEX_POINT('',#828);
#373=VERTEX_POINT('',#830);
#374=VERTEX_POINT('',#833);
#375=VERTEX_POINT('',#836);
#376=VERTEX_POINT('',#837);
#377=VERTEX_POINT('',#839);
#378=VERTEX_POINT('',#841);
#379=VERTEX_POINT('',#845);
#380=VERTEX_POINT('',#902);
#381=VERTEX_POINT('',#904);
#382=VERTEX_POINT('',#980);
#383=VERTEX_POINT('',#982);
#384=VERTEX_POINT('',#994);
#385=VERTEX_POINT('',#1179);
#386=VERTEX_POINT('',#1182);
#387=VERTEX_POINT('',#1543);
#388=VERTEX_POINT('',#1545);
#389=VERTEX_POINT('',#1549);
#390=VERTEX_POINT('',#1553);
#391=VERTEX_POINT('',#1559);
#392=VERTEX_POINT('',#1560);
#393=VERTEX_POINT('',#1562);
#394=VERTEX_POINT('',#1564);
#395=VERTEX_POINT('',#1568);
#396=VERTEX_POINT('',#1570);
#397=VERTEX_POINT('',#1574);
#398=VERTEX_POINT('',#1578);
#399=EDGE_CURVE('',#347,#348,#477,.T.);
#400=EDGE_CURVE('',#349,#347,#176,.T.);
#401=EDGE_CURVE('',#349,#350,#478,.T.);
#402=EDGE_CURVE('',#350,#348,#177,.T.);
#403=EDGE_CURVE('',#351,#352,#178,.T.);
#404=EDGE_CURVE('',#351,#353,#479,.T.);
#405=EDGE_CURVE('',#353,#354,#179,.T.);
#406=EDGE_CURVE('',#352,#354,#480,.T.);
#407=EDGE_CURVE('',#355,#356,#180,.T.);
#408=EDGE_CURVE('',#355,#357,#481,.T.);
#409=EDGE_CURVE('',#357,#358,#181,.T.);
#410=EDGE_CURVE('',#356,#358,#482,.T.);
#411=EDGE_CURVE('',#359,#360,#182,.T.);
#412=EDGE_CURVE('',#360,#355,#483,.T.);
#413=EDGE_CURVE('',#356,#361,#484,.T.);
#414=EDGE_CURVE('',#361,#362,#183,.T.);
#415=EDGE_CURVE('',#362,#349,#485,.T.);
#416=EDGE_CURVE('',#347,#363,#486,.T.);
#417=EDGE_CURVE('',#363,#364,#184,.T.);
#418=EDGE_CURVE('',#364,#351,#487,.T.);
#419=EDGE_CURVE('',#352,#359,#488,.T.);
#420=EDGE_CURVE('',#365,#366,#489,.T.);
#421=EDGE_CURVE('',#367,#365,#185,.T.);
#422=EDGE_CURVE('',#368,#367,#57,.T.);
#423=EDGE_CURVE('',#366,#368,#58,.T.);
#424=EDGE_CURVE('',#358,#369,#490,.T.);
#425=EDGE_CURVE('',#370,#357,#491,.T.);
#426=EDGE_CURVE('',#371,#370,#186,.T.);
#427=EDGE_CURVE('',#354,#371,#492,.T.);
#428=EDGE_CURVE('',#372,#353,#493,.T.);
#429=EDGE_CURVE('',#373,#372,#187,.T.);
#430=EDGE_CURVE('',#348,#373,#494,.T.);
#431=EDGE_CURVE('',#374,#350,#495,.T.);
#432=EDGE_CURVE('',#369,#374,#188,.T.);
#433=EDGE_CURVE('',#375,#376,#496,.T.);
#434=EDGE_CURVE('',#377,#375,#497,.T.);
#435=EDGE_CURVE('',#378,#377,#498,.T.);
#436=EDGE_CURVE('',#376,#378,#499,.T.);
#437=EDGE_CURVE('',#365,#379,#500,.T.);
#438=EDGE_CURVE('',#379,#380,#59,.T.);
#439=EDGE_CURVE('',#381,#380,#189,.T.);
#440=EDGE_CURVE('',#381,#367,#60,.T.);
#441=EDGE_CURVE('',#382,#380,#61,.T.);
#442=EDGE_CURVE('',#382,#383,#190,.T.);
#443=EDGE_CURVE('',#381,#383,#62,.T.);
#444=EDGE_CURVE('',#379,#384,#63,.T.);
#445=EDGE_CURVE('',#382,#384,#64,.T.);
#446=EDGE_CURVE('',#385,#366,#65,.T.);
#447=EDGE_CURVE('',#386,#385,#66,.T.);
#448=EDGE_CURVE('',#384,#386,#501,.T.);
#449=EDGE_CURVE('',#385,#368,#67,.T.);
#450=EDGE_CURVE('',#386,#383,#68,.T.);
#451=EDGE_CURVE('',#375,#387,#502,.T.);
#452=EDGE_CURVE('',#387,#388,#503,.T.);
#453=EDGE_CURVE('',#377,#388,#504,.T.);
#454=EDGE_CURVE('',#376,#389,#505,.T.);
#455=EDGE_CURVE('',#389,#387,#506,.T.);
#456=EDGE_CURVE('',#378,#390,#507,.T.);
#457=EDGE_CURVE('',#390,#389,#508,.T.);
#458=EDGE_CURVE('',#388,#390,#509,.T.);
#459=EDGE_CURVE('',#391,#392,#510,.T.);
#460=EDGE_CURVE('',#393,#391,#511,.T.);
#461=EDGE_CURVE('',#394,#393,#512,.T.);
#462=EDGE_CURVE('',#392,#394,#513,.T.);
#463=EDGE_CURVE('',#392,#395,#514,.T.);
#464=EDGE_CURVE('',#395,#396,#515,.T.);
#465=EDGE_CURVE('',#391,#396,#516,.T.);
#466=EDGE_CURVE('',#394,#397,#517,.T.);
#467=EDGE_CURVE('',#397,#395,#518,.T.);
#468=EDGE_CURVE('',#393,#398,#519,.T.);
#469=EDGE_CURVE('',#398,#397,#520,.T.);
#470=EDGE_CURVE('',#396,#398,#521,.T.);
#471=EDGE_CURVE('',#369,#361,#522,.T.);
#472=EDGE_CURVE('',#374,#362,#523,.T.);
#473=EDGE_CURVE('',#370,#360,#524,.T.);
#474=EDGE_CURVE('',#371,#359,#525,.T.);
#475=EDGE_CURVE('',#372,#364,#526,.T.);
#476=EDGE_CURVE('',#373,#363,#527,.T.);
#477=LINE('',#763,#528);
#478=LINE('',#768,#529);
#479=LINE('',#775,#530);
#480=LINE('',#779,#531);
#481=LINE('',#784,#532);
#482=LINE('',#788,#533);
#483=LINE('',#793,#534);
#484=LINE('',#794,#535);
#485=LINE('',#798,#536);
#486=LINE('',#799,#537);
#487=LINE('',#803,#538);
#488=LINE('',#804,#539);
#489=LINE('',#805,#540);
#490=LINE('',#820,#541);
#491=LINE('',#822,#542);
#492=LINE('',#826,#543);
#493=LINE('',#827,#544);
#494=LINE('',#831,#545);
#495=LINE('',#832,#546);
#496=LINE('',#835,#547);
#497=LINE('',#838,#548);
#498=LINE('',#840,#549);
#499=LINE('',#842,#550);
#500=LINE('',#844,#551);
#501=LINE('',#1183,#552);
#502=LINE('',#1542,#553);
#503=LINE('',#1544,#554);
#504=LINE('',#1546,#555);
#505=LINE('',#1548,#556);
#506=LINE('',#1550,#557);
#507=LINE('',#1552,#558);
#508=LINE('',#1554,#559);
#509=LINE('',#1556,#560);
#510=LINE('',#1558,#561);
#511=LINE('',#1561,#562);
#512=LINE('',#1563,#563);
#513=LINE('',#1565,#564);
#514=LINE('',#1567,#565);
#515=LINE('',#1569,#566);
#516=LINE('',#1571,#567);
#517=LINE('',#1573,#568);
#518=LINE('',#1575,#569);
#519=LINE('',#1577,#570);
#520=LINE('',#1579,#571);
#521=LINE('',#1581,#572);
#522=LINE('',#1584,#573);
#523=LINE('',#1586,#574);
#524=LINE('',#1589,#575);
#525=LINE('',#1591,#576);
#526=LINE('',#1594,#577);
#527=LINE('',#1595,#578);
#528=VECTOR('',#625,1.);
#529=VECTOR('',#628,1.);
#530=VECTOR('',#635,1.);
#531=VECTOR('',#638,1.);
#532=VECTOR('',#643,1.);
#533=VECTOR('',#646,1.);
#534=VECTOR('',#651,1.);
#535=VECTOR('',#652,1.);
#536=VECTOR('',#655,1.);
#537=VECTOR('',#656,1.);
#538=VECTOR('',#659,1.);
#539=VECTOR('',#660,1.);
#540=VECTOR('',#661,1.);
#541=VECTOR('',#666,1.);
#542=VECTOR('',#667,1.);
#543=VECTOR('',#670,1.);
#544=VECTOR('',#671,1.);
#545=VECTOR('',#674,1.);
#546=VECTOR('',#675,1.);
#547=VECTOR('',#678,1.);
#548=VECTOR('',#679,1.);
#549=VECTOR('',#680,1.);
#550=VECTOR('',#681,1.);
#551=VECTOR('',#684,1.);
#552=VECTOR('',#693,1.);
#553=VECTOR('',#698,1.);
#554=VECTOR('',#699,1.);
#555=VECTOR('',#700,1.);
#556=VECTOR('',#703,1.);
#557=VECTOR('',#704,1.);
#558=VECTOR('',#707,1.);
#559=VECTOR('',#708,1.);
#560=VECTOR('',#711,1.);
#561=VECTOR('',#714,1.);
#562=VECTOR('',#715,1.);
#563=VECTOR('',#716,1.);
#564=VECTOR('',#717,1.);
#565=VECTOR('',#720,1.);
#566=VECTOR('',#721,1.);
#567=VECTOR('',#722,1.);
#568=VECTOR('',#725,1.);
#569=VECTOR('',#726,1.);
#570=VECTOR('',#729,1.);
#571=VECTOR('',#730,1.);
#572=VECTOR('',#733,1.);
#573=VECTOR('',#738,1.);
#574=VECTOR('',#741,1.);
#575=VECTOR('',#746,1.);
#576=VECTOR('',#749,1.);
#577=VECTOR('',#754,1.);
#578=VECTOR('',#755,1.);
#579=AXIS2_PLACEMENT_3D('',#762,#623,#624);
#580=AXIS2_PLACEMENT_3D('',#766,#626,#627);
#581=AXIS2_PLACEMENT_3D('',#770,#629,#630);
#582=AXIS2_PLACEMENT_3D('',#771,#631,#632);
#583=AXIS2_PLACEMENT_3D('',#772,#633,#634);
#584=AXIS2_PLACEMENT_3D('',#777,#636,#637);
#585=AXIS2_PLACEMENT_3D('',#780,#639,#640);
#586=AXIS2_PLACEMENT_3D('',#781,#641,#642);
#587=AXIS2_PLACEMENT_3D('',#786,#644,#645);
#588=AXIS2_PLACEMENT_3D('',#789,#647,#648);
#589=AXIS2_PLACEMENT_3D('',#790,#649,#650);
#590=AXIS2_PLACEMENT_3D('',#796,#653,#654);
#591=AXIS2_PLACEMENT_3D('',#801,#657,#658);
#592=AXIS2_PLACEMENT_3D('',#808,#662,#663);
#593=AXIS2_PLACEMENT_3D('',#819,#664,#665);
#594=AXIS2_PLACEMENT_3D('',#824,#668,#669);
#595=AXIS2_PLACEMENT_3D('',#829,#672,#673);
#596=AXIS2_PLACEMENT_3D('',#834,#676,#677);
#597=AXIS2_PLACEMENT_3D('',#843,#682,#683);
#598=AXIS2_PLACEMENT_3D('',#903,#685,#686);
#599=AXIS2_PLACEMENT_3D('',#971,#687,#688);
#600=AXIS2_PLACEMENT_3D('',#981,#689,#690);
#601=AXIS2_PLACEMENT_3D('',#991,#691,#692);
#602=AXIS2_PLACEMENT_3D('',#1184,#694,#695);
#603=AXIS2_PLACEMENT_3D('',#1541,#696,#697);
#604=AXIS2_PLACEMENT_3D('',#1547,#701,#702);
#605=AXIS2_PLACEMENT_3D('',#1551,#705,#706);
#606=AXIS2_PLACEMENT_3D('',#1555,#709,#710);
#607=AXIS2_PLACEMENT_3D('',#1557,#712,#713);
#608=AXIS2_PLACEMENT_3D('',#1566,#718,#719);
#609=AXIS2_PLACEMENT_3D('',#1572,#723,#724);
#610=AXIS2_PLACEMENT_3D('',#1576,#727,#728);
#611=AXIS2_PLACEMENT_3D('',#1580,#731,#732);
#612=AXIS2_PLACEMENT_3D('',#1582,#734,#735);
#613=AXIS2_PLACEMENT_3D('',#1583,#736,#737);
#614=AXIS2_PLACEMENT_3D('',#1585,#739,#740);
#615=AXIS2_PLACEMENT_3D('',#1587,#742,#743);
#616=AXIS2_PLACEMENT_3D('',#1588,#744,#745);
#617=AXIS2_PLACEMENT_3D('',#1590,#747,#748);
#618=AXIS2_PLACEMENT_3D('',#1592,#750,#751);
#619=AXIS2_PLACEMENT_3D('',#1593,#752,#753);
#620=AXIS2_PLACEMENT_3D('',#1596,#756,#757);
#621=AXIS2_PLACEMENT_3D('',#1597,#758,#759);
#622=AXIS2_PLACEMENT_3D('',#1598,#760,#761);
#623=DIRECTION('',(0.,0.,1.));
#624=DIRECTION('',(1.,0.,0.));
#625=DIRECTION('',(0.,0.,-1.));
#626=DIRECTION('',(0.,0.,1.));
#627=DIRECTION('',(1.,0.,0.));
#628=DIRECTION('',(0.,0.,-1.));
#629=DIRECTION('',(0.,0.,1.));
#630=DIRECTION('',(1.,0.,0.));
#631=DIRECTION('',(0.,0.,-1.));
#632=DIRECTION('',(-1.,0.,0.));
#633=DIRECTION('',(0.,0.,1.));
#634=DIRECTION('',(1.,0.,0.));
#635=DIRECTION('',(0.,0.,-1.));
#636=DIRECTION('',(0.,0.,1.));
#637=DIRECTION('',(1.,0.,0.));
#638=DIRECTION('',(0.,0.,-1.));
#639=DIRECTION('',(0.,0.,-1.));
#640=DIRECTION('',(-1.,0.,0.));
#641=DIRECTION('',(0.,0.,1.));
#642=DIRECTION('',(1.,0.,0.));
#643=DIRECTION('',(0.,0.,-1.));
#644=DIRECTION('',(0.,0.,1.));
#645=DIRECTION('',(1.,0.,0.));
#646=DIRECTION('',(0.,0.,-1.));
#647=DIRECTION('',(0.,0.,-1.));
#648=DIRECTION('',(-1.,0.,0.));
#649=DIRECTION('',(0.,0.,1.));
#650=DIRECTION('',(-0.499999999999999,-0.866025403784439,0.));
#651=DIRECTION('',(-0.541534746691258,0.840678367823293,0.));
#652=DIRECTION('',(0.837135944011964,0.546994891423309,0.));
#653=DIRECTION('',(0.,0.,1.));
#654=DIRECTION('',(1.,0.,0.));
#655=DIRECTION('',(-0.457281449601382,-0.889322031578246,0.));
#656=DIRECTION('',(-0.89227944371888,0.451483548223772,0.));
#657=DIRECTION('',(0.,0.,1.));
#658=DIRECTION('',(-0.500000000000002,0.866025403784437,0.));
#659=DIRECTION('',(0.998816196292639,0.0486436637549555,0.));
#660=DIRECTION('',(0.055143499706916,-0.998478439647083,0.));
#661=DIRECTION('',(0.884737199310978,0.466090214610183,0.));
#662=DIRECTION('',(0.,0.,1.));
#663=DIRECTION('',(1.,0.,0.));
#664=DIRECTION('',(0.,0.,1.));
#665=DIRECTION('',(1.,0.,0.));
#666=DIRECTION('',(0.837135944011964,0.546994891423309,0.));
#667=DIRECTION('',(-0.541534746691258,0.840678367823293,0.));
#668=DIRECTION('',(0.,0.,1.));
#669=DIRECTION('',(-0.499999999999999,-0.866025403784439,0.));
#670=DIRECTION('',(0.055143499706916,-0.998478439647083,0.));
#671=DIRECTION('',(0.998816196292639,0.0486436637549555,0.));
#672=DIRECTION('',(0.,0.,1.));
#673=DIRECTION('',(-0.500000000000002,0.866025403784437,0.));
#674=DIRECTION('',(-0.89227944371888,0.451483548223772,0.));
#675=DIRECTION('',(-0.457281449601382,-0.889322031578246,0.));
#676=DIRECTION('',(0.,0.,1.));
#677=DIRECTION('',(1.,0.,0.));
#678=DIRECTION('',(0.707106781186547,0.707106781186548,0.));
#679=DIRECTION('',(-0.707106781186548,0.707106781186547,0.));
#680=DIRECTION('',(-0.707106781186547,-0.707106781186548,0.));
#681=DIRECTION('',(0.707106781186548,-0.707106781186547,0.));
#682=DIRECTION('',(0.,0.,1.));
#683=DIRECTION('',(1.,0.,0.));
#684=DIRECTION('',(0.,0.,1.));
#685=DIRECTION('',(0.,0.,1.));
#686=DIRECTION('',(1.,0.,0.));
#687=DIRECTION('',(0.,0.,-1.));
#688=DIRECTION('',(-1.,0.,0.));
#689=DIRECTION('',(0.,0.,1.));
#690=DIRECTION('',(1.,0.,0.));
#691=DIRECTION('',(0.,0.,1.));
#692=DIRECTION('',(1.,0.,0.));
#693=DIRECTION('',(0.,0.,-1.));
#694=DIRECTION('',(0.466090214610183,-0.884737199310978,0.));
#695=DIRECTION('',(2.77555756156289E-17,5.55111512312578E-17,1.));
#696=DIRECTION('',(0.,0.,-1.));
#697=DIRECTION('',(-1.,0.,0.));
#698=DIRECTION('',(0.,0.,1.));
#699=DIRECTION('',(0.707106781186548,-0.707106781186547,0.));
#700=DIRECTION('',(0.,0.,1.));
#701=DIRECTION('',(-0.707106781186547,-0.707106781186548,0.));
#702=DIRECTION('',(0.707106781186548,-0.707106781186547,0.));
#703=DIRECTION('',(0.,0.,1.));
#704=DIRECTION('',(-0.707106781186547,-0.707106781186548,0.));
#705=DIRECTION('',(-0.707106781186548,0.707106781186547,0.));
#706=DIRECTION('',(-0.707106781186547,-0.707106781186548,0.));
#707=DIRECTION('',(0.,0.,1.));
#708=DIRECTION('',(-0.707106781186548,0.707106781186547,0.));
#709=DIRECTION('',(0.707106781186547,0.707106781186548,0.));
#710=DIRECTION('',(-0.707106781186548,0.707106781186547,0.));
#711=DIRECTION('',(0.707106781186547,0.707106781186548,0.));
#712=DIRECTION('',(0.707106781186548,-0.707106781186547,0.));
#713=DIRECTION('',(0.707106781186547,0.707106781186548,0.));
#714=DIRECTION('',(-0.707106781186549,0.707106781186546,0.));
#715=DIRECTION('',(-0.707106781186546,-0.707106781186549,0.));
#716=DIRECTION('',(0.707106781186549,-0.707106781186546,0.));
#717=DIRECTION('',(0.707106781186546,0.707106781186549,0.));
#718=DIRECTION('',(0.,0.,-1.));
#719=DIRECTION('',(-1.,0.,0.));
#720=DIRECTION('',(0.,0.,1.));
#721=DIRECTION('',(0.707106781186549,-0.707106781186546,0.));
#722=DIRECTION('',(0.,0.,1.));
#723=DIRECTION('',(-0.707106781186546,-0.707106781186549,0.));
#724=DIRECTION('',(0.707106781186549,-0.707106781186546,0.));
#725=DIRECTION('',(0.,0.,1.));
#726=DIRECTION('',(-0.707106781186546,-0.707106781186549,0.));
#727=DIRECTION('',(-0.707106781186549,0.707106781186546,0.));
#728=DIRECTION('',(-0.707106781186546,-0.707106781186549,0.));
#729=DIRECTION('',(0.,0.,1.));
#730=DIRECTION('',(-0.707106781186549,0.707106781186546,0.));
#731=DIRECTION('',(0.707106781186546,0.707106781186549,0.));
#732=DIRECTION('',(-0.707106781186549,0.707106781186546,0.));
#733=DIRECTION('',(0.707106781186546,0.707106781186549,0.));
#734=DIRECTION('',(0.707106781186549,-0.707106781186546,0.));
#735=DIRECTION('',(0.707106781186546,0.707106781186549,0.));
#736=DIRECTION('',(0.,0.,-1.));
#737=DIRECTION('',(-1.,0.,0.));
#738=DIRECTION('',(0.,0.,1.));
#739=DIRECTION('',(-0.546994891423309,0.837135944011964,0.));
#740=DIRECTION('',(-0.837135944011964,-0.546994891423309,0.));
#741=DIRECTION('',(0.,0.,1.));
#742=DIRECTION('',(0.,0.,-1.));
#743=DIRECTION('',(-1.,0.,0.));
#744=DIRECTION('',(0.889322031578246,-0.457281449601382,0.));
#745=DIRECTION('',(0.457281449601382,0.889322031578246,0.));
#746=DIRECTION('',(0.,0.,1.));
#747=DIRECTION('',(-0.840678367823292,-0.541534746691258,0.));
#748=DIRECTION('',(0.541534746691258,-0.840678367823292,0.));
#749=DIRECTION('',(0.,0.,1.));
#750=DIRECTION('',(0.998478439647083,0.055143499706916,0.));
#751=DIRECTION('',(-0.055143499706916,0.998478439647083,0.));
#752=DIRECTION('',(0.,0.,-1.));
#753=DIRECTION('',(-1.,0.,0.));
#754=DIRECTION('',(0.,0.,1.));
#755=DIRECTION('',(0.,0.,1.));
#756=DIRECTION('',(0.,0.,-1.));
#757=DIRECTION('',(-1.,0.,0.));
#758=DIRECTION('',(-0.0486436637549555,0.998816196292639,0.));
#759=DIRECTION('',(-0.998816196292639,-0.0486436637549555,0.));
#760=DIRECTION('',(-0.451483548223772,-0.89227944371888,0.));
#761=DIRECTION('',(0.89227944371888,-0.451483548223772,0.));
#762=CARTESIAN_POINT('',(0.,0.,0.));
#763=CARTESIAN_POINT('',(20.0762874836691,-10.1583798350461,5.));
#764=CARTESIAN_POINT('',(20.0762874836691,-10.1583798350461,5.));
#765=CARTESIAN_POINT('',(20.0762874836691,-10.1583798350461,0.));
#766=CARTESIAN_POINT('',(0.,0.,5.));
#767=CARTESIAN_POINT('',(-10.2888326160311,-20.0097457105105,5.));
#768=CARTESIAN_POINT('',(-10.2888326160311,-20.0097457105105,5.));
#769=CARTESIAN_POINT('',(-10.2888326160311,-20.0097457105105,0.));
#770=CARTESIAN_POINT('',(0.,0.,0.));
#771=CARTESIAN_POINT('',(0.,0.,5.));
#772=CARTESIAN_POINT('',(0.,0.,5.));
#773=CARTESIAN_POINT('',(22.4733644165844,1.0944824344865,5.));
#774=CARTESIAN_POINT('',(-1.24072874339298,22.4657648920601,5.));
#775=CARTESIAN_POINT('',(22.4733644165844,1.0944824344865,5.));
#776=CARTESIAN_POINT('',(22.4733644165844,1.0944824344865,0.));
#777=CARTESIAN_POINT('',(0.,0.,0.));
#778=CARTESIAN_POINT('',(-1.24072874339298,22.4657648920601,0.));
#779=CARTESIAN_POINT('',(-1.24072874339298,22.4657648920601,5.));
#780=CARTESIAN_POINT('',(0.,0.,5.));
#781=CARTESIAN_POINT('',(0.,0.,5.));
#782=CARTESIAN_POINT('',(-12.1845318005533,18.9152632760241,5.));
#783=CARTESIAN_POINT('',(-18.8355587402692,-12.3073850570245,5.));
#784=CARTESIAN_POINT('',(-12.1845318005533,18.9152632760241,5.));
#785=CARTESIAN_POINT('',(-12.1845318005533,18.9152632760241,0.));
#786=CARTESIAN_POINT('',(0.,0.,0.));
#787=CARTESIAN_POINT('',(-18.8355587402692,-12.3073850570245,0.));
#788=CARTESIAN_POINT('',(-18.8355587402692,-12.3073850570245,5.));
#789=CARTESIAN_POINT('',(0.,0.,5.));
#790=CARTESIAN_POINT('',(0.,0.,5.));
#791=CARTESIAN_POINT('',(-0.965011244871024,17.473372693824,5.));
#792=CARTESIAN_POINT('',(-9.47685806709702,14.7118714369076,5.));
#793=CARTESIAN_POINT('',(-9.47685806709702,14.7118714369076,5.));
#794=CARTESIAN_POINT('',(-18.8355587402692,-12.3073850570245,5.));
#795=CARTESIAN_POINT('',(-14.6498790202094,-9.5724105999079,5.));
#796=CARTESIAN_POINT('',(0.,0.,5.));
#797=CARTESIAN_POINT('',(-8.00242536804652,-15.5631355526078,5.));
#798=CARTESIAN_POINT('',(-8.00242536802418,-15.5631355526193,5.));
#799=CARTESIAN_POINT('',(20.0762874836748,-10.1583798350349,5.));
#800=CARTESIAN_POINT('',(15.6148902650759,-7.90096209392479,5.));
#801=CARTESIAN_POINT('',(0.,0.,5.));
#802=CARTESIAN_POINT('',(17.4792834351224,0.851264115686637,5.));
#803=CARTESIAN_POINT('',(17.4792834351212,0.851264115711728,5.));
#804=CARTESIAN_POINT('',(-1.2407287434056,22.4657648920594,5.));
#805=CARTESIAN_POINT('',(2.02134409301838E-15,-3.83693597428681E-15,5.));
#806=CARTESIAN_POINT('',(10.6168463917535,5.59308257533365,5.));
#807=CARTESIAN_POINT('',(10.7049331226088,5.63948772628768,5.));
#808=CARTESIAN_POINT('',(0.,0.,5.));
#809=CARTESIAN_POINT('',(9.51355647536774,7.31383915536695,5.));
#810=CARTESIAN_POINT('',(8.63955856604211,8.47159069055455,5.));
#811=CARTESIAN_POINT('',(8.95593128162138,8.10143059222718,5.));
#812=CARTESIAN_POINT('',(9.24694589470836,7.71531328988445,5.));
#813=CARTESIAN_POINT('',(9.51355647536774,7.31383915536695,5.));
#814=CARTESIAN_POINT('',(8.63955856604211,8.47159069055455,5.));
#815=CARTESIAN_POINT('',(10.7049331226088,5.63948772628768,5.));
#816=CARTESIAN_POINT('',(10.1540824259931,6.68387539289783,5.));
#817=CARTESIAN_POINT('',(9.46621422266446,7.62833997205678,5.));
#818=CARTESIAN_POINT('',(8.63955856604211,8.47159069055455,5.));
#819=CARTESIAN_POINT('',(0.,0.,5.));
#820=CARTESIAN_POINT('',(-18.8355587402692,-12.3073850570245,0.));
#821=CARTESIAN_POINT('',(-14.6498790202094,-9.57241059990791,0.));
#822=CARTESIAN_POINT('',(-9.47685806709702,14.7118714369076,0.));
#823=CARTESIAN_POINT('',(-9.47685806709702,14.7118714369076,0.));
#824=CARTESIAN_POINT('',(0.,0.,0.));
#825=CARTESIAN_POINT('',(-0.965011244871024,17.4733726938239,0.));
#826=CARTESIAN_POINT('',(-1.2407287434056,22.4657648920594,0.));
#827=CARTESIAN_POINT('',(17.4792834351212,0.851264115711728,0.));
#828=CARTESIAN_POINT('',(17.4792834351224,0.851264115686637,0.));
#829=CARTESIAN_POINT('',(0.,0.,0.));
#830=CARTESIAN_POINT('',(15.6148902650759,-7.90096209392479,0.));
#831=CARTESIAN_POINT('',(20.0762874836748,-10.1583798350349,0.));
#832=CARTESIAN_POINT('',(-8.00242536802418,-15.5631355526193,0.));
#833=CARTESIAN_POINT('',(-8.00242536804652,-15.5631355526078,0.));
#834=CARTESIAN_POINT('',(0.,0.,0.));
#835=CARTESIAN_POINT('',(-8.48528137423857,-7.105427357601E-15,0.));
#836=CARTESIAN_POINT('',(-8.48528137423857,-5.20417042793042E-15,0.));
#837=CARTESIAN_POINT('',(-6.93889390390723E-15,8.48528137423857,0.));
#838=CARTESIAN_POINT('',(7.105427357601E-15,-8.48528137423857,0.));
#839=CARTESIAN_POINT('',(7.105427357601E-15,-8.48528137423857,0.));
#840=CARTESIAN_POINT('',(8.48528137423857,5.32907051820075E-15,0.));
#841=CARTESIAN_POINT('',(8.48528137423857,3.46944695195361E-15,0.));
#842=CARTESIAN_POINT('',(-7.105427357601E-15,8.48528137423857,0.));
#843=CARTESIAN_POINT('',(0.,0.,0.));
#844=CARTESIAN_POINT('',(10.6168463917535,5.59308257533365,15.));
#845=CARTESIAN_POINT('',(10.6168463917535,5.59308257533365,7.544338118971));
#846=CARTESIAN_POINT('',(10.6168463917535,5.59308257533365,7.544338118971));
#847=CARTESIAN_POINT('',(8.77993149641025,9.07993316548784,7.70226629405408));
#848=CARTESIAN_POINT('',(5.21560395850567,11.4959458276778,7.85537505525675));
#849=CARTESIAN_POINT('',(-2.57499603154544,12.3583449766709,8.16508236934046));
#850=CARTESIAN_POINT('',(-6.60839390930429,10.7498483688035,8.31963361402065));
#851=CARTESIAN_POINT('',(-10.4027027699087,6.29216199605318,8.55429221613043));
#852=CARTESIAN_POINT('',(-11.3003353501913,4.48422905852154,8.63185878416281));
#853=CARTESIAN_POINT('',(-12.138866056924,0.67366173123389,8.78735926189418));
#854=CARTESIAN_POINT('',(-12.0831909104319,-1.33523196063961,8.86527085068716));
#855=CARTESIAN_POINT('',(-11.0421049258036,-5.08510233664986,9.01917485824282));
#856=CARTESIAN_POINT('',(-10.0525488479096,-6.83985629915433,9.09749745001612));
#857=CARTESIAN_POINT('',(-7.35552777589296,-9.6816105928072,9.25276185850884));
#858=CARTESIAN_POINT('',(-5.66129810268946,-10.7575547555167,9.33023888839079));
#859=CARTESIAN_POINT('',(-1.97736420765241,-11.9943866585895,9.48595068371941));
#860=CARTESIAN_POINT('',(0.017926845539614,-12.1605779471149,9.56277603758739));
#861=CARTESIAN_POINT('',(3.90448861804969,-11.5167246216609,9.72001715417368));
#862=CARTESIAN_POINT('',(5.73899613687789,-10.7162817118281,9.79747489415648));
#863=CARTESIAN_POINT('',(8.82723091941178,-8.35791628827076,9.95119523921184));
#864=CARTESIAN_POINT('',(10.083961322615,-6.79381933158781,10.0292998101641));
#865=CARTESIAN_POINT('',(11.7216409159465,-3.23193305992875,10.1844753379328));
#866=CARTESIAN_POINT('',(12.0919233255465,-1.25283331710757,10.2621991473988));
#867=CARTESIAN_POINT('',(11.8684543183435,2.63134815726549,10.4180660791083));
#868=CARTESIAN_POINT('',(11.2738196052779,4.55085755111744,10.4952136775942));
#869=CARTESIAN_POINT('',(9.2505244944796,7.88904997575395,10.6511189728099));
#870=CARTESIAN_POINT('',(7.81764870016336,9.3106756616615,10.7291757728738));
#871=CARTESIAN_POINT('',(4.46642703635382,11.3073136511175,10.8836763942224));
#872=CARTESIAN_POINT('',(2.5424026628328,11.8879601909876,10.9618827218242));
#873=CARTESIAN_POINT('',(-1.34500329780594,12.0821510887498,11.1157802420818));
#874=CARTESIAN_POINT('',(-3.32270803863012,11.6959181155025,11.1936926719992));
#875=CARTESIAN_POINT('',(-8.64158918818987,9.20122238612105,11.4288469315184));
#876=CARTESIAN_POINT('',(-11.2394110060097,5.76051075421069,11.5821968712543));
#877=CARTESIAN_POINT('',(-12.4671834024885,-2.01920328845454,11.8943182916348));
#878=CARTESIAN_POINT('',(-11.0591616622479,-6.08879933139392,12.0469027883838));
#879=CARTESIAN_POINT('',(-5.32935773217604,-11.4444956259423,12.3605590248346));
#880=CARTESIAN_POINT('',(-1.13908127777472,-12.567704362618,12.5151033690564));
#881=CARTESIAN_POINT('',(4.57103693746347,-11.2657354883147,12.7475331118624));
#882=CARTESIAN_POINT('',(6.37171171744426,-10.3539378528023,12.8260282994697));
#883=CARTESIAN_POINT('',(9.32239870821643,-7.80356467231189,12.9800782044478));
#884=CARTESIAN_POINT('',(10.4801643261065,-6.16072638485204,13.0579319006896));
#885=CARTESIAN_POINT('',(11.8901581578456,-2.53229794309904,13.2133816931802));
#886=CARTESIAN_POINT('',(12.1469463265813,-0.533163523147282,13.290767584221));
#887=CARTESIAN_POINT('',(11.6865775942034,3.35506669649438,13.4475740690248));
#888=CARTESIAN_POINT('',(10.9730442453378,5.23149259530669,13.5249232162957));
#889=CARTESIAN_POINT('',(8.7611909421271,8.4272028610019,13.6792690812112));
#890=CARTESIAN_POINT('',(7.26010344421019,9.75524696100283,13.7571894885566));
#891=CARTESIAN_POINT('',(3.76344209134659,11.5633234373111,13.9126927978222));
#892=CARTESIAN_POINT('',(1.81385721278418,12.0201544473717,13.9902493364226));
#893=CARTESIAN_POINT('',(-2.07137451878307,11.9784639470166,14.1451637292726));
#894=CARTESIAN_POINT('',(-4.01373075400442,11.4776795744987,14.2222882443577));
#895=CARTESIAN_POINT('',(-7.45930158367735,9.60239464218449,14.3794257707443));
#896=CARTESIAN_POINT('',(-8.93897079396516,8.23876646691314,14.4568524186562));
#897=CARTESIAN_POINT('',(-11.0835734859126,4.99368306303769,14.6115551522156));
#898=CARTESIAN_POINT('',(-11.7559071163792,3.10027598755614,14.6896014689652));
#899=CARTESIAN_POINT('',(-12.1323438961045,-0.786952930364899,14.8438545482112));
#900=CARTESIAN_POINT('',(-11.8412546597056,-2.76909261872924,14.9215862410566));
#901=CARTESIAN_POINT('',(-11.0875353178673,-4.58983230365079,14.9999999999995));
#902=CARTESIAN_POINT('',(-11.0875353178548,-4.58983230367766,15.));
#903=CARTESIAN_POINT('',(0.,0.,15.));
#904=CARTESIAN_POINT('',(-11.0873978767617,4.59016430239369,15.));
#905=CARTESIAN_POINT('',(-11.0873978767617,4.59016430239369,15.));
#906=CARTESIAN_POINT('',(-10.0763979994795,7.03220279041483,14.8948092490631));
#907=CARTESIAN_POINT('',(-8.28464210935804,9.07215394550297,14.7914626336016));
#908=CARTESIAN_POINT('',(-3.72295025427308,11.7080704428724,14.5829948543267));
#909=CARTESIAN_POINT('',(-1.04371124162673,12.2396804727937,14.4799078894556));
#910=CARTESIAN_POINT('',(4.16490732335067,11.5564985276633,14.2696753334293));
#911=CARTESIAN_POINT('',(6.62691141201881,10.3416513587692,14.1669401767022));
#912=CARTESIAN_POINT('',(10.3345008318705,6.63805696308381,13.9584195548448));
#913=CARTESIAN_POINT('',(11.5536994334501,4.16539847861532,13.8532706320749));
#914=CARTESIAN_POINT('',(12.2392382532362,-1.01958916465102,13.6463908365051));
#915=CARTESIAN_POINT('',(11.6997590608992,-3.73264795262446,13.5417570290845));
#916=CARTESIAN_POINT('',(9.09121675151417,-8.25631884064027,13.3328519779313));
#917=CARTESIAN_POINT('',(7.00653815257198,-10.0851507434216,13.2289007992248));
#918=CARTESIAN_POINT('',(2.18847519798601,-12.0835598524931,13.0213522123564));
#919=CARTESIAN_POINT('',(-0.583355663408258,-12.2658971540405,12.915376214384));
#920=CARTESIAN_POINT('',(-5.61879592358954,-10.9188675783061,12.7091237087447));
#921=CARTESIAN_POINT('',(-7.93100779767642,-9.37485019436339,12.6039902632019));
#922=CARTESIAN_POINT('',(-11.1046454726154,-5.24171248554156,12.3954487503632));
#923=CARTESIAN_POINT('',(-11.9993525617148,-2.60894141309604,12.2912386291663));
#924=CARTESIAN_POINT('',(-12.0006466984813,2.60298213891841,12.0838434381731));
#925=CARTESIAN_POINT('',(-11.1085258691467,5.23448635832882,11.9777912198723));
#926=CARTESIAN_POINT('',(-7.93453319083866,9.37242644487065,11.7715119534839));
#927=CARTESIAN_POINT('',(-5.62834710651978,10.9148776984168,11.6665251986241));
#928=CARTESIAN_POINT('',(-0.586100790873854,12.2665941559099,11.4576898063419));
#929=CARTESIAN_POINT('',(2.17614554135698,12.0870666637497,11.3539580403097));
#930=CARTESIAN_POINT('',(7.00629215860273,10.0868558103801,11.1459225264636));
#931=CARTESIAN_POINT('',(9.08206692277041,8.26890753630778,11.04072551222));
#932=CARTESIAN_POINT('',(11.7014177643938,3.73304081638778,10.8334740687991));
#933=CARTESIAN_POINT('',(12.2398209880327,1.0379502195852,10.7296777297613));
#934=CARTESIAN_POINT('',(11.5552993229014,-4.16720722253843,10.5195801309997));
#935=CARTESIAN_POINT('',(10.3482079689321,-6.62145439758872,10.4172841612312));
#936=CARTESIAN_POINT('',(6.62645662186016,-10.345005516974,10.2077916311547));
#937=CARTESIAN_POINT('',(4.18927853373962,-11.5509338556876,10.1042204411576));
#938=CARTESIAN_POINT('',(-1.04696946300586,-12.24246635753,9.8953013705415));
#939=CARTESIAN_POINT('',(-3.70996621329145,-11.7126279130157,9.79280075630805));
#940=CARTESIAN_POINT('',(-8.27756321152767,-9.07917668137819,9.58187462782352));
#941=CARTESIAN_POINT('',(-10.0756153964406,-7.02781087541293,9.47982311263242));
#942=CARTESIAN_POINT('',(-12.090795118194,-2.17274589573196,9.2706687006785));
#943=CARTESIAN_POINT('',(-12.2701081791518,0.563634368442484,9.16617575557677));
#944=CARTESIAN_POINT('',(-10.9170856108051,5.62942982865311,8.95869637382695));
#945=CARTESIAN_POINT('',(-9.38720670651368,7.91988419507238,8.8546569462271));
#946=CARTESIAN_POINT('',(-5.23878294505626,11.1085268451204,8.64525781252118));
#947=CARTESIAN_POINT('',(-2.62153952905153,11.9978825968579,8.5417287732184));
#948=CARTESIAN_POINT('',(2.60211889890922,12.0021095456718,8.33388892562247));
#949=CARTESIAN_POINT('',(5.22705106411689,11.112290898111,8.22811907160148));
#950=CARTESIAN_POINT('',(9.36864795837538,7.93936441178736,8.02174300093031));
#951=CARTESIAN_POINT('',(10.9125548734401,5.63117772573626,7.91666263622367));
#952=CARTESIAN_POINT('',(12.2653162104034,0.596686436486152,7.70810808574121));
#953=CARTESIAN_POINT('',(12.0850265713514,-2.17744975341498,7.60386865402044));
#954=CARTESIAN_POINT('',(10.0937707910446,-6.99320712382885,7.39651923426238));
#955=CARTESIAN_POINT('',(8.26157793461668,-9.08495627262061,7.29042016434312));
#956=CARTESIAN_POINT('',(3.74963793140277,-11.693173898842,7.08420292569754));
#957=CARTESIAN_POINT('',(1.02407252528391,-12.2371475181653,6.97911533644312));
#958=CARTESIAN_POINT('',(-4.14565717597972,-11.5589805129011,6.77045220284131));
#959=CARTESIAN_POINT('',(-6.63598433548342,-10.333094095464,6.66644686242116));
#960=CARTESIAN_POINT('',(-10.3277574032017,-6.64428692239486,6.45878184399451));
#961=CARTESIAN_POINT('',(-11.554756425642,-4.16116032546256,6.35309772891567));
#962=CARTESIAN_POINT('',(-12.2387738501749,1.01983623900714,6.14638478342843));
#963=CARTESIAN_POINT('',(-11.7024491719026,3.72887443790533,6.04194039418762));
#964=CARTESIAN_POINT('',(-9.08648556968049,8.26363123491218,5.83250517875491));
#965=CARTESIAN_POINT('',(-7.0199464699198,10.079823667574,5.7294764405455));
#966=CARTESIAN_POINT('',(-2.17323729601401,12.0896457046986,5.52069775841817));
#967=CARTESIAN_POINT('',(0.55902349542322,12.2722026061694,5.41637128432571));
#968=CARTESIAN_POINT('',(5.64139447300347,10.9130258166685,5.20819964758128));
#969=CARTESIAN_POINT('',(7.90267207214158,9.4092147057214,5.10577565901484));
#970=CARTESIAN_POINT('',(9.51355647536771,7.313839155367,5.));
#971=CARTESIAN_POINT('',(0.,0.,15.));
#972=CARTESIAN_POINT('',(7.52941528722264,-7.10435144348434,15.));
#973=CARTESIAN_POINT('',(6.35558147984873,-8.56688302488826,15.));
#974=CARTESIAN_POINT('',(4.79703742206077,-9.68229937017584,15.));
#975=CARTESIAN_POINT('',(1.33080423594949,-11.0030483140189,15.));
#976=CARTESIAN_POINT('',(-0.588383034331304,-11.2077590577349,15.));
#977=CARTESIAN_POINT('',(-6.11722073357173,-10.4008466851558,15.));
#978=CARTESIAN_POINT('',(-9.42055160227163,-7.94347179875899,15.));
#979=CARTESIAN_POINT('',(-11.0875353178548,-4.58983230367766,15.));
#980=CARTESIAN_POINT('',(7.52941528722264,-7.10435144348434,15.));
#981=CARTESIAN_POINT('',(0.,0.,15.));
#982=CARTESIAN_POINT('',(7.52941528722263,7.10435144348434,15.));
#983=CARTESIAN_POINT('',(-11.0873978767617,4.59016430239369,15.));
#984=CARTESIAN_POINT('',(-10.2624850342446,6.24955012107073,15.));
#985=CARTESIAN_POINT('',(-9.03888085933285,7.72206658851371,15.));
#986=CARTESIAN_POINT('',(-6.05069598718147,9.92723219167203,15.));
#987=CARTESIAN_POINT('',(-4.27770739457762,10.6689566600501,15.));
#988=CARTESIAN_POINT('',(1.25505262285771,11.4775203993118,15.));
#989=CARTESIAN_POINT('',(5.17525343782434,10.0375060611589,15.));
#990=CARTESIAN_POINT('',(7.52941528722264,7.10435144348435,15.));
#991=CARTESIAN_POINT('',(0.,0.,15.));
#992=CARTESIAN_POINT('',(10.7049331226088,5.63948772628768,7.60182268762597));
#993=CARTESIAN_POINT('',(8.78022658251927,4.62552913493354,6.34577737671353));
#994=CARTESIAN_POINT('',(9.15879948726725,4.82496590164461,6.592830479066));
#995=CARTESIAN_POINT('',(7.52941528722264,-7.10435144348435,15.));
#996=CARTESIAN_POINT('',(6.22276980123417,-8.48917545950414,14.9118351334034));
#997=CARTESIAN_POINT('',(4.52460278999945,-9.50068934323772,14.8241505159124));
#998=CARTESIAN_POINT('',(0.875909938210152,-10.4865585481666,14.6506834915214));
#999=CARTESIAN_POINT('',(-1.09905969936737,-10.4683086320719,14.5629002126615));
#1000=CARTESIAN_POINT('',(-4.75389341841241,-9.39116154719205,14.3861400750019));
#1001=CARTESIAN_POINT('',(-6.41179113888089,-8.34563672116325,14.2988762617678));
#1002=CARTESIAN_POINT('',(-8.95396635678474,-5.53056998616118,14.1248828769614));
#1003=CARTESIAN_POINT('',(-9.83209179910781,-3.7510989832463,14.0365665672739));
#1004=CARTESIAN_POINT('',(-10.5232947116081,-0.0322667140347276,13.86191224842));
#1005=CARTESIAN_POINT('',(-10.3513665127842,1.91927912228348,13.7749234182972));
#1006=CARTESIAN_POINT('',(-8.97887080189404,5.49675360136482,13.5975565171277));
#1007=CARTESIAN_POINT('',(-7.80242725072277,7.06151833946375,13.510698026903));
#1008=CARTESIAN_POINT('',(-4.80053638466664,9.36470836069634,13.3370733513364));
#1009=CARTESIAN_POINT('',(-2.95685165788293,10.1001837105915,13.248818329162));
#1010=CARTESIAN_POINT('',(0.813709022530914,10.4925955006888,13.0728944105033));
#1011=CARTESIAN_POINT('',(2.74538247843906,10.1618303420705,12.9857153095896));
#1012=CARTESIAN_POINT('',(6.18595681957057,8.51668122453536,12.8107743657567));
#1013=CARTESIAN_POINT('',(7.6644320439661,7.21053330070901,12.7229636462243));
#1014=CARTESIAN_POINT('',(9.7177895267695,4.03731046002372,12.5484709051643));
#1015=CARTESIAN_POINT('',(10.303919359239,2.14766856070443,12.4605081742538));
#1016=CARTESIAN_POINT('',(10.3942458234604,-1.65616670954744,12.2844149267113));
#1017=CARTESIAN_POINT('',(9.90615257736709,-3.55476325792423,12.1974774232429));
#1018=CARTESIAN_POINT('',(8.00005700293853,-6.83866132044122,12.0231666921418));
#1019=CARTESIAN_POINT('',(6.57447391514627,-8.21670079543571,11.9350237075367));
#1020=CARTESIAN_POINT('',(3.24587034268253,-10.0101051413632,11.7595970520151));
#1021=CARTESIAN_POINT('',(1.32939707875866,-10.4428723112894,11.6721293162386));
#1022=CARTESIAN_POINT('',(-2.4892404440017,-10.228614799417,11.4967348878828));
#1023=CARTESIAN_POINT('',(-4.33983887512457,-9.58712296370868,11.4096171797558));
#1024=CARTESIAN_POINT('',(-7.45172045018548,-7.43094815724079,11.2347454210467));
#1025=CARTESIAN_POINT('',(-8.71499203826128,-5.89912556825194,11.1464817326528));
#1026=CARTESIAN_POINT('',(-10.2390777333361,-2.43147195494032,10.9712404527191));
#1027=CARTESIAN_POINT('',(-10.5152203764125,-0.491836011927161,10.8842920829931));
#1028=CARTESIAN_POINT('',(-9.99842295668389,3.29291673238277,10.7089587339133));
#1029=CARTESIAN_POINT('',(-9.20731383507989,5.09527327790307,10.6214940604578));
#1030=CARTESIAN_POINT('',(-6.81261982640812,8.02026489182232,10.4460470515792));
#1031=CARTESIAN_POINT('',(-5.18964129577147,9.15651642021826,10.3578806800193));
#1032=CARTESIAN_POINT('',(-1.59962923494862,10.4026610077999,10.1836026205931));
#1033=CARTESIAN_POINT('',(0.35730952303593,10.5189793116142,10.0963630427562));
#1034=CARTESIAN_POINT('',(4.07076492655098,9.70595017327936,9.92079980060009));
#1035=CARTESIAN_POINT('',(5.81603347316725,8.7698233510814,9.83272246680385));
#1036=CARTESIAN_POINT('',(8.53979655623963,6.14881466204766,9.65787181799459));
#1037=CARTESIAN_POINT('',(9.53903815675389,4.45140427554063,9.57049936787624));
#1038=CARTESIAN_POINT('',(10.4993589941352,0.756114867317957,9.39516861619123));
#1039=CARTESIAN_POINT('',(10.4549359656432,-1.20276593730743,9.30813433441844));
#1040=CARTESIAN_POINT('',(9.3515197694027,-4.82715340010217,9.13233477432504));
#1041=CARTESIAN_POINT('',(8.27821376379301,-6.49746747571196,9.04391007554487));
#1042=CARTESIAN_POINT('',(5.44373531661003,-9.0062007816659,8.87035985079679));
#1043=CARTESIAN_POINT('',(3.68238381107964,-9.86228270458786,8.78326115350708));
#1044=CARTESIAN_POINT('',(-0.0860180815471902,-10.5269735236183,8.60643927418124));
#1045=CARTESIAN_POINT('',(-2.03867654441387,-10.3238772115952,8.51922293992873));
#1046=CARTESIAN_POINT('',(-5.55644413161945,-8.93669801129191,8.3443665236594));
#1047=CARTESIAN_POINT('',(-7.13532414348447,-7.73647837800852,8.25628875034092));
#1048=CARTESIAN_POINT('',(-9.41576735447788,-4.70204992022993,8.0820053570951));
#1049=CARTESIAN_POINT('',(-10.1253184196574,-2.87470681152118,7.99492673832667));
#1050=CARTESIAN_POINT('',(-10.4856848112922,0.914563496917643,7.81825066257843));
#1051=CARTESIAN_POINT('',(-10.1271618223614,2.85934133018687,7.73028272806559));
#1052=CARTESIAN_POINT('',(-8.46363865782575,6.25316400621058,7.55697571119915));
#1053=CARTESIAN_POINT('',(-7.14910080234324,7.72573373911402,7.4691176735875));
#1054=CARTESIAN_POINT('',(-3.92872303583654,9.76533355279975,7.29299314147112));
#1055=CARTESIAN_POINT('',(-2.04970924656262,10.322660516334,7.20586746609801));
#1056=CARTESIAN_POINT('',(1.74182299510488,10.3790500906705,7.03056058573856));
#1057=CARTESIAN_POINT('',(3.65924374091044,9.86670009660647,6.94247553983134));
#1058=CARTESIAN_POINT('',(6.91202958670555,7.93509184220785,6.76869794371235));
#1059=CARTESIAN_POINT('',(8.26533901194725,6.5209416888445,6.68178768568765));
#1060=CARTESIAN_POINT('',(9.15879948726725,4.82496590164461,6.59283047906599));
#1061=CARTESIAN_POINT('',(-12.1,0.,17.8703125631218));
#1062=CARTESIAN_POINT('',(-12.1,1.58388629618485,17.8078125631218));
#1063=CARTESIAN_POINT('',(-11.4699002902641,4.75098825929451,17.6828125631218));
#1064=CARTESIAN_POINT('',(-8.77876594114617,8.77876594114617,17.4953125631218));
#1065=CARTESIAN_POINT('',(-4.75098825929451,11.4699002902641,17.3078125631218));
#1066=CARTESIAN_POINT('',(-4.44089209850063E-16,12.4150498548679,17.1203125631218));
#1067=CARTESIAN_POINT('',(4.75098825929451,11.4699002902641,16.9328125631218));
#1068=CARTESIAN_POINT('',(8.77876594114617,8.77876594114617,16.7453125631218));
#1069=CARTESIAN_POINT('',(11.4699002902641,4.75098825929451,16.5578125631218));
#1070=CARTESIAN_POINT('',(12.4150498548679,1.33226762955019E-15,16.3703125631218));
#1071=CARTESIAN_POINT('',(11.4699002902641,-4.75098825929451,16.1828125631218));
#1072=CARTESIAN_POINT('',(8.77876594114617,-8.77876594114617,15.9953125631218));
#1073=CARTESIAN_POINT('',(4.75098825929452,-11.4699002902641,15.8078125631218));
#1074=CARTESIAN_POINT('',(1.77635683940025E-15,-12.4150498548679,15.6203125631218));
#1075=CARTESIAN_POINT('',(-4.75098825929452,-11.4699002902641,15.4328125631218));
#1076=CARTESIAN_POINT('',(-8.77876594114617,-8.77876594114617,15.2453125631218));
#1077=CARTESIAN_POINT('',(-11.4699002902641,-4.75098825929452,15.0578125631218));
#1078=CARTESIAN_POINT('',(-12.4150498548679,-1.77635683940025E-15,14.8703125631218));
#1079=CARTESIAN_POINT('',(-11.4699002902641,4.75098825929452,14.6828125631218));
#1080=CARTESIAN_POINT('',(-8.77876594114617,8.77876594114617,14.4953125631218));
#1081=CARTESIAN_POINT('',(-4.75098825929452,11.4699002902641,14.3078125631218));
#1082=CARTESIAN_POINT('',(-4.44089209850063E-15,12.4150498548679,14.1203125631218));
#1083=CARTESIAN_POINT('',(4.75098825929452,11.4699002902641,13.9328125631218));
#1084=CARTESIAN_POINT('',(8.77876594114616,8.77876594114618,13.7453125631218));
#1085=CARTESIAN_POINT('',(11.4699002902641,4.75098825929452,13.5578125631218));
#1086=CARTESIAN_POINT('',(12.4150498548679,3.99680288865056E-15,13.3703125631218));
#1087=CARTESIAN_POINT('',(11.4699002902642,-4.75098825929451,13.1828125631218));
#1088=CARTESIAN_POINT('',(8.77876594114616,-8.77876594114618,12.9953125631218));
#1089=CARTESIAN_POINT('',(4.75098825929453,-11.4699002902641,12.8078125631218));
#1090=CARTESIAN_POINT('',(5.32907051820075E-15,-12.4150498548679,12.6203125631218));
#1091=CARTESIAN_POINT('',(-4.75098825929452,-11.4699002902641,12.4328125631218));
#1092=CARTESIAN_POINT('',(-8.77876594114615,-8.77876594114619,12.2453125631218));
#1093=CARTESIAN_POINT('',(-11.4699002902641,-4.75098825929452,12.0578125631218));
#1094=CARTESIAN_POINT('',(-12.4150498548679,-6.21724893790088E-15,11.8703125631218));
#1095=CARTESIAN_POINT('',(-11.4699002902642,4.75098825929451,11.6828125631218));
#1096=CARTESIAN_POINT('',(-8.77876594114616,8.77876594114618,11.4953125631218));
#1097=CARTESIAN_POINT('',(-4.75098825929453,11.4699002902641,11.3078125631218));
#1098=CARTESIAN_POINT('',(-6.66133814775094E-15,12.4150498548679,11.1203125631218));
#1099=CARTESIAN_POINT('',(4.75098825929452,11.4699002902641,10.9328125631218));
#1100=CARTESIAN_POINT('',(8.77876594114615,8.77876594114618,10.7453125631218));
#1101=CARTESIAN_POINT('',(11.4699002902641,4.75098825929452,10.5578125631218));
#1102=CARTESIAN_POINT('',(12.4150498548679,-3.5527136788005E-15,10.3703125631218));
#1103=CARTESIAN_POINT('',(11.4699002902642,-4.75098825929447,10.1828125631218));
#1104=CARTESIAN_POINT('',(8.77876594114616,-8.77876594114618,9.99531256312182));
#1105=CARTESIAN_POINT('',(4.75098825929452,-11.4699002902641,9.80781256312182));
#1106=CARTESIAN_POINT('',(4.57411886145565E-14,-12.4150498548679,9.62031256312182));
#1107=CARTESIAN_POINT('',(-4.75098825929453,-11.4699002902641,9.43281256312182));
#1108=CARTESIAN_POINT('',(-8.77876594114615,-8.7787659411462,9.24531256312182));
#1109=CARTESIAN_POINT('',(-11.4699002902642,-4.75098825929448,9.05781256312182));
#1110=CARTESIAN_POINT('',(-12.4150498548679,-8.88178419700125E-15,8.87031256312182));
#1111=CARTESIAN_POINT('',(-11.4699002902642,4.75098825929447,8.68281256312182));
#1112=CARTESIAN_POINT('',(-8.77876594114616,8.77876594114618,8.49531256312182));
#1113=CARTESIAN_POINT('',(-4.75098825929454,11.4699002902641,8.30781256312182));
#1114=CARTESIAN_POINT('',(2.79776202205539E-14,12.4150498548679,8.12031256312182));
#1115=CARTESIAN_POINT('',(4.75098825929451,11.4699002902641,7.93281256312182));
#1116=CARTESIAN_POINT('',(8.46363172380692,8.98932088827877,7.7599826046232));
#1117=CARTESIAN_POINT('',(10.1394721550868,6.71157579671727,7.64965264612459));
#1118=CARTESIAN_POINT('',(10.7049331226088,5.63948772628768,7.60182268762597));
#1119=CARTESIAN_POINT('',(-9.92446570489101,0.,16.6142672522094));
#1120=CARTESIAN_POINT('',(-9.92446570489101,1.29910952288706,16.5517672522094));
#1121=CARTESIAN_POINT('',(-9.40765554291289,3.89677851600894,16.4267672522094));
#1122=CARTESIAN_POINT('',(-7.20037698464219,7.20037698464218,16.2392672522094));
#1123=CARTESIAN_POINT('',(-3.89677851600894,9.40765554291289,16.0517672522094));
#1124=CARTESIAN_POINT('',(-4.44089209850063E-16,10.1828707858801,15.8642672522094));
#1125=CARTESIAN_POINT('',(3.89677851600894,9.40765554291289,15.6767672522094));
#1126=CARTESIAN_POINT('',(7.20037698464219,7.20037698464218,15.4892672522094));
#1127=CARTESIAN_POINT('',(9.40765554291289,3.89677851600894,15.3017672522094));
#1128=CARTESIAN_POINT('',(10.1828707858801,1.33226762955019E-15,15.1142672522094));
#1129=CARTESIAN_POINT('',(9.40765554291289,-3.89677851600894,14.9267672522094));
#1130=CARTESIAN_POINT('',(7.20037698464219,-7.20037698464219,14.7392672522094));
#1131=CARTESIAN_POINT('',(3.89677851600895,-9.40765554291288,14.5517672522094));
#1132=CARTESIAN_POINT('',(1.33226762955019E-15,-10.1828707858801,14.3642672522094));
#1133=CARTESIAN_POINT('',(-3.89677851600895,-9.40765554291289,14.1767672522094));
#1134=CARTESIAN_POINT('',(-7.20037698464218,-7.20037698464218,13.9892672522094));
#1135=CARTESIAN_POINT('',(-9.40765554291288,-3.89677851600895,13.8017672522094));
#1136=CARTESIAN_POINT('',(-10.1828707858801,-1.77635683940025E-15,13.6142672522094));
#1137=CARTESIAN_POINT('',(-9.40765554291289,3.89677851600895,13.4267672522094));
#1138=CARTESIAN_POINT('',(-7.20037698464218,7.20037698464218,13.2392672522094));
#1139=CARTESIAN_POINT('',(-3.89677851600895,9.40765554291288,13.0517672522094));
#1140=CARTESIAN_POINT('',(-3.10862446895044E-15,10.1828707858801,12.8642672522094));
#1141=CARTESIAN_POINT('',(3.89677851600895,9.40765554291289,12.6767672522094));
#1142=CARTESIAN_POINT('',(7.20037698464217,7.20037698464219,12.4892672522094));
#1143=CARTESIAN_POINT('',(9.40765554291288,3.89677851600895,12.3017672522094));
#1144=CARTESIAN_POINT('',(10.1828707858801,3.99680288865056E-15,12.1142672522094));
#1145=CARTESIAN_POINT('',(9.4076555429129,-3.89677851600894,11.9267672522094));
#1146=CARTESIAN_POINT('',(7.20037698464217,-7.20037698464219,11.7392672522094));
#1147=CARTESIAN_POINT('',(3.89677851600896,-9.40765554291288,11.5517672522094));
#1148=CARTESIAN_POINT('',(4.44089209850063E-15,-10.1828707858801,11.3642672522094));
#1149=CARTESIAN_POINT('',(-3.89677851600895,-9.40765554291289,11.1767672522094));
#1150=CARTESIAN_POINT('',(-7.20037698464217,-7.2003769846422,10.9892672522094));
#1151=CARTESIAN_POINT('',(-9.40765554291289,-3.89677851600895,10.8017672522094));
#1152=CARTESIAN_POINT('',(-10.1828707858801,-6.21724893790088E-15,10.6142672522094));
#1153=CARTESIAN_POINT('',(-9.4076555429129,3.89677851600894,10.4267672522094));
#1154=CARTESIAN_POINT('',(-7.20037698464217,7.20037698464219,10.2392672522094));
#1155=CARTESIAN_POINT('',(-3.89677851600896,9.40765554291288,10.0517672522094));
#1156=CARTESIAN_POINT('',(-5.32907051820075E-15,10.1828707858801,9.86426725220938));
#1157=CARTESIAN_POINT('',(3.89677851600895,9.40765554291288,9.67676725220938));
#1158=CARTESIAN_POINT('',(7.20037698464217,7.20037698464219,9.48926725220938));
#1159=CARTESIAN_POINT('',(9.40765554291288,3.89677851600895,9.30176725220938));
#1160=CARTESIAN_POINT('',(10.1828707858801,-3.5527136788005E-15,9.11426725220938));
#1161=CARTESIAN_POINT('',(9.4076555429129,-3.89677851600891,8.92676725220938));
#1162=CARTESIAN_POINT('',(7.20037698464218,-7.20037698464219,8.73926725220938));
#1163=CARTESIAN_POINT('',(3.89677851600895,-9.40765554291288,8.55176725220938));
#1164=CARTESIAN_POINT('',(3.73034936274053E-14,-10.1828707858801,8.36426725220938));
#1165=CARTESIAN_POINT('',(-3.89677851600896,-9.40765554291288,8.17676725220938));
#1166=CARTESIAN_POINT('',(-7.20037698464216,-7.20037698464221,7.98926725220938));
#1167=CARTESIAN_POINT('',(-9.40765554291289,-3.89677851600892,7.80176725220938));
#1168=CARTESIAN_POINT('',(-10.1828707858801,-8.88178419700125E-15,7.61426725220938));
#1169=CARTESIAN_POINT('',(-9.4076555429129,3.89677851600891,7.42676725220938));
#1170=CARTESIAN_POINT('',(-7.20037698464217,7.20037698464219,7.23926725220938));
#1171=CARTESIAN_POINT('',(-3.89677851600897,9.40765554291288,7.05176725220938));
#1172=CARTESIAN_POINT('',(2.39808173319034E-14,10.1828707858801,6.86426725220938));
#1173=CARTESIAN_POINT('',(3.89677851600894,9.40765554291288,6.67676725220938));
#1174=CARTESIAN_POINT('',(6.94190270923548,7.3730749476019,6.50393729371076));
#1175=CARTESIAN_POINT('',(8.31643336106247,5.50485981985926,6.39360733521215));
#1176=CARTESIAN_POINT('',(8.78022658251927,4.62552913493354,6.34577737671353));
#1177=CARTESIAN_POINT('',(10.7049331226088,5.63948772628768,4.86119756138233));
#1178=CARTESIAN_POINT('',(10.7049331226088,5.63948772628768,7.60182268762597));
#1179=CARTESIAN_POINT('',(10.7049331226088,5.63948772628768,4.86119756138233));
#1180=CARTESIAN_POINT('',(8.78022658251927,4.62552913493354,6.11724287229477));
#1181=CARTESIAN_POINT('',(10.7049331226088,5.63948772628768,4.86119756138233));
#1182=CARTESIAN_POINT('',(9.15879948726725,4.82496590164461,5.8701897699423));
#1183=CARTESIAN_POINT('',(9.15879948726725,4.82496590164461,16.5));
#1184=CARTESIAN_POINT('',(10.7049331226088,5.63948772628768,6.23151012450415));
#1185=CARTESIAN_POINT('',(10.7049331226088,5.63948772628768,4.86119756138233));
#1186=CARTESIAN_POINT('',(10.1394721550868,6.71157579671727,4.90902751988095));
#1187=CARTESIAN_POINT('',(8.46363172380692,8.98932088827877,5.01935747837956));
#1188=CARTESIAN_POINT('',(4.75098825929451,11.4699002902641,5.19218743687818));
#1189=CARTESIAN_POINT('',(2.79776202205539E-14,12.4150498548679,5.37968743687818));
#1190=CARTESIAN_POINT('',(-4.75098825929454,11.4699002902641,5.56718743687818));
#1191=CARTESIAN_POINT('',(-8.77876594114616,8.77876594114618,5.75468743687818));
#1192=CARTESIAN_POINT('',(-11.4699002902642,4.75098825929447,5.94218743687818));
#1193=CARTESIAN_POINT('',(-12.4150498548679,-8.88178419700125E-15,6.12968743687818));
#1194=CARTESIAN_POINT('',(-11.4699002902642,-4.75098825929448,6.31718743687818));
#1195=CARTESIAN_POINT('',(-8.77876594114615,-8.7787659411462,6.50468743687818));
#1196=CARTESIAN_POINT('',(-4.75098825929453,-11.4699002902641,6.69218743687818));
#1197=CARTESIAN_POINT('',(4.57411886145565E-14,-12.4150498548679,6.87968743687818));
#1198=CARTESIAN_POINT('',(4.75098825929452,-11.4699002902641,7.06718743687818));
#1199=CARTESIAN_POINT('',(8.77876594114616,-8.77876594114618,7.25468743687818));
#1200=CARTESIAN_POINT('',(11.4699002902642,-4.75098825929447,7.44218743687818));
#1201=CARTESIAN_POINT('',(12.4150498548679,-3.5527136788005E-15,7.62968743687818));
#1202=CARTESIAN_POINT('',(11.4699002902641,4.75098825929452,7.81718743687818));
#1203=CARTESIAN_POINT('',(8.77876594114615,8.77876594114618,8.00468743687818));
#1204=CARTESIAN_POINT('',(4.75098825929452,11.4699002902641,8.19218743687818));
#1205=CARTESIAN_POINT('',(-6.66133814775094E-15,12.4150498548679,8.37968743687818));
#1206=CARTESIAN_POINT('',(-4.75098825929453,11.4699002902641,8.56718743687818));
#1207=CARTESIAN_POINT('',(-8.77876594114616,8.77876594114618,8.75468743687818));
#1208=CARTESIAN_POINT('',(-11.4699002902642,4.75098825929451,8.94218743687818));
#1209=CARTESIAN_POINT('',(-12.4150498548679,-6.21724893790088E-15,9.12968743687818));
#1210=CARTESIAN_POINT('',(-11.4699002902641,-4.75098825929452,9.31718743687818));
#1211=CARTESIAN_POINT('',(-8.77876594114615,-8.77876594114619,9.50468743687818));
#1212=CARTESIAN_POINT('',(-4.75098825929452,-11.4699002902641,9.69218743687818));
#1213=CARTESIAN_POINT('',(5.32907051820075E-15,-12.4150498548679,9.87968743687818));
#1214=CARTESIAN_POINT('',(4.75098825929453,-11.4699002902641,10.0671874368782));
#1215=CARTESIAN_POINT('',(8.77876594114616,-8.77876594114618,10.2546874368782));
#1216=CARTESIAN_POINT('',(11.4699002902642,-4.75098825929451,10.4421874368782));
#1217=CARTESIAN_POINT('',(12.4150498548679,3.99680288865056E-15,10.6296874368782));
#1218=CARTESIAN_POINT('',(11.4699002902641,4.75098825929452,10.8171874368782));
#1219=CARTESIAN_POINT('',(8.77876594114616,8.77876594114618,11.0046874368782));
#1220=CARTESIAN_POINT('',(4.75098825929452,11.4699002902641,11.1921874368782));
#1221=CARTESIAN_POINT('',(-4.44089209850063E-15,12.4150498548679,11.3796874368782));
#1222=CARTESIAN_POINT('',(-4.75098825929452,11.4699002902641,11.5671874368782));
#1223=CARTESIAN_POINT('',(-8.77876594114617,8.77876594114617,11.7546874368782));
#1224=CARTESIAN_POINT('',(-11.4699002902641,4.75098825929452,11.9421874368782));
#1225=CARTESIAN_POINT('',(-12.4150498548679,-1.77635683940025E-15,12.1296874368782));
#1226=CARTESIAN_POINT('',(-11.4699002902641,-4.75098825929452,12.3171874368782));
#1227=CARTESIAN_POINT('',(-8.77876594114617,-8.77876594114617,12.5046874368782));
#1228=CARTESIAN_POINT('',(-4.75098825929452,-11.4699002902641,12.6921874368782));
#1229=CARTESIAN_POINT('',(1.77635683940025E-15,-12.4150498548679,12.8796874368782));
#1230=CARTESIAN_POINT('',(4.75098825929452,-11.4699002902641,13.0671874368782));
#1231=CARTESIAN_POINT('',(8.77876594114617,-8.77876594114617,13.2546874368782));
#1232=CARTESIAN_POINT('',(11.4699002902641,-4.75098825929451,13.4421874368782));
#1233=CARTESIAN_POINT('',(12.4150498548679,1.33226762955019E-15,13.6296874368782));
#1234=CARTESIAN_POINT('',(11.4699002902641,4.75098825929451,13.8171874368782));
#1235=CARTESIAN_POINT('',(8.77876594114617,8.77876594114617,14.0046874368782));
#1236=CARTESIAN_POINT('',(4.75098825929451,11.4699002902641,14.1921874368782));
#1237=CARTESIAN_POINT('',(-4.44089209850063E-16,12.4150498548679,14.3796874368782));
#1238=CARTESIAN_POINT('',(-4.75098825929451,11.4699002902641,14.5671874368782));
#1239=CARTESIAN_POINT('',(-8.77876594114617,8.77876594114617,14.7546874368782));
#1240=CARTESIAN_POINT('',(-11.4699002902641,4.75098825929451,14.9421874368782));
#1241=CARTESIAN_POINT('',(-12.1,1.58388629618485,15.0671874368782));
#1242=CARTESIAN_POINT('',(-12.1,0.,15.1296874368782));
#1243=CARTESIAN_POINT('',(-12.1,0.,15.1296874368782));
#1244=CARTESIAN_POINT('',(-12.1,1.58388629618485,15.0671874368782));
#1245=CARTESIAN_POINT('',(-11.4699002902641,4.75098825929451,14.9421874368782));
#1246=CARTESIAN_POINT('',(-8.77876594114617,8.77876594114617,14.7546874368782));
#1247=CARTESIAN_POINT('',(-4.75098825929451,11.4699002902641,14.5671874368782));
#1248=CARTESIAN_POINT('',(-4.44089209850063E-16,12.4150498548679,14.3796874368782));
#1249=CARTESIAN_POINT('',(4.75098825929451,11.4699002902641,14.1921874368782));
#1250=CARTESIAN_POINT('',(8.77876594114617,8.77876594114617,14.0046874368782));
#1251=CARTESIAN_POINT('',(11.4699002902641,4.75098825929451,13.8171874368782));
#1252=CARTESIAN_POINT('',(12.4150498548679,1.33226762955019E-15,13.6296874368782));
#1253=CARTESIAN_POINT('',(11.4699002902641,-4.75098825929451,13.4421874368782));
#1254=CARTESIAN_POINT('',(8.77876594114617,-8.77876594114617,13.2546874368782));
#1255=CARTESIAN_POINT('',(4.75098825929452,-11.4699002902641,13.0671874368782));
#1256=CARTESIAN_POINT('',(1.77635683940025E-15,-12.4150498548679,12.8796874368782));
#1257=CARTESIAN_POINT('',(-4.75098825929452,-11.4699002902641,12.6921874368782));
#1258=CARTESIAN_POINT('',(-8.77876594114617,-8.77876594114617,12.5046874368782));
#1259=CARTESIAN_POINT('',(-11.4699002902641,-4.75098825929452,12.3171874368782));
#1260=CARTESIAN_POINT('',(-12.4150498548679,-1.77635683940025E-15,12.1296874368782));
#1261=CARTESIAN_POINT('',(-11.4699002902641,4.75098825929452,11.9421874368782));
#1262=CARTESIAN_POINT('',(-8.77876594114617,8.77876594114617,11.7546874368782));
#1263=CARTESIAN_POINT('',(-4.75098825929452,11.4699002902641,11.5671874368782));
#1264=CARTESIAN_POINT('',(-4.44089209850063E-15,12.4150498548679,11.3796874368782));
#1265=CARTESIAN_POINT('',(4.75098825929452,11.4699002902641,11.1921874368782));
#1266=CARTESIAN_POINT('',(8.77876594114616,8.77876594114618,11.0046874368782));
#1267=CARTESIAN_POINT('',(11.4699002902641,4.75098825929452,10.8171874368782));
#1268=CARTESIAN_POINT('',(12.4150498548679,3.99680288865056E-15,10.6296874368782));
#1269=CARTESIAN_POINT('',(11.4699002902642,-4.75098825929451,10.4421874368782));
#1270=CARTESIAN_POINT('',(8.77876594114616,-8.77876594114618,10.2546874368782));
#1271=CARTESIAN_POINT('',(4.75098825929453,-11.4699002902641,10.0671874368782));
#1272=CARTESIAN_POINT('',(5.32907051820075E-15,-12.4150498548679,9.87968743687818));
#1273=CARTESIAN_POINT('',(-4.75098825929452,-11.4699002902641,9.69218743687818));
#1274=CARTESIAN_POINT('',(-8.77876594114615,-8.77876594114619,9.50468743687818));
#1275=CARTESIAN_POINT('',(-11.4699002902641,-4.75098825929452,9.31718743687818));
#1276=CARTESIAN_POINT('',(-12.4150498548679,-6.21724893790088E-15,9.12968743687818));
#1277=CARTESIAN_POINT('',(-11.4699002902642,4.75098825929451,8.94218743687818));
#1278=CARTESIAN_POINT('',(-8.77876594114616,8.77876594114618,8.75468743687818));
#1279=CARTESIAN_POINT('',(-4.75098825929453,11.4699002902641,8.56718743687818));
#1280=CARTESIAN_POINT('',(-6.66133814775094E-15,12.4150498548679,8.37968743687818));
#1281=CARTESIAN_POINT('',(4.75098825929452,11.4699002902641,8.19218743687818));
#1282=CARTESIAN_POINT('',(8.77876594114615,8.77876594114618,8.00468743687818));
#1283=CARTESIAN_POINT('',(11.4699002902641,4.75098825929452,7.81718743687818));
#1284=CARTESIAN_POINT('',(12.4150498548679,-3.5527136788005E-15,7.62968743687818));
#1285=CARTESIAN_POINT('',(11.4699002902642,-4.75098825929447,7.44218743687818));
#1286=CARTESIAN_POINT('',(8.77876594114616,-8.77876594114618,7.25468743687818));
#1287=CARTESIAN_POINT('',(4.75098825929452,-11.4699002902641,7.06718743687818));
#1288=CARTESIAN_POINT('',(4.57411886145565E-14,-12.4150498548679,6.87968743687818));
#1289=CARTESIAN_POINT('',(-4.75098825929453,-11.4699002902641,6.69218743687818));
#1290=CARTESIAN_POINT('',(-8.77876594114615,-8.7787659411462,6.50468743687818));
#1291=CARTESIAN_POINT('',(-11.4699002902642,-4.75098825929448,6.31718743687818));
#1292=CARTESIAN_POINT('',(-12.4150498548679,-8.88178419700125E-15,6.12968743687818));
#1293=CARTESIAN_POINT('',(-11.4699002902642,4.75098825929447,5.94218743687818));
#1294=CARTESIAN_POINT('',(-8.77876594114616,8.77876594114618,5.75468743687818));
#1295=CARTESIAN_POINT('',(-4.75098825929454,11.4699002902641,5.56718743687818));
#1296=CARTESIAN_POINT('',(2.79776202205539E-14,12.4150498548679,5.37968743687818));
#1297=CARTESIAN_POINT('',(4.75098825929451,11.4699002902641,5.19218743687818));
#1298=CARTESIAN_POINT('',(8.46363172380692,8.98932088827877,5.01935747837956));
#1299=CARTESIAN_POINT('',(10.1394721550868,6.71157579671727,4.90902751988095));
#1300=CARTESIAN_POINT('',(10.7049331226088,5.63948772628768,4.86119756138233));
#1301=CARTESIAN_POINT('',(-12.1,0.,17.8703125631218));
#1302=CARTESIAN_POINT('',(-12.1,1.58388629618485,17.8078125631218));
#1303=CARTESIAN_POINT('',(-11.4699002902641,4.75098825929451,17.6828125631218));
#1304=CARTESIAN_POINT('',(-8.77876594114617,8.77876594114617,17.4953125631218));
#1305=CARTESIAN_POINT('',(-4.75098825929451,11.4699002902641,17.3078125631218));
#1306=CARTESIAN_POINT('',(-4.44089209850063E-16,12.4150498548679,17.1203125631218));
#1307=CARTESIAN_POINT('',(4.75098825929451,11.4699002902641,16.9328125631218));
#1308=CARTESIAN_POINT('',(8.77876594114617,8.77876594114617,16.7453125631218));
#1309=CARTESIAN_POINT('',(11.4699002902641,4.75098825929451,16.5578125631218));
#1310=CARTESIAN_POINT('',(12.4150498548679,1.33226762955019E-15,16.3703125631218));
#1311=CARTESIAN_POINT('',(11.4699002902641,-4.75098825929451,16.1828125631218));
#1312=CARTESIAN_POINT('',(8.77876594114617,-8.77876594114617,15.9953125631218));
#1313=CARTESIAN_POINT('',(4.75098825929452,-11.4699002902641,15.8078125631218));
#1314=CARTESIAN_POINT('',(1.77635683940025E-15,-12.4150498548679,15.6203125631218));
#1315=CARTESIAN_POINT('',(-4.75098825929452,-11.4699002902641,15.4328125631218));
#1316=CARTESIAN_POINT('',(-8.77876594114617,-8.77876594114617,15.2453125631218));
#1317=CARTESIAN_POINT('',(-11.4699002902641,-4.75098825929452,15.0578125631218));
#1318=CARTESIAN_POINT('',(-12.4150498548679,-1.77635683940025E-15,14.8703125631218));
#1319=CARTESIAN_POINT('',(-11.4699002902641,4.75098825929452,14.6828125631218));
#1320=CARTESIAN_POINT('',(-8.77876594114617,8.77876594114617,14.4953125631218));
#1321=CARTESIAN_POINT('',(-4.75098825929452,11.4699002902641,14.3078125631218));
#1322=CARTESIAN_POINT('',(-4.44089209850063E-15,12.4150498548679,14.1203125631218));
#1323=CARTESIAN_POINT('',(4.75098825929452,11.4699002902641,13.9328125631218));
#1324=CARTESIAN_POINT('',(8.77876594114616,8.77876594114618,13.7453125631218));
#1325=CARTESIAN_POINT('',(11.4699002902641,4.75098825929452,13.5578125631218));
#1326=CARTESIAN_POINT('',(12.4150498548679,3.99680288865056E-15,13.3703125631218));
#1327=CARTESIAN_POINT('',(11.4699002902642,-4.75098825929451,13.1828125631218));
#1328=CARTESIAN_POINT('',(8.77876594114616,-8.77876594114618,12.9953125631218));
#1329=CARTESIAN_POINT('',(4.75098825929453,-11.4699002902641,12.8078125631218));
#1330=CARTESIAN_POINT('',(5.32907051820075E-15,-12.4150498548679,12.6203125631218));
#1331=CARTESIAN_POINT('',(-4.75098825929452,-11.4699002902641,12.4328125631218));
#1332=CARTESIAN_POINT('',(-8.77876594114615,-8.77876594114619,12.2453125631218));
#1333=CARTESIAN_POINT('',(-11.4699002902641,-4.75098825929452,12.0578125631218));
#1334=CARTESIAN_POINT('',(-12.4150498548679,-6.21724893790088E-15,11.8703125631218));
#1335=CARTESIAN_POINT('',(-11.4699002902642,4.75098825929451,11.6828125631218));
#1336=CARTESIAN_POINT('',(-8.77876594114616,8.77876594114618,11.4953125631218));
#1337=CARTESIAN_POINT('',(-4.75098825929453,11.4699002902641,11.3078125631218));
#1338=CARTESIAN_POINT('',(-6.66133814775094E-15,12.4150498548679,11.1203125631218));
#1339=CARTESIAN_POINT('',(4.75098825929452,11.4699002902641,10.9328125631218));
#1340=CARTESIAN_POINT('',(8.77876594114615,8.77876594114618,10.7453125631218));
#1341=CARTESIAN_POINT('',(11.4699002902641,4.75098825929452,10.5578125631218));
#1342=CARTESIAN_POINT('',(12.4150498548679,-3.5527136788005E-15,10.3703125631218));
#1343=CARTESIAN_POINT('',(11.4699002902642,-4.75098825929447,10.1828125631218));
#1344=CARTESIAN_POINT('',(8.77876594114616,-8.77876594114618,9.99531256312182));
#1345=CARTESIAN_POINT('',(4.75098825929452,-11.4699002902641,9.80781256312182));
#1346=CARTESIAN_POINT('',(4.57411886145565E-14,-12.4150498548679,9.62031256312182));
#1347=CARTESIAN_POINT('',(-4.75098825929453,-11.4699002902641,9.43281256312182));
#1348=CARTESIAN_POINT('',(-8.77876594114615,-8.7787659411462,9.24531256312182));
#1349=CARTESIAN_POINT('',(-11.4699002902642,-4.75098825929448,9.05781256312182));
#1350=CARTESIAN_POINT('',(-12.4150498548679,-8.88178419700125E-15,8.87031256312182));
#1351=CARTESIAN_POINT('',(-11.4699002902642,4.75098825929447,8.68281256312182));
#1352=CARTESIAN_POINT('',(-8.77876594114616,8.77876594114618,8.49531256312182));
#1353=CARTESIAN_POINT('',(-4.75098825929454,11.4699002902641,8.30781256312182));
#1354=CARTESIAN_POINT('',(2.79776202205539E-14,12.4150498548679,8.12031256312182));
#1355=CARTESIAN_POINT('',(4.75098825929451,11.4699002902641,7.93281256312182));
#1356=CARTESIAN_POINT('',(8.46363172380692,8.98932088827877,7.7599826046232));
#1357=CARTESIAN_POINT('',(10.1394721550868,6.71157579671727,7.64965264612459));
#1358=CARTESIAN_POINT('',(10.7049331226088,5.63948772628768,7.60182268762597));
#1359=CARTESIAN_POINT('',(9.15879948726727,4.82496590164457,5.8701897699423));
#1360=CARTESIAN_POINT('',(8.18859318520878,6.6666213999369,5.96560900304904));
#1361=CARTESIAN_POINT('',(6.67524637787991,8.17896718621516,6.0600120436493));
#1362=CARTESIAN_POINT('',(3.01421305866611,10.1177536081657,6.25225255212515));
#1363=CARTESIAN_POINT('',(0.918767202023249,10.5163719798314,6.34637148411937));
#1364=CARTESIAN_POINT('',(-3.19113297257927,10.0625485410513,6.5359403252186));
#1365=CARTESIAN_POINT('',(-5.16764125440659,9.20208240241526,6.63122203012823));
#1366=CARTESIAN_POINT('',(-8.28952992350884,6.53196221072481,6.82191534447274));
#1367=CARTESIAN_POINT('',(-9.45106884276769,4.69645490208985,6.91764840538235));
#1368=CARTESIAN_POINT('',(-10.5280959221474,0.733884985649917,7.10609930650792));
#1369=CARTESIAN_POINT('',(-10.4592816825984,-1.42485519090993,7.20162290242042));
#1370=CARTESIAN_POINT('',(-9.11237322410612,-5.32836183602387,7.39319947105569));
#1371=CARTESIAN_POINT('',(-7.85687702861462,-7.05251537309866,7.48698956743311));
#1372=CARTESIAN_POINT('',(-4.5322932243319,-9.53555493189779,7.6775483201346));
#1373=CARTESIAN_POINT('',(-2.51153830507015,-10.2512204922679,7.77239790158488));
#1374=CARTESIAN_POINT('',(1.59855366519362,-10.4326397627074,7.96314204216899));
#1375=CARTESIAN_POINT('',(3.69803179176805,-9.88430596939123,8.0585156521988));
#1376=CARTESIAN_POINT('',(7.18896494660226,-7.726171537443,8.24727921191968));
#1377=CARTESIAN_POINT('',(8.61664005786973,-6.09579469644924,8.34330262051767));
#1378=CARTESIAN_POINT('',(10.2936269833526,-2.33376142648272,8.53396703266973));
#1379=CARTESIAN_POINT('',(10.5566447616803,-0.214657505457251,8.62771707893414));
#1380=CARTESIAN_POINT('',(9.82050965309187,3.87897107781049,8.81920730719409));
#1381=CARTESIAN_POINT('',(8.83777840189332,5.77124967921281,8.91370977556214));
#1382=CARTESIAN_POINT('',(5.9526742021483,8.71661171464372,9.10420333739547));
#1383=CARTESIAN_POINT('',(4.0486579064977,9.74599631006416,9.19930617188482));
#1384=CARTESIAN_POINT('',(0.0241469961929508,10.553458762046,9.38861118945357));
#1385=CARTESIAN_POINT('',(-2.13610324561794,10.3356929781727,9.4850569733082));
#1386=CARTESIAN_POINT('',(-5.92308908827189,8.73535929812744,9.67449459802551));
#1387=CARTESIAN_POINT('',(-7.57187748537785,7.35673167497087,9.76904179746415));
#1388=CARTESIAN_POINT('',(-9.81969745586919,3.87664435643609,9.9603190323211));
#1389=CARTESIAN_POINT('',(-10.3977327527854,1.8234678626102,10.0550475720733));
#1390=CARTESIAN_POINT('',(-10.30054726199,-2.31010985622511,10.2451553101442));
#1391=CARTESIAN_POINT('',(-9.61396838107466,-4.35366682298014,10.340079943812));
#1392=CARTESIAN_POINT('',(-7.22343374131874,-7.69446605181927,10.5300611440214));
#1393=CARTESIAN_POINT('',(-5.4951208604736,-9.01016693375912,10.6265679207086));
#1394=CARTESIAN_POINT('',(-1.64033516848725,-10.4253902555464,10.8150824831322));
#1395=CARTESIAN_POINT('',(0.516203872997924,-10.5432734275063,10.9103198718422));
#1396=CARTESIAN_POINT('',(4.52158431027053,-9.53846718979383,11.1014778054427));
#1397=CARTESIAN_POINT('',(6.34767377551693,-8.43654030346093,11.1960874728727));
#1398=CARTESIAN_POINT('',(9.10845551313801,-5.33893367794468,11.3863600973355));
#1399=CARTESIAN_POINT('',(9.99603557120268,-3.3873977019513,11.4808892025273));
#1400=CARTESIAN_POINT('',(10.5317084828964,0.691597255071082,11.6715866277653));
#1401=CARTESIAN_POINT('',(10.1667483509969,2.83059150747141,11.7677535685697));
#1402=CARTESIAN_POINT('',(8.31813654045739,6.49489220918828,11.9558930766329));
#1403=CARTESIAN_POINT('',(6.8171783605971,8.05800456128767,12.0516024864694));
#1404=CARTESIAN_POINT('',(3.21395461719785,10.053648791783,12.2426345730257));
#1405=CARTESIAN_POINT('',(1.12567308838952,10.4986738427501,12.3370537341093));
#1406=CARTESIAN_POINT('',(-3.01645862887619,10.1188077212016,12.5276787113527));
#1407=CARTESIAN_POINT('',(-4.98652208285903,9.30311474946486,12.6217784303369));
#1408=CARTESIAN_POINT('',(-8.16992206469134,6.68324172699305,12.8131367231802));
#1409=CARTESIAN_POINT('',(-9.35994083152899,4.87520701665939,12.9086973228994));
#1410=CARTESIAN_POINT('',(-10.5119501881513,0.935435228561914,13.0969238055275));
#1411=CARTESIAN_POINT('',(-10.4815514572829,-1.23554487097421,13.1929310285086));
#1412=CARTESIAN_POINT('',(-9.21423470173125,-5.1465882816941,13.3837333727458));
#1413=CARTESIAN_POINT('',(-7.98324915971041,-6.90818320062987,13.4784614858763));
#1414=CARTESIAN_POINT('',(-4.71012474186039,-9.44827958919487,13.6685275858709));
#1415=CARTESIAN_POINT('',(-2.71449917503135,-10.2014177040715,13.7627843490084));
#1416=CARTESIAN_POINT('',(1.4118098480463,-10.4615592478917,13.9546519342663));
#1417=CARTESIAN_POINT('',(3.50714064636167,-9.95403384073292,14.0494761191704));
#1418=CARTESIAN_POINT('',(7.04191329302302,-7.86093393874825,14.238163830485));
#1419=CARTESIAN_POINT('',(8.50196275422559,-6.25267875990278,14.3343373890745));
#1420=CARTESIAN_POINT('',(10.2447738980613,-2.5345552127306,14.5247114658199));
#1421=CARTESIAN_POINT('',(10.548477429663,-0.396336933766959,14.6196786301095));
#1422=CARTESIAN_POINT('',(9.89330260968935,3.68103552309548,14.8095299447909));
#1423=CARTESIAN_POINT('',(8.95313116479021,5.59545254138254,14.9039359016939));
#1424=CARTESIAN_POINT('',(7.52941528722263,7.10435144348434,15.));
#1425=CARTESIAN_POINT('',(-9.92446570489101,0.,16.3857327477906));
#1426=CARTESIAN_POINT('',(-9.92446570489101,1.29910952288706,16.3232327477906));
#1427=CARTESIAN_POINT('',(-9.40765554291289,3.89677851600894,16.1982327477906));
#1428=CARTESIAN_POINT('',(-7.20037698464219,7.20037698464218,16.0107327477906));
#1429=CARTESIAN_POINT('',(-3.89677851600894,9.40765554291289,15.8232327477906));
#1430=CARTESIAN_POINT('',(-4.44089209850063E-16,10.1828707858801,15.6357327477906));
#1431=CARTESIAN_POINT('',(3.89677851600894,9.40765554291289,15.4482327477906));
#1432=CARTESIAN_POINT('',(7.20037698464219,7.20037698464218,15.2607327477906));
#1433=CARTESIAN_POINT('',(9.40765554291289,3.89677851600894,15.0732327477906));
#1434=CARTESIAN_POINT('',(10.1828707858801,1.33226762955019E-15,14.8857327477906));
#1435=CARTESIAN_POINT('',(9.40765554291289,-3.89677851600894,14.6982327477906));
#1436=CARTESIAN_POINT('',(7.20037698464219,-7.20037698464219,14.5107327477906));
#1437=CARTESIAN_POINT('',(3.89677851600895,-9.40765554291288,14.3232327477906));
#1438=CARTESIAN_POINT('',(1.33226762955019E-15,-10.1828707858801,14.1357327477906));
#1439=CARTESIAN_POINT('',(-3.89677851600895,-9.40765554291289,13.9482327477906));
#1440=CARTESIAN_POINT('',(-7.20037698464218,-7.20037698464218,13.7607327477906));
#1441=CARTESIAN_POINT('',(-9.40765554291288,-3.89677851600895,13.5732327477906));
#1442=CARTESIAN_POINT('',(-10.1828707858801,-1.77635683940025E-15,13.3857327477906));
#1443=CARTESIAN_POINT('',(-9.40765554291289,3.89677851600895,13.1982327477906));
#1444=CARTESIAN_POINT('',(-7.20037698464218,7.20037698464218,13.0107327477906));
#1445=CARTESIAN_POINT('',(-3.89677851600895,9.40765554291288,12.8232327477906));
#1446=CARTESIAN_POINT('',(-3.10862446895044E-15,10.1828707858801,12.6357327477906));
#1447=CARTESIAN_POINT('',(3.89677851600895,9.40765554291289,12.4482327477906));
#1448=CARTESIAN_POINT('',(7.20037698464217,7.20037698464219,12.2607327477906));
#1449=CARTESIAN_POINT('',(9.40765554291288,3.89677851600895,12.0732327477906));
#1450=CARTESIAN_POINT('',(10.1828707858801,3.99680288865056E-15,11.8857327477906));
#1451=CARTESIAN_POINT('',(9.4076555429129,-3.89677851600894,11.6982327477906));
#1452=CARTESIAN_POINT('',(7.20037698464217,-7.20037698464219,11.5107327477906));
#1453=CARTESIAN_POINT('',(3.89677851600896,-9.40765554291288,11.3232327477906));
#1454=CARTESIAN_POINT('',(4.44089209850063E-15,-10.1828707858801,11.1357327477906));
#1455=CARTESIAN_POINT('',(-3.89677851600895,-9.40765554291289,10.9482327477906));
#1456=CARTESIAN_POINT('',(-7.20037698464217,-7.2003769846422,10.7607327477906));
#1457=CARTESIAN_POINT('',(-9.40765554291289,-3.89677851600895,10.5732327477906));
#1458=CARTESIAN_POINT('',(-10.1828707858801,-6.21724893790088E-15,10.3857327477906));
#1459=CARTESIAN_POINT('',(-9.4076555429129,3.89677851600894,10.1982327477906));
#1460=CARTESIAN_POINT('',(-7.20037698464217,7.20037698464219,10.0107327477906));
#1461=CARTESIAN_POINT('',(-3.89677851600896,9.40765554291288,9.82323274779062));
#1462=CARTESIAN_POINT('',(-5.32907051820075E-15,10.1828707858801,9.63573274779062));
#1463=CARTESIAN_POINT('',(3.89677851600895,9.40765554291288,9.44823274779062));
#1464=CARTESIAN_POINT('',(7.20037698464217,7.20037698464219,9.26073274779062));
#1465=CARTESIAN_POINT('',(9.40765554291288,3.89677851600895,9.07323274779062));
#1466=CARTESIAN_POINT('',(10.1828707858801,-3.5527136788005E-15,8.88573274779062));
#1467=CARTESIAN_POINT('',(9.4076555429129,-3.89677851600891,8.69823274779062));
#1468=CARTESIAN_POINT('',(7.20037698464218,-7.20037698464219,8.51073274779062));
#1469=CARTESIAN_POINT('',(3.89677851600895,-9.40765554291288,8.32323274779062));
#1470=CARTESIAN_POINT('',(3.73034936274053E-14,-10.1828707858801,8.13573274779062));
#1471=CARTESIAN_POINT('',(-3.89677851600896,-9.40765554291288,7.94823274779062));
#1472=CARTESIAN_POINT('',(-7.20037698464216,-7.20037698464221,7.76073274779062));
#1473=CARTESIAN_POINT('',(-9.40765554291289,-3.89677851600892,7.57323274779062));
#1474=CARTESIAN_POINT('',(-10.1828707858801,-8.88178419700125E-15,7.38573274779062));
#1475=CARTESIAN_POINT('',(-9.4076555429129,3.89677851600891,7.19823274779062));
#1476=CARTESIAN_POINT('',(-7.20037698464217,7.20037698464219,7.01073274779062));
#1477=CARTESIAN_POINT('',(-3.89677851600897,9.40765554291288,6.82323274779062));
#1478=CARTESIAN_POINT('',(2.39808173319034E-14,10.1828707858801,6.63573274779062));
#1479=CARTESIAN_POINT('',(3.89677851600894,9.40765554291288,6.44823274779062));
#1480=CARTESIAN_POINT('',(6.94190270923548,7.3730749476019,6.275402789292));
#1481=CARTESIAN_POINT('',(8.31643336106247,5.50485981985926,6.16507283079338));
#1482=CARTESIAN_POINT('',(8.78022658251927,4.62552913493354,6.11724287229477));
#1483=CARTESIAN_POINT('',(-12.1,0.,15.1296874368782));
#1484=CARTESIAN_POINT('',(-12.1,1.58388629618485,15.0671874368782));
#1485=CARTESIAN_POINT('',(-11.4699002902641,4.75098825929451,14.9421874368782));
#1486=CARTESIAN_POINT('',(-8.77876594114617,8.77876594114617,14.7546874368782));
#1487=CARTESIAN_POINT('',(-4.75098825929451,11.4699002902641,14.5671874368782));
#1488=CARTESIAN_POINT('',(-4.44089209850063E-16,12.4150498548679,14.3796874368782));
#1489=CARTESIAN_POINT('',(4.75098825929451,11.4699002902641,14.1921874368782));
#1490=CARTESIAN_POINT('',(8.77876594114617,8.77876594114617,14.0046874368782));
#1491=CARTESIAN_POINT('',(11.4699002902641,4.75098825929451,13.8171874368782));
#1492=CARTESIAN_POINT('',(12.4150498548679,1.33226762955019E-15,13.6296874368782));
#1493=CARTESIAN_POINT('',(11.4699002902641,-4.75098825929451,13.4421874368782));
#1494=CARTESIAN_POINT('',(8.77876594114617,-8.77876594114617,13.2546874368782));
#1495=CARTESIAN_POINT('',(4.75098825929452,-11.4699002902641,13.0671874368782));
#1496=CARTESIAN_POINT('',(1.77635683940025E-15,-12.4150498548679,12.8796874368782));
#1497=CARTESIAN_POINT('',(-4.75098825929452,-11.4699002902641,12.6921874368782));
#1498=CARTESIAN_POINT('',(-8.77876594114617,-8.77876594114617,12.5046874368782));
#1499=CARTESIAN_POINT('',(-11.4699002902641,-4.75098825929452,12.3171874368782));
#1500=CARTESIAN_POINT('',(-12.4150498548679,-1.77635683940025E-15,12.1296874368782));
#1501=CARTESIAN_POINT('',(-11.4699002902641,4.75098825929452,11.9421874368782));
#1502=CARTESIAN_POINT('',(-8.77876594114617,8.77876594114617,11.7546874368782));
#1503=CARTESIAN_POINT('',(-4.75098825929452,11.4699002902641,11.5671874368782));
#1504=CARTESIAN_POINT('',(-4.44089209850063E-15,12.4150498548679,11.3796874368782));
#1505=CARTESIAN_POINT('',(4.75098825929452,11.4699002902641,11.1921874368782));
#1506=CARTESIAN_POINT('',(8.77876594114616,8.77876594114618,11.0046874368782));
#1507=CARTESIAN_POINT('',(11.4699002902641,4.75098825929452,10.8171874368782));
#1508=CARTESIAN_POINT('',(12.4150498548679,3.99680288865056E-15,10.6296874368782));
#1509=CARTESIAN_POINT('',(11.4699002902642,-4.75098825929451,10.4421874368782));
#1510=CARTESIAN_POINT('',(8.77876594114616,-8.77876594114618,10.2546874368782));
#1511=CARTESIAN_POINT('',(4.75098825929453,-11.4699002902641,10.0671874368782));
#1512=CARTESIAN_POINT('',(5.32907051820075E-15,-12.4150498548679,9.87968743687818));
#1513=CARTESIAN_POINT('',(-4.75098825929452,-11.4699002902641,9.69218743687818));
#1514=CARTESIAN_POINT('',(-8.77876594114615,-8.77876594114619,9.50468743687818));
#1515=CARTESIAN_POINT('',(-11.4699002902641,-4.75098825929452,9.31718743687818));
#1516=CARTESIAN_POINT('',(-12.4150498548679,-6.21724893790088E-15,9.12968743687818));
#1517=CARTESIAN_POINT('',(-11.4699002902642,4.75098825929451,8.94218743687818));
#1518=CARTESIAN_POINT('',(-8.77876594114616,8.77876594114618,8.75468743687818));
#1519=CARTESIAN_POINT('',(-4.75098825929453,11.4699002902641,8.56718743687818));
#1520=CARTESIAN_POINT('',(-6.66133814775094E-15,12.4150498548679,8.37968743687818));
#1521=CARTESIAN_POINT('',(4.75098825929452,11.4699002902641,8.19218743687818));
#1522=CARTESIAN_POINT('',(8.77876594114615,8.77876594114618,8.00468743687818));
#1523=CARTESIAN_POINT('',(11.4699002902641,4.75098825929452,7.81718743687818));
#1524=CARTESIAN_POINT('',(12.4150498548679,-3.5527136788005E-15,7.62968743687818));
#1525=CARTESIAN_POINT('',(11.4699002902642,-4.75098825929447,7.44218743687818));
#1526=CARTESIAN_POINT('',(8.77876594114616,-8.77876594114618,7.25468743687818));
#1527=CARTESIAN_POINT('',(4.75098825929452,-11.4699002902641,7.06718743687818));
#1528=CARTESIAN_POINT('',(4.57411886145565E-14,-12.4150498548679,6.87968743687818));
#1529=CARTESIAN_POINT('',(-4.75098825929453,-11.4699002902641,6.69218743687818));
#1530=CARTESIAN_POINT('',(-8.77876594114615,-8.7787659411462,6.50468743687818));
#1531=CARTESIAN_POINT('',(-11.4699002902642,-4.75098825929448,6.31718743687818));
#1532=CARTESIAN_POINT('',(-12.4150498548679,-8.88178419700125E-15,6.12968743687818));
#1533=CARTESIAN_POINT('',(-11.4699002902642,4.75098825929447,5.94218743687818));
#1534=CARTESIAN_POINT('',(-8.77876594114616,8.77876594114618,5.75468743687818));
#1535=CARTESIAN_POINT('',(-4.75098825929454,11.4699002902641,5.56718743687818));
#1536=CARTESIAN_POINT('',(2.79776202205539E-14,12.4150498548679,5.37968743687818));
#1537=CARTESIAN_POINT('',(4.75098825929451,11.4699002902641,5.19218743687818));
#1538=CARTESIAN_POINT('',(8.46363172380692,8.98932088827877,5.01935747837956));
#1539=CARTESIAN_POINT('',(10.1394721550868,6.71157579671727,4.90902751988095));
#1540=CARTESIAN_POINT('',(10.7049331226088,5.63948772628768,4.86119756138233));
#1541=CARTESIAN_POINT('',(0.,0.,16.5));
#1542=CARTESIAN_POINT('',(-8.48528137423857,-5.20417042793042E-15,5.));
#1543=CARTESIAN_POINT('',(-8.48528137423857,-5.20417042793042E-15,5.));
#1544=CARTESIAN_POINT('',(7.105427357601E-15,-8.48528137423857,5.));
#1545=CARTESIAN_POINT('',(7.105427357601E-15,-8.48528137423857,5.));
#1546=CARTESIAN_POINT('',(7.105427357601E-15,-8.48528137423857,5.));
#1547=CARTESIAN_POINT('',(7.105427357601E-15,-8.48528137423857,5.));
#1548=CARTESIAN_POINT('',(-6.93889390390723E-15,8.48528137423857,5.));
#1549=CARTESIAN_POINT('',(-6.93889390390723E-15,8.48528137423857,5.));
#1550=CARTESIAN_POINT('',(-8.48528137423857,-7.105427357601E-15,5.));
#1551=CARTESIAN_POINT('',(-8.48528137423857,-7.105427357601E-15,5.));
#1552=CARTESIAN_POINT('',(8.48528137423857,5.20417042793042E-15,5.));
#1553=CARTESIAN_POINT('',(8.48528137423857,5.20417042793042E-15,5.));
#1554=CARTESIAN_POINT('',(-7.105427357601E-15,8.48528137423857,5.));
#1555=CARTESIAN_POINT('',(-7.105427357601E-15,8.48528137423857,5.));
#1556=CARTESIAN_POINT('',(8.48528137423857,5.32907051820075E-15,5.));
#1557=CARTESIAN_POINT('',(8.48528137423857,5.32907051820075E-15,5.));
#1558=CARTESIAN_POINT('',(6.21724893790088E-15,-5.65685424949238,5.));
#1559=CARTESIAN_POINT('',(6.21724893790088E-15,-5.65685424949238,5.));
#1560=CARTESIAN_POINT('',(-5.65685424949238,-1.30104260698261E-14,5.));
#1561=CARTESIAN_POINT('',(5.65685424949238,6.21724893790088E-15,5.));
#1562=CARTESIAN_POINT('',(5.65685424949238,1.30104260698261E-14,5.));
#1563=CARTESIAN_POINT('',(-6.21724893790088E-15,5.65685424949238,5.));
#1564=CARTESIAN_POINT('',(-1.30104260698261E-14,5.65685424949238,5.));
#1565=CARTESIAN_POINT('',(-5.65685424949238,-6.21724893790088E-15,5.));
#1566=CARTESIAN_POINT('',(0.,0.,5.));
#1567=CARTESIAN_POINT('',(-5.65685424949238,-1.30104260698261E-14,11.));
#1568=CARTESIAN_POINT('',(-5.65685424949238,-1.30104260698261E-14,11.));
#1569=CARTESIAN_POINT('',(6.21724893790088E-15,-5.65685424949238,11.));
#1570=CARTESIAN_POINT('',(6.21724893790088E-15,-5.65685424949238,11.));
#1571=CARTESIAN_POINT('',(6.21724893790088E-15,-5.65685424949238,11.));
#1572=CARTESIAN_POINT('',(6.21724893790088E-15,-5.65685424949238,11.));
#1573=CARTESIAN_POINT('',(-1.30104260698261E-14,5.65685424949238,11.));
#1574=CARTESIAN_POINT('',(-1.30104260698261E-14,5.65685424949238,11.));
#1575=CARTESIAN_POINT('',(-5.65685424949238,-6.21724893790088E-15,11.));
#1576=CARTESIAN_POINT('',(-5.65685424949238,-6.21724893790088E-15,11.));
#1577=CARTESIAN_POINT('',(5.65685424949238,1.30104260698261E-14,11.));
#1578=CARTESIAN_POINT('',(5.65685424949238,1.30104260698261E-14,11.));
#1579=CARTESIAN_POINT('',(-6.21724893790088E-15,5.65685424949238,11.));
#1580=CARTESIAN_POINT('',(-6.21724893790088E-15,5.65685424949238,11.));
#1581=CARTESIAN_POINT('',(5.65685424949238,6.21724893790088E-15,11.));
#1582=CARTESIAN_POINT('',(5.65685424949238,6.21724893790088E-15,11.));
#1583=CARTESIAN_POINT('',(0.,0.,11.));
#1584=CARTESIAN_POINT('',(-14.6498790202094,-9.5724105999079,5.));
#1585=CARTESIAN_POINT('',(-18.8355587402692,-12.3073850570245,5.));
#1586=CARTESIAN_POINT('',(-8.00242536804652,-15.5631355526078,5.));
#1587=CARTESIAN_POINT('',(0.,0.,5.));
#1588=CARTESIAN_POINT('',(-8.00242536802418,-15.5631355526193,5.));
#1589=CARTESIAN_POINT('',(-9.47685806709702,14.7118714369076,5.));
#1590=CARTESIAN_POINT('',(-9.47685806709702,14.7118714369076,5.));
#1591=CARTESIAN_POINT('',(-0.965011244871024,17.473372693824,5.));
#1592=CARTESIAN_POINT('',(-1.2407287434056,22.4657648920594,5.));
#1593=CARTESIAN_POINT('',(0.,0.,5.));
#1594=CARTESIAN_POINT('',(17.4792834351224,0.851264115686637,5.));
#1595=CARTESIAN_POINT('',(15.6148902650759,-7.90096209392479,5.));
#1596=CARTESIAN_POINT('',(0.,0.,5.));
#1597=CARTESIAN_POINT('',(17.4792834351212,0.851264115711728,5.));
#1598=CARTESIAN_POINT('',(20.0762874836748,-10.1583798350349,5.));
#1599=(
GEOMETRIC_REPRESENTATION_CONTEXT(3)
GLOBAL_UNCERTAINTY_ASSIGNED_CONTEXT((#1600))
GLOBAL_UNIT_ASSIGNED_CONTEXT((#1606,#1602,#1601))
REPRESENTATION_CONTEXT('bottomCap','TOP_LEVEL_ASSEMBLY_PART')
);
#1600=UNCERTAINTY_MEASURE_WITH_UNIT(LENGTH_MEASURE(0.0508),#1606,
'DISTANCE_ACCURACY_VALUE','Maximum Tolerance applied to model');
#1601=(
NAMED_UNIT(*)
SI_UNIT($,.STERADIAN.)
SOLID_ANGLE_UNIT()
);
#1602=(
CONVERSION_BASED_UNIT('DEGREE',#1604)
NAMED_UNIT(#1603)
PLANE_ANGLE_UNIT()
);
#1603=DIMENSIONAL_EXPONENTS(0.,0.,0.,0.,0.,0.,0.);
#1604=PLANE_ANGLE_MEASURE_WITH_UNIT(PLANE_ANGLE_MEASURE(0.0174532925),#1605);
#1605=(
NAMED_UNIT(*)
PLANE_ANGLE_UNIT()
SI_UNIT($,.RADIAN.)
);
#1606=(
LENGTH_UNIT()
NAMED_UNIT(*)
SI_UNIT(.MILLI.,.METRE.)
);
ENDSEC;
END-ISO-10303-21;
