ISO-10303-21;
HEADER;
/* Generated by software containing ST-Developer
 * from STEP Tools, Inc. (www.steptools.com) 
 */
/* OPTION: using custom schema-name function */

FILE_DESCRIPTION(
/* description */ (''),
/* implementation_level */ '2;1');

FILE_NAME(
/* name */ 'float - Copie.stp',
/* time_stamp */ '2025-06-25T20:39:19+03:00',
/* author */ (''),
/* organization */ (''),
/* preprocessor_version */ 'ST-DEVELOPER v19.4',
/* originating_system */ 'SIEMENS PLM Software NX2306.4000',
/* authorisation */ '');

FILE_SCHEMA (('AUTOMOTIVE_DESIGN { 1 0 10303 214 3 1 1 1 }'));
ENDSEC;

DATA;
#10=SHAPE_REPRESENTATION_RELATIONSHIP('None',
'relationship between float - Copie-None and float - Copie-None',#22,#11);
#11=ADVANCED_BREP_SHAPE_REPRESENTATION('float - Copie-None',(#32),#1750);
#12=SHAPE_DEFINITION_REPRESENTATION(#13,#22);
#13=PRODUCT_DEFINITION_SHAPE('','',#14);
#14=PRODUCT_DEFINITION(' ','',#16,#15);
#15=PRODUCT_DEFINITION_CONTEXT('part definition',#21,'design');
#16=PRODUCT_DEFINITION_FORMATION_WITH_SPECIFIED_SOURCE(' ',' ',#18,
 .NOT_KNOWN.);
#17=PRODUCT_RELATED_PRODUCT_CATEGORY('part','',(#18));
#18=PRODUCT('float - Copie','float - Copie',' ',(#19));
#19=PRODUCT_CONTEXT(' ',#21,'mechanical');
#20=APPLICATION_PROTOCOL_DEFINITION('international standard',
'automotive_design',2010,#21);
#21=APPLICATION_CONTEXT(
'core data for automotive mechanical design processes');
#22=SHAPE_REPRESENTATION('float - Copie-None',(#688),#1750);
#23=PRESENTATION_LAYER_ASSIGNMENT('1','Layer 1',(#32));
#24=STYLED_ITEM('',(#25),#32);
#25=PRESENTATION_STYLE_ASSIGNMENT((#26));
#26=SURFACE_STYLE_USAGE(.BOTH.,#27);
#27=SURFACE_SIDE_STYLE('',(#28));
#28=SURFACE_STYLE_FILL_AREA(#29);
#29=FILL_AREA_STYLE('',(#30));
#30=FILL_AREA_STYLE_COLOUR('',#31);
#31=COLOUR_RGB('medium steel',0.611764705882353,0.658823529411765,0.670588235294118);
#32=MANIFOLD_SOLID_BREP('',#33);
#33=CLOSED_SHELL('',(#77,#78,#79,#80,#81,#82,#83,#84,#85,#86,#87,#88,#89,
#90,#91,#92,#93,#94,#95,#96,#97,#98,#99,#100,#101,#102,#103,#104,#105,#106,
#107,#108,#109,#110,#111,#112,#113,#114,#115,#116,#117,#118));
#34=CYLINDRICAL_SURFACE('',#698,5.75);
#35=CYLINDRICAL_SURFACE('',#701,5.75);
#36=CYLINDRICAL_SURFACE('',#704,5.75);
#37=CYLINDRICAL_SURFACE('',#707,5.75);
#38=CONICAL_SURFACE('',#695,36.0198006624876,89.891802109919);
#39=TOROIDAL_SURFACE('',#694,26.0198522787174,10.0000197056291);
#40=CIRCLE('',#693,16.0198325730883);
#41=CIRCLE('',#696,5.75);
#42=CIRCLE('',#699,5.75);
#43=CIRCLE('',#702,5.75);
#44=CIRCLE('',#705,5.75);
#45=FACE_BOUND('',#195,.T.);
#46=FACE_BOUND('',#196,.T.);
#47=FACE_BOUND('',#197,.T.);
#48=FACE_BOUND('',#198,.T.);
#49=FACE_BOUND('',#199,.T.);
#50=FACE_BOUND('',#200,.T.);
#51=FACE_BOUND('',#201,.T.);
#52=FACE_BOUND('',#202,.T.);
#53=FACE_BOUND('',#203,.T.);
#54=FACE_BOUND('',#204,.T.);
#55=FACE_BOUND('',#205,.T.);
#56=FACE_BOUND('',#206,.T.);
#57=FACE_BOUND('',#208,.T.);
#58=FACE_BOUND('',#209,.T.);
#59=FACE_BOUND('',#211,.T.);
#60=FACE_BOUND('',#212,.T.);
#61=FACE_BOUND('',#214,.T.);
#62=FACE_BOUND('',#215,.T.);
#63=FACE_BOUND('',#217,.T.);
#64=FACE_BOUND('',#218,.T.);
#65=B_SPLINE_SURFACE_WITH_KNOTS('',1,3,((#858,#859,#860,#861,#862,#863,
#864,#865),(#866,#867,#868,#869,#870,#871,#872,#873)),.UNSPECIFIED.,.F.,
 .F.,.F.,(2,2),(4,2,2,4),(0.,1.),(0.,0.480206097195058,0.740103048597529,
1.),.UNSPECIFIED.);
#66=B_SPLINE_SURFACE_WITH_KNOTS('',1,3,((#903,#904,#905,#906,#907,#908,
#909,#910),(#911,#912,#913,#914,#915,#916,#917,#918)),.UNSPECIFIED.,.F.,
 .F.,.F.,(2,2),(4,2,2,4),(0.,1.),(0.,0.259898071681723,0.519796143363445,
1.),.UNSPECIFIED.);
#67=B_SPLINE_SURFACE_WITH_KNOTS('',1,3,((#927,#928,#929,#930,#931,#932,
#933,#934,#935,#936),(#937,#938,#939,#940,#941,#942,#943,#944,#945,#946),
(#947,#948,#949,#950,#951,#952,#953,#954,#955,#956),(#957,#958,#959,#960,
#961,#962,#963,#964,#965,#966),(#967,#968,#969,#970,#971,#972,#973,#974,
#975,#976),(#977,#978,#979,#980,#981,#982,#983,#984,#985,#986),(#987,#988,
#989,#990,#991,#992,#993,#994,#995,#996)),.UNSPECIFIED.,.F.,.F.,.F.,(2,
1,1,1,1,1,2),(4,3,3,4),(0.,0.0319386996320183,0.0638773992640367,0.0958160988960551,
0.874499787936897,0.948926687854276,1.),(0.,0.333333333333333,0.666666666666667,
1.),.UNSPECIFIED.);
#68=B_SPLINE_SURFACE_WITH_KNOTS('',1,3,((#1056,#1057,#1058,#1059,#1060,
#1061,#1062,#1063),(#1064,#1065,#1066,#1067,#1068,#1069,#1070,#1071)),
 .UNSPECIFIED.,.F.,.F.,.F.,(2,2),(4,2,2,4),(0.,1.),(0.,0.00850479990519639,
0.362754011797576,1.),.UNSPECIFIED.);
#69=B_SPLINE_SURFACE_WITH_KNOTS('',1,3,((#1105,#1106,#1107,#1108,#1109,
#1110,#1111,#1112),(#1113,#1114,#1115,#1116,#1117,#1118,#1119,#1120)),
 .UNSPECIFIED.,.F.,.F.,.F.,(2,2),(4,2,2,4),(0.,1.),(0.,0.480206224627321,
0.74010311231366,1.),.UNSPECIFIED.);
#70=B_SPLINE_SURFACE_WITH_KNOTS('',1,3,((#1129,#1130,#1131,#1132,#1133,
#1134,#1135,#1136,#1137,#1138),(#1139,#1140,#1141,#1142,#1143,#1144,#1145,
#1146,#1147,#1148),(#1149,#1150,#1151,#1152,#1153,#1154,#1155,#1156,#1157,
#1158),(#1159,#1160,#1161,#1162,#1163,#1164,#1165,#1166,#1167,#1168),(#1169,
#1170,#1171,#1172,#1173,#1174,#1175,#1176,#1177,#1178),(#1179,#1180,#1181,
#1182,#1183,#1184,#1185,#1186,#1187,#1188),(#1189,#1190,#1191,#1192,#1193,
#1194,#1195,#1196,#1197,#1198)),.UNSPECIFIED.,.F.,.F.,.F.,(2,1,1,1,1,1,
2),(4,3,3,4),(0.,0.0318061490494038,0.0636122980988077,0.0954184471482115,
0.870729256404238,0.99009900990099,1.),(0.,0.333333333333333,0.666666666666667,
1.),.UNSPECIFIED.);
#71=B_SPLINE_SURFACE_WITH_KNOTS('',1,3,((#1244,#1245,#1246,#1247,#1248,
#1249,#1250,#1251),(#1252,#1253,#1254,#1255,#1256,#1257,#1258,#1259)),
 .UNSPECIFIED.,.F.,.F.,.F.,(2,2),(4,2,2,4),(0.,1.),(0.,0.480203975576844,
0.740101987788422,1.),.UNSPECIFIED.);
#72=B_SPLINE_SURFACE_WITH_KNOTS('',1,3,((#1289,#1290,#1291,#1292,#1293,
#1294,#1295,#1296),(#1297,#1298,#1299,#1300,#1301,#1302,#1303,#1304)),
 .UNSPECIFIED.,.F.,.F.,.F.,(2,2),(4,2,2,4),(0.,1.),(0.,0.259896887687755,
0.51979377537551,1.),.UNSPECIFIED.);
#73=B_SPLINE_SURFACE_WITH_KNOTS('',1,3,((#1313,#1314,#1315,#1316,#1317,
#1318,#1319,#1320,#1321,#1322),(#1323,#1324,#1325,#1326,#1327,#1328,#1329,
#1330,#1331,#1332),(#1333,#1334,#1335,#1336,#1337,#1338,#1339,#1340,#1341,
#1342),(#1343,#1344,#1345,#1346,#1347,#1348,#1349,#1350,#1351,#1352),(#1353,
#1354,#1355,#1356,#1357,#1358,#1359,#1360,#1361,#1362),(#1363,#1364,#1365,
#1366,#1367,#1368,#1369,#1370,#1371,#1372),(#1373,#1374,#1375,#1376,#1377,
#1378,#1379,#1380,#1381,#1382)),.UNSPECIFIED.,.F.,.F.,.F.,(2,1,1,1,1,1,
2),(4,3,3,4),(0.,0.0319385454220401,0.0638770908440802,0.0958156362661203,
0.874353753363411,0.948999760994919,1.),(0.,0.333333333333333,0.666666666666667,
1.),.UNSPECIFIED.);
#74=B_SPLINE_SURFACE_WITH_KNOTS('',1,3,((#1428,#1429,#1430,#1431,#1432,
#1433,#1434,#1435),(#1436,#1437,#1438,#1439,#1440,#1441,#1442,#1443)),
 .UNSPECIFIED.,.F.,.F.,.F.,(2,2),(4,2,2,4),(0.,1.),(0.,0.480203856635013,
0.740101928317507,1.),.UNSPECIFIED.);
#75=B_SPLINE_SURFACE_WITH_KNOTS('',1,3,((#1473,#1474,#1475,#1476,#1477,
#1478,#1479,#1480),(#1481,#1482,#1483,#1484,#1485,#1486,#1487,#1488)),
 .UNSPECIFIED.,.F.,.F.,.F.,(2,2),(4,2,2,4),(0.,1.),(0.,0.259896951401285,
0.51979390280257,1.),.UNSPECIFIED.);
#76=B_SPLINE_SURFACE_WITH_KNOTS('',1,3,((#1497,#1498,#1499,#1500,#1501,
#1502,#1503,#1504,#1505,#1506),(#1507,#1508,#1509,#1510,#1511,#1512,#1513,
#1514,#1515,#1516),(#1517,#1518,#1519,#1520,#1521,#1522,#1523,#1524,#1525,
#1526),(#1527,#1528,#1529,#1530,#1531,#1532,#1533,#1534,#1535,#1536),(#1537,
#1538,#1539,#1540,#1541,#1542,#1543,#1544,#1545,#1546),(#1547,#1548,#1549,
#1550,#1551,#1552,#1553,#1554,#1555,#1556),(#1557,#1558,#1559,#1560,#1561,
#1562,#1563,#1564,#1565,#1566)),.UNSPECIFIED.,.F.,.F.,.F.,(2,1,1,1,1,1,
2),(4,3,3,4),(0.,0.0319386848627379,0.0638773697254759,0.0958160545882138,
0.874499380240936,0.948990944213152,1.),(0.,0.333333333333333,0.666666666666667,
1.),.UNSPECIFIED.);
#77=ADVANCED_FACE('',(#143),#119,.F.);
#78=ADVANCED_FACE('',(#144),#65,.F.);
#79=ADVANCED_FACE('',(#145),#66,.F.);
#80=ADVANCED_FACE('',(#146),#67,.F.);
#81=ADVANCED_FACE('',(#147),#120,.F.);
#82=ADVANCED_FACE('',(#148),#68,.F.);
#83=ADVANCED_FACE('',(#149),#69,.F.);
#84=ADVANCED_FACE('',(#150),#70,.F.);
#85=ADVANCED_FACE('',(#151),#121,.F.);
#86=ADVANCED_FACE('',(#152),#71,.F.);
#87=ADVANCED_FACE('',(#153),#72,.F.);
#88=ADVANCED_FACE('',(#154),#73,.F.);
#89=ADVANCED_FACE('',(#155),#122,.F.);
#90=ADVANCED_FACE('',(#156),#74,.F.);
#91=ADVANCED_FACE('',(#157),#75,.F.);
#92=ADVANCED_FACE('',(#158),#76,.F.);
#93=ADVANCED_FACE('',(#45,#46),#39,.T.);
#94=ADVANCED_FACE('',(#47,#48,#49,#50,#51,#52,#53,#54,#55,#56),#38,.T.);
#95=ADVANCED_FACE('',(#159),#123,.F.);
#96=ADVANCED_FACE('',(#57,#58),#34,.F.);
#97=ADVANCED_FACE('',(#160),#124,.F.);
#98=ADVANCED_FACE('',(#59,#60),#35,.F.);
#99=ADVANCED_FACE('',(#161),#125,.F.);
#100=ADVANCED_FACE('',(#61,#62),#36,.F.);
#101=ADVANCED_FACE('',(#162),#126,.F.);
#102=ADVANCED_FACE('',(#63,#64),#37,.F.);
#103=ADVANCED_FACE('',(#163),#127,.F.);
#104=ADVANCED_FACE('',(#164),#128,.F.);
#105=ADVANCED_FACE('',(#165),#129,.F.);
#106=ADVANCED_FACE('',(#166),#130,.F.);
#107=ADVANCED_FACE('',(#167),#131,.F.);
#108=ADVANCED_FACE('',(#168),#132,.F.);
#109=ADVANCED_FACE('',(#169),#133,.F.);
#110=ADVANCED_FACE('',(#170),#134,.F.);
#111=ADVANCED_FACE('',(#171),#135,.F.);
#112=ADVANCED_FACE('',(#172),#136,.F.);
#113=ADVANCED_FACE('',(#173),#137,.F.);
#114=ADVANCED_FACE('',(#174),#138,.F.);
#115=ADVANCED_FACE('',(#175),#139,.F.);
#116=ADVANCED_FACE('',(#176),#140,.F.);
#117=ADVANCED_FACE('',(#177),#141,.F.);
#118=ADVANCED_FACE('',(#178),#142,.F.);
#119=PLANE('',#689);
#120=PLANE('',#690);
#121=PLANE('',#691);
#122=PLANE('',#692);
#123=PLANE('',#697);
#124=PLANE('',#700);
#125=PLANE('',#703);
#126=PLANE('',#706);
#127=PLANE('',#708);
#128=PLANE('',#709);
#129=PLANE('',#710);
#130=PLANE('',#711);
#131=PLANE('',#712);
#132=PLANE('',#713);
#133=PLANE('',#714);
#134=PLANE('',#715);
#135=PLANE('',#716);
#136=PLANE('',#717);
#137=PLANE('',#718);
#138=PLANE('',#719);
#139=PLANE('',#720);
#140=PLANE('',#721);
#141=PLANE('',#722);
#142=PLANE('',#723);
#143=FACE_OUTER_BOUND('',#179,.T.);
#144=FACE_OUTER_BOUND('',#180,.T.);
#145=FACE_OUTER_BOUND('',#181,.T.);
#146=FACE_OUTER_BOUND('',#182,.T.);
#147=FACE_OUTER_BOUND('',#183,.T.);
#148=FACE_OUTER_BOUND('',#184,.T.);
#149=FACE_OUTER_BOUND('',#185,.T.);
#150=FACE_OUTER_BOUND('',#186,.T.);
#151=FACE_OUTER_BOUND('',#187,.T.);
#152=FACE_OUTER_BOUND('',#188,.T.);
#153=FACE_OUTER_BOUND('',#189,.T.);
#154=FACE_OUTER_BOUND('',#190,.T.);
#155=FACE_OUTER_BOUND('',#191,.T.);
#156=FACE_OUTER_BOUND('',#192,.T.);
#157=FACE_OUTER_BOUND('',#193,.T.);
#158=FACE_OUTER_BOUND('',#194,.T.);
#159=FACE_OUTER_BOUND('',#207,.T.);
#160=FACE_OUTER_BOUND('',#210,.T.);
#161=FACE_OUTER_BOUND('',#213,.T.);
#162=FACE_OUTER_BOUND('',#216,.T.);
#163=FACE_OUTER_BOUND('',#219,.T.);
#164=FACE_OUTER_BOUND('',#220,.T.);
#165=FACE_OUTER_BOUND('',#221,.T.);
#166=FACE_OUTER_BOUND('',#222,.T.);
#167=FACE_OUTER_BOUND('',#223,.T.);
#168=FACE_OUTER_BOUND('',#224,.T.);
#169=FACE_OUTER_BOUND('',#225,.T.);
#170=FACE_OUTER_BOUND('',#226,.T.);
#171=FACE_OUTER_BOUND('',#227,.T.);
#172=FACE_OUTER_BOUND('',#228,.T.);
#173=FACE_OUTER_BOUND('',#229,.T.);
#174=FACE_OUTER_BOUND('',#230,.T.);
#175=FACE_OUTER_BOUND('',#231,.T.);
#176=FACE_OUTER_BOUND('',#232,.T.);
#177=FACE_OUTER_BOUND('',#233,.T.);
#178=FACE_OUTER_BOUND('',#234,.T.);
#179=EDGE_LOOP('',(#308,#309,#310,#311));
#180=EDGE_LOOP('',(#312,#313,#314,#315,#316,#317,#318));
#181=EDGE_LOOP('',(#319,#320,#321,#322,#323,#324,#325));
#182=EDGE_LOOP('',(#326,#327,#328,#329));
#183=EDGE_LOOP('',(#330,#331,#332,#333));
#184=EDGE_LOOP('',(#334,#335,#336,#337,#338,#339,#340));
#185=EDGE_LOOP('',(#341,#342,#343,#344,#345,#346,#347));
#186=EDGE_LOOP('',(#348,#349,#350,#351));
#187=EDGE_LOOP('',(#352,#353,#354,#355));
#188=EDGE_LOOP('',(#356,#357,#358,#359,#360,#361,#362));
#189=EDGE_LOOP('',(#363,#364,#365,#366,#367,#368,#369));
#190=EDGE_LOOP('',(#370,#371,#372,#373));
#191=EDGE_LOOP('',(#374,#375,#376,#377));
#192=EDGE_LOOP('',(#378,#379,#380,#381,#382,#383,#384));
#193=EDGE_LOOP('',(#385,#386,#387,#388,#389,#390,#391));
#194=EDGE_LOOP('',(#392,#393,#394,#395));
#195=EDGE_LOOP('',(#396));
#196=EDGE_LOOP('',(#397));
#197=EDGE_LOOP('',(#398,#399,#400,#401));
#198=EDGE_LOOP('',(#402,#403,#404,#405));
#199=EDGE_LOOP('',(#406,#407,#408,#409));
#200=EDGE_LOOP('',(#410,#411,#412,#413));
#201=EDGE_LOOP('',(#414));
#202=EDGE_LOOP('',(#415));
#203=EDGE_LOOP('',(#416));
#204=EDGE_LOOP('',(#417));
#205=EDGE_LOOP('',(#418));
#206=EDGE_LOOP('',(#419));
#207=EDGE_LOOP('',(#420));
#208=EDGE_LOOP('',(#421));
#209=EDGE_LOOP('',(#422));
#210=EDGE_LOOP('',(#423));
#211=EDGE_LOOP('',(#424));
#212=EDGE_LOOP('',(#425));
#213=EDGE_LOOP('',(#426));
#214=EDGE_LOOP('',(#427));
#215=EDGE_LOOP('',(#428));
#216=EDGE_LOOP('',(#429));
#217=EDGE_LOOP('',(#430));
#218=EDGE_LOOP('',(#431));
#219=EDGE_LOOP('',(#432,#433,#434,#435));
#220=EDGE_LOOP('',(#436,#437,#438,#439));
#221=EDGE_LOOP('',(#440,#441,#442,#443));
#222=EDGE_LOOP('',(#444,#445,#446,#447));
#223=EDGE_LOOP('',(#448,#449,#450,#451));
#224=EDGE_LOOP('',(#452,#453,#454,#455));
#225=EDGE_LOOP('',(#456,#457,#458,#459));
#226=EDGE_LOOP('',(#460,#461,#462,#463));
#227=EDGE_LOOP('',(#464,#465,#466,#467));
#228=EDGE_LOOP('',(#468,#469,#470,#471));
#229=EDGE_LOOP('',(#472,#473,#474,#475));
#230=EDGE_LOOP('',(#476,#477,#478,#479));
#231=EDGE_LOOP('',(#480,#481,#482,#483));
#232=EDGE_LOOP('',(#484,#485,#486,#487));
#233=EDGE_LOOP('',(#488,#489,#490,#491));
#234=EDGE_LOOP('',(#492,#493,#494,#495));
#235=B_SPLINE_CURVE_WITH_KNOTS('',3,(#816,#817,#818,#819),.UNSPECIFIED.,
 .F.,.F.,(4,4),(0.,1.),.UNSPECIFIED.);
#236=B_SPLINE_CURVE_WITH_KNOTS('',3,(#823,#824,#825,#826),.UNSPECIFIED.,
 .F.,.F.,(4,4),(0.,1.),.UNSPECIFIED.);
#237=B_SPLINE_CURVE_WITH_KNOTS('',3,(#828,#829,#830,#831),.UNSPECIFIED.,
 .F.,.F.,(4,4),(0.,1.),.UNSPECIFIED.);
#238=B_SPLINE_CURVE_WITH_KNOTS('',1,(#834,#835,#836,#837,#838),
 .UNSPECIFIED.,.F.,.F.,(2,1,1,1,2),(0.,0.898034996653157,0.948300125155655,
0.998565253658153,1.),.UNSPECIFIED.);
#239=B_SPLINE_CURVE_WITH_KNOTS('',3,(#840,#841,#842,#843),.UNSPECIFIED.,
 .F.,.F.,(4,4),(0.,1.),.UNSPECIFIED.);
#240=B_SPLINE_CURVE_WITH_KNOTS('',3,(#844,#845,#846,#847),.UNSPECIFIED.,
 .F.,.F.,(4,4),(0.,1.),.UNSPECIFIED.);
#241=B_SPLINE_CURVE_WITH_KNOTS('',3,(#849,#850,#851,#852),.UNSPECIFIED.,
 .F.,.F.,(4,4),(0.,1.),.UNSPECIFIED.);
#242=B_SPLINE_CURVE_WITH_KNOTS('',3,(#854,#855,#856,#857),.UNSPECIFIED.,
 .F.,.F.,(4,4),(0.,1.),.UNSPECIFIED.);
#243=B_SPLINE_CURVE_WITH_KNOTS('',3,(#874,#875,#876,#877),.UNSPECIFIED.,
 .F.,.F.,(4,4),(0.,1.),.UNSPECIFIED.);
#244=B_SPLINE_CURVE_WITH_KNOTS('',3,(#880,#881,#882,#883),.UNSPECIFIED.,
 .F.,.F.,(4,4),(0.,1.),.UNSPECIFIED.);
#245=B_SPLINE_CURVE_WITH_KNOTS('',3,(#885,#886,#887,#888),.UNSPECIFIED.,
 .F.,.F.,(4,4),(0.,1.),.UNSPECIFIED.);
#246=B_SPLINE_CURVE_WITH_KNOTS('',3,(#889,#890,#891,#892),.UNSPECIFIED.,
 .F.,.F.,(4,4),(0.,1.),.UNSPECIFIED.);
#247=B_SPLINE_CURVE_WITH_KNOTS('',1,(#894,#895),.UNSPECIFIED.,.F.,.F.,(2,
2),(0.,1.),.UNSPECIFIED.);
#248=B_SPLINE_CURVE_WITH_KNOTS('',3,(#897,#898,#899,#900,#901,#902),
 .UNSPECIFIED.,.F.,.F.,(4,2,4),(0.,0.833043095712503,1.),.UNSPECIFIED.);
#249=B_SPLINE_CURVE_WITH_KNOTS('',3,(#919,#920,#921,#922),.UNSPECIFIED.,
 .F.,.F.,(4,4),(0.,1.),.UNSPECIFIED.);
#250=B_SPLINE_CURVE_WITH_KNOTS('',3,(#923,#924,#925,#926),.UNSPECIFIED.,
 .F.,.F.,(4,4),(0.,1.),.UNSPECIFIED.);
#251=B_SPLINE_CURVE_WITH_KNOTS('',3,(#1000,#1001,#1002,#1003),
 .UNSPECIFIED.,.F.,.F.,(4,4),(0.,1.),.UNSPECIFIED.);
#252=B_SPLINE_CURVE_WITH_KNOTS('',3,(#1007,#1008,#1009,#1010),
 .UNSPECIFIED.,.F.,.F.,(4,4),(0.,1.),.UNSPECIFIED.);
#253=B_SPLINE_CURVE_WITH_KNOTS('',3,(#1012,#1013,#1014,#1015,#1016,#1017,
#1018,#1019,#1020,#1021,#1022,#1023,#1024,#1025,#1026,#1027,#1028,#1029,
#1030),.UNSPECIFIED.,.F.,.F.,(4,3,3,3,3,3,4),(0.,0.445239309974846,0.611879254455872,
0.833662537623949,0.889108358415966,0.944554179207983,1.),.UNSPECIFIED.);
#254=B_SPLINE_CURVE_WITH_KNOTS('',3,(#1033,#1034,#1035,#1036),
 .UNSPECIFIED.,.F.,.F.,(4,4),(0.,1.),.UNSPECIFIED.);
#255=B_SPLINE_CURVE_WITH_KNOTS('',3,(#1038,#1039,#1040,#1041),
 .UNSPECIFIED.,.F.,.F.,(4,4),(0.,1.),.UNSPECIFIED.);
#256=B_SPLINE_CURVE_WITH_KNOTS('',3,(#1042,#1043,#1044,#1045),
 .UNSPECIFIED.,.F.,.F.,(4,4),(0.,1.),.UNSPECIFIED.);
#257=B_SPLINE_CURVE_WITH_KNOTS('',1,(#1047,#1048),.UNSPECIFIED.,.F.,.F.,
(2,2),(0.,1.),.UNSPECIFIED.);
#258=B_SPLINE_CURVE_WITH_KNOTS('',3,(#1050,#1051,#1052,#1053,#1054,#1055),
 .UNSPECIFIED.,.F.,.F.,(4,2,4),(0.,0.833044176402834,1.),.UNSPECIFIED.);
#259=B_SPLINE_CURVE_WITH_KNOTS('',3,(#1072,#1073,#1074,#1075),
 .UNSPECIFIED.,.F.,.F.,(4,4),(0.,1.),.UNSPECIFIED.);
#260=B_SPLINE_CURVE_WITH_KNOTS('',1,(#1078,#1079,#1080,#1081,#1082),
 .UNSPECIFIED.,.F.,.F.,(2,1,1,1,2),(0.,0.898041338697159,0.948306467200613,
0.998571595704068,1.),.UNSPECIFIED.);
#261=B_SPLINE_CURVE_WITH_KNOTS('',3,(#1084,#1085,#1086,#1087),
 .UNSPECIFIED.,.F.,.F.,(4,4),(0.,1.),.UNSPECIFIED.);
#262=B_SPLINE_CURVE_WITH_KNOTS('',3,(#1088,#1089,#1090,#1091),
 .UNSPECIFIED.,.F.,.F.,(4,4),(0.,1.),.UNSPECIFIED.);
#263=B_SPLINE_CURVE_WITH_KNOTS('',3,(#1093,#1094,#1095,#1096),
 .UNSPECIFIED.,.F.,.F.,(4,4),(0.,1.),.UNSPECIFIED.);
#264=B_SPLINE_CURVE_WITH_KNOTS('',3,(#1098,#1099,#1100,#1101,#1102,#1103,
#1104),.UNSPECIFIED.,.F.,.F.,(4,3,4),(0.,0.263737706425376,1.),
 .UNSPECIFIED.);
#265=B_SPLINE_CURVE_WITH_KNOTS('',3,(#1121,#1122,#1123,#1124),
 .UNSPECIFIED.,.F.,.F.,(4,4),(0.,1.),.UNSPECIFIED.);
#266=B_SPLINE_CURVE_WITH_KNOTS('',3,(#1125,#1126,#1127,#1128),
 .UNSPECIFIED.,.F.,.F.,(4,4),(0.,1.),.UNSPECIFIED.);
#267=B_SPLINE_CURVE_WITH_KNOTS('',3,(#1202,#1203,#1204,#1205),
 .UNSPECIFIED.,.F.,.F.,(4,4),(0.,1.),.UNSPECIFIED.);
#268=B_SPLINE_CURVE_WITH_KNOTS('',3,(#1209,#1210,#1211,#1212),
 .UNSPECIFIED.,.F.,.F.,(4,4),(0.,1.),.UNSPECIFIED.);
#269=B_SPLINE_CURVE_WITH_KNOTS('',3,(#1214,#1215,#1216,#1217),
 .UNSPECIFIED.,.F.,.F.,(4,4),(0.,1.),.UNSPECIFIED.);
#270=B_SPLINE_CURVE_WITH_KNOTS('',1,(#1220,#1221,#1222,#1223,#1224),
 .UNSPECIFIED.,.F.,.F.,(2,1,1,1,2),(0.,0.898041771534934,0.948306900038466,
0.998572028541998,1.),.UNSPECIFIED.);
#271=B_SPLINE_CURVE_WITH_KNOTS('',3,(#1226,#1227,#1228,#1229),
 .UNSPECIFIED.,.F.,.F.,(4,4),(0.,1.),.UNSPECIFIED.);
#272=B_SPLINE_CURVE_WITH_KNOTS('',3,(#1230,#1231,#1232,#1233),
 .UNSPECIFIED.,.F.,.F.,(4,4),(0.,1.),.UNSPECIFIED.);
#273=B_SPLINE_CURVE_WITH_KNOTS('',3,(#1235,#1236,#1237,#1238),
 .UNSPECIFIED.,.F.,.F.,(4,4),(0.,1.),.UNSPECIFIED.);
#274=B_SPLINE_CURVE_WITH_KNOTS('',3,(#1240,#1241,#1242,#1243),
 .UNSPECIFIED.,.F.,.F.,(4,4),(0.,1.),.UNSPECIFIED.);
#275=B_SPLINE_CURVE_WITH_KNOTS('',3,(#1260,#1261,#1262,#1263),
 .UNSPECIFIED.,.F.,.F.,(4,4),(0.,1.),.UNSPECIFIED.);
#276=B_SPLINE_CURVE_WITH_KNOTS('',3,(#1266,#1267,#1268,#1269),
 .UNSPECIFIED.,.F.,.F.,(4,4),(0.,1.),.UNSPECIFIED.);
#277=B_SPLINE_CURVE_WITH_KNOTS('',3,(#1271,#1272,#1273,#1274),
 .UNSPECIFIED.,.F.,.F.,(4,4),(0.,1.),.UNSPECIFIED.);
#278=B_SPLINE_CURVE_WITH_KNOTS('',3,(#1275,#1276,#1277,#1278),
 .UNSPECIFIED.,.F.,.F.,(4,4),(0.,1.),.UNSPECIFIED.);
#279=B_SPLINE_CURVE_WITH_KNOTS('',1,(#1280,#1281),.UNSPECIFIED.,.F.,.F.,
(2,2),(0.,1.),.UNSPECIFIED.);
#280=B_SPLINE_CURVE_WITH_KNOTS('',3,(#1283,#1284,#1285,#1286,#1287,#1288),
 .UNSPECIFIED.,.F.,.F.,(4,2,4),(0.,0.833042837924834,1.),.UNSPECIFIED.);
#281=B_SPLINE_CURVE_WITH_KNOTS('',3,(#1305,#1306,#1307,#1308),
 .UNSPECIFIED.,.F.,.F.,(4,4),(0.,1.),.UNSPECIFIED.);
#282=B_SPLINE_CURVE_WITH_KNOTS('',3,(#1309,#1310,#1311,#1312),
 .UNSPECIFIED.,.F.,.F.,(4,4),(0.,1.),.UNSPECIFIED.);
#283=B_SPLINE_CURVE_WITH_KNOTS('',3,(#1386,#1387,#1388,#1389),
 .UNSPECIFIED.,.F.,.F.,(4,4),(0.,1.),.UNSPECIFIED.);
#284=B_SPLINE_CURVE_WITH_KNOTS('',3,(#1393,#1394,#1395,#1396),
 .UNSPECIFIED.,.F.,.F.,(4,4),(0.,1.),.UNSPECIFIED.);
#285=B_SPLINE_CURVE_WITH_KNOTS('',3,(#1398,#1399,#1400,#1401),
 .UNSPECIFIED.,.F.,.F.,(4,4),(0.,1.),.UNSPECIFIED.);
#286=B_SPLINE_CURVE_WITH_KNOTS('',1,(#1404,#1405,#1406,#1407,#1408),
 .UNSPECIFIED.,.F.,.F.,(2,1,1,1,2),(0.,0.89803542896752,0.948300557469916,
0.998565685972311,1.),.UNSPECIFIED.);
#287=B_SPLINE_CURVE_WITH_KNOTS('',3,(#1410,#1411,#1412,#1413),
 .UNSPECIFIED.,.F.,.F.,(4,4),(0.,1.),.UNSPECIFIED.);
#288=B_SPLINE_CURVE_WITH_KNOTS('',3,(#1414,#1415,#1416,#1417),
 .UNSPECIFIED.,.F.,.F.,(4,4),(0.,1.),.UNSPECIFIED.);
#289=B_SPLINE_CURVE_WITH_KNOTS('',3,(#1419,#1420,#1421,#1422),
 .UNSPECIFIED.,.F.,.F.,(4,4),(0.,1.),.UNSPECIFIED.);
#290=B_SPLINE_CURVE_WITH_KNOTS('',3,(#1424,#1425,#1426,#1427),
 .UNSPECIFIED.,.F.,.F.,(4,4),(0.,1.),.UNSPECIFIED.);
#291=B_SPLINE_CURVE_WITH_KNOTS('',3,(#1444,#1445,#1446,#1447),
 .UNSPECIFIED.,.F.,.F.,(4,4),(0.,1.),.UNSPECIFIED.);
#292=B_SPLINE_CURVE_WITH_KNOTS('',3,(#1450,#1451,#1452,#1453),
 .UNSPECIFIED.,.F.,.F.,(4,4),(0.,1.),.UNSPECIFIED.);
#293=B_SPLINE_CURVE_WITH_KNOTS('',3,(#1455,#1456,#1457,#1458),
 .UNSPECIFIED.,.F.,.F.,(4,4),(0.,1.),.UNSPECIFIED.);
#294=B_SPLINE_CURVE_WITH_KNOTS('',3,(#1459,#1460,#1461,#1462),
 .UNSPECIFIED.,.F.,.F.,(4,4),(0.,1.),.UNSPECIFIED.);
#295=B_SPLINE_CURVE_WITH_KNOTS('',1,(#1464,#1465),.UNSPECIFIED.,.F.,.F.,
(2,2),(0.,1.),.UNSPECIFIED.);
#296=B_SPLINE_CURVE_WITH_KNOTS('',3,(#1467,#1468,#1469,#1470,#1471,#1472),
 .UNSPECIFIED.,.F.,.F.,(4,2,4),(0.,0.833041762133495,1.),.UNSPECIFIED.);
#297=B_SPLINE_CURVE_WITH_KNOTS('',3,(#1489,#1490,#1491,#1492),
 .UNSPECIFIED.,.F.,.F.,(4,4),(0.,1.),.UNSPECIFIED.);
#298=B_SPLINE_CURVE_WITH_KNOTS('',3,(#1493,#1494,#1495,#1496),
 .UNSPECIFIED.,.F.,.F.,(4,4),(0.,1.),.UNSPECIFIED.);
#299=B_SPLINE_CURVE_WITH_KNOTS('',3,(#1567,#1568,#1569,#1570,#1571,#1572,
#1573,#1574,#1575,#1576,#1577,#1578,#1579,#1580,#1581,#1582,#1583,#1584,
#1585,#1586,#1587,#1588,#1589,#1590,#1591,#1592,#1593,#1594,#1595,#1596,
#1597,#1598,#1599,#1600),.UNSPECIFIED.,.T.,.F.,(2,2,2,2,2,2,2,2,2,2,2,2,
2,2,2,2,2,2,2),(-0.0625,0.,0.0625,0.125,0.1875,0.25,0.3125,0.375,0.4375,
0.5,0.5625,0.625,0.6875,0.75,0.8125,0.875,0.9375,1.,1.0625),
 .UNSPECIFIED.);
#300=B_SPLINE_CURVE_WITH_KNOTS('',3,(#1605,#1606,#1607,#1608,#1609,#1610,
#1611),.UNSPECIFIED.,.F.,.F.,(4,3,4),(0.,0.500081834003495,1.),
 .UNSPECIFIED.);
#301=B_SPLINE_CURVE_WITH_KNOTS('',3,(#1612,#1613,#1614,#1615,#1616,#1617,
#1618),.UNSPECIFIED.,.F.,.F.,(4,3,4),(0.,0.500082041547996,1.),
 .UNSPECIFIED.);
#302=B_SPLINE_CURVE_WITH_KNOTS('',3,(#1619,#1620,#1621,#1622,#1623,#1624,
#1625),.UNSPECIFIED.,.F.,.F.,(4,3,4),(0.,0.500099578738714,1.),
 .UNSPECIFIED.);
#303=B_SPLINE_CURVE_WITH_KNOTS('',3,(#1626,#1627,#1628,#1629,#1630,#1631,
#1632),.UNSPECIFIED.,.F.,.F.,(4,3,4),(0.,0.500099327431473,1.),
 .UNSPECIFIED.);
#304=B_SPLINE_CURVE_WITH_KNOTS('',3,(#1633,#1634,#1635,#1636,#1637,#1638,
#1639,#1640,#1641,#1642,#1643,#1644,#1645,#1646,#1647,#1648,#1649,#1650),
 .UNSPECIFIED.,.T.,.F.,(2,2,2,2,2,2,2,2,2,2,2),(-0.125,0.,0.125,0.25,0.375,
0.5,0.625,0.75,0.875,1.,1.125),.UNSPECIFIED.);
#305=B_SPLINE_CURVE_WITH_KNOTS('',3,(#1652,#1653,#1654,#1655,#1656,#1657,
#1658,#1659,#1660,#1661,#1662,#1663,#1664,#1665,#1666,#1667,#1668,#1669),
 .UNSPECIFIED.,.T.,.F.,(2,2,2,2,2,2,2,2,2,2,2),(-0.125,0.,0.125,0.25,0.375,
0.500000000000001,0.625,0.75,0.875,1.,1.125),.UNSPECIFIED.);
#306=B_SPLINE_CURVE_WITH_KNOTS('',3,(#1671,#1672,#1673,#1674,#1675,#1676,
#1677,#1678,#1679,#1680,#1681,#1682,#1683,#1684,#1685,#1686,#1687,#1688),
 .UNSPECIFIED.,.T.,.F.,(2,2,2,2,2,2,2,2,2,2,2),(-0.125,0.,0.125,0.25,0.375,
0.5,0.625,0.75,0.875,1.,1.125),.UNSPECIFIED.);
#307=B_SPLINE_CURVE_WITH_KNOTS('',3,(#1690,#1691,#1692,#1693,#1694,#1695,
#1696,#1697,#1698,#1699,#1700,#1701,#1702,#1703,#1704,#1705,#1706,#1707),
 .UNSPECIFIED.,.T.,.F.,(2,2,2,2,2,2,2,2,2,2,2),(-0.125,0.,0.125,0.25,0.375,
0.5,0.625,0.75,0.875,1.,1.125),.UNSPECIFIED.);
#308=ORIENTED_EDGE('',*,*,#562,.T.);
#309=ORIENTED_EDGE('',*,*,#563,.T.);
#310=ORIENTED_EDGE('',*,*,#564,.F.);
#311=ORIENTED_EDGE('',*,*,#565,.T.);
#312=ORIENTED_EDGE('',*,*,#566,.F.);
#313=ORIENTED_EDGE('',*,*,#567,.F.);
#314=ORIENTED_EDGE('',*,*,#568,.F.);
#315=ORIENTED_EDGE('',*,*,#563,.F.);
#316=ORIENTED_EDGE('',*,*,#569,.F.);
#317=ORIENTED_EDGE('',*,*,#570,.F.);
#318=ORIENTED_EDGE('',*,*,#571,.T.);
#319=ORIENTED_EDGE('',*,*,#572,.F.);
#320=ORIENTED_EDGE('',*,*,#573,.F.);
#321=ORIENTED_EDGE('',*,*,#574,.F.);
#322=ORIENTED_EDGE('',*,*,#565,.F.);
#323=ORIENTED_EDGE('',*,*,#575,.F.);
#324=ORIENTED_EDGE('',*,*,#576,.T.);
#325=ORIENTED_EDGE('',*,*,#577,.T.);
#326=ORIENTED_EDGE('',*,*,#578,.F.);
#327=ORIENTED_EDGE('',*,*,#567,.T.);
#328=ORIENTED_EDGE('',*,*,#579,.T.);
#329=ORIENTED_EDGE('',*,*,#576,.F.);
#330=ORIENTED_EDGE('',*,*,#580,.T.);
#331=ORIENTED_EDGE('',*,*,#581,.T.);
#332=ORIENTED_EDGE('',*,*,#582,.F.);
#333=ORIENTED_EDGE('',*,*,#583,.T.);
#334=ORIENTED_EDGE('',*,*,#584,.F.);
#335=ORIENTED_EDGE('',*,*,#585,.F.);
#336=ORIENTED_EDGE('',*,*,#586,.F.);
#337=ORIENTED_EDGE('',*,*,#583,.F.);
#338=ORIENTED_EDGE('',*,*,#587,.F.);
#339=ORIENTED_EDGE('',*,*,#588,.T.);
#340=ORIENTED_EDGE('',*,*,#589,.T.);
#341=ORIENTED_EDGE('',*,*,#590,.F.);
#342=ORIENTED_EDGE('',*,*,#591,.F.);
#343=ORIENTED_EDGE('',*,*,#592,.F.);
#344=ORIENTED_EDGE('',*,*,#581,.F.);
#345=ORIENTED_EDGE('',*,*,#593,.F.);
#346=ORIENTED_EDGE('',*,*,#594,.F.);
#347=ORIENTED_EDGE('',*,*,#595,.T.);
#348=ORIENTED_EDGE('',*,*,#596,.F.);
#349=ORIENTED_EDGE('',*,*,#591,.T.);
#350=ORIENTED_EDGE('',*,*,#597,.T.);
#351=ORIENTED_EDGE('',*,*,#588,.F.);
#352=ORIENTED_EDGE('',*,*,#598,.T.);
#353=ORIENTED_EDGE('',*,*,#599,.T.);
#354=ORIENTED_EDGE('',*,*,#600,.F.);
#355=ORIENTED_EDGE('',*,*,#601,.T.);
#356=ORIENTED_EDGE('',*,*,#602,.F.);
#357=ORIENTED_EDGE('',*,*,#603,.F.);
#358=ORIENTED_EDGE('',*,*,#604,.F.);
#359=ORIENTED_EDGE('',*,*,#599,.F.);
#360=ORIENTED_EDGE('',*,*,#605,.F.);
#361=ORIENTED_EDGE('',*,*,#606,.F.);
#362=ORIENTED_EDGE('',*,*,#607,.T.);
#363=ORIENTED_EDGE('',*,*,#608,.F.);
#364=ORIENTED_EDGE('',*,*,#609,.F.);
#365=ORIENTED_EDGE('',*,*,#610,.F.);
#366=ORIENTED_EDGE('',*,*,#601,.F.);
#367=ORIENTED_EDGE('',*,*,#611,.F.);
#368=ORIENTED_EDGE('',*,*,#612,.T.);
#369=ORIENTED_EDGE('',*,*,#613,.T.);
#370=ORIENTED_EDGE('',*,*,#614,.F.);
#371=ORIENTED_EDGE('',*,*,#603,.T.);
#372=ORIENTED_EDGE('',*,*,#615,.T.);
#373=ORIENTED_EDGE('',*,*,#612,.F.);
#374=ORIENTED_EDGE('',*,*,#616,.T.);
#375=ORIENTED_EDGE('',*,*,#617,.T.);
#376=ORIENTED_EDGE('',*,*,#618,.F.);
#377=ORIENTED_EDGE('',*,*,#619,.T.);
#378=ORIENTED_EDGE('',*,*,#620,.F.);
#379=ORIENTED_EDGE('',*,*,#621,.F.);
#380=ORIENTED_EDGE('',*,*,#622,.F.);
#381=ORIENTED_EDGE('',*,*,#617,.F.);
#382=ORIENTED_EDGE('',*,*,#623,.F.);
#383=ORIENTED_EDGE('',*,*,#624,.F.);
#384=ORIENTED_EDGE('',*,*,#625,.T.);
#385=ORIENTED_EDGE('',*,*,#626,.F.);
#386=ORIENTED_EDGE('',*,*,#627,.F.);
#387=ORIENTED_EDGE('',*,*,#628,.F.);
#388=ORIENTED_EDGE('',*,*,#619,.F.);
#389=ORIENTED_EDGE('',*,*,#629,.F.);
#390=ORIENTED_EDGE('',*,*,#630,.T.);
#391=ORIENTED_EDGE('',*,*,#631,.T.);
#392=ORIENTED_EDGE('',*,*,#632,.F.);
#393=ORIENTED_EDGE('',*,*,#621,.T.);
#394=ORIENTED_EDGE('',*,*,#633,.T.);
#395=ORIENTED_EDGE('',*,*,#630,.F.);
#396=ORIENTED_EDGE('',*,*,#634,.T.);
#397=ORIENTED_EDGE('',*,*,#635,.T.);
#398=ORIENTED_EDGE('',*,*,#620,.T.);
#399=ORIENTED_EDGE('',*,*,#636,.F.);
#400=ORIENTED_EDGE('',*,*,#631,.F.);
#401=ORIENTED_EDGE('',*,*,#633,.F.);
#402=ORIENTED_EDGE('',*,*,#637,.F.);
#403=ORIENTED_EDGE('',*,*,#613,.F.);
#404=ORIENTED_EDGE('',*,*,#615,.F.);
#405=ORIENTED_EDGE('',*,*,#602,.T.);
#406=ORIENTED_EDGE('',*,*,#638,.F.);
#407=ORIENTED_EDGE('',*,*,#589,.F.);
#408=ORIENTED_EDGE('',*,*,#597,.F.);
#409=ORIENTED_EDGE('',*,*,#590,.T.);
#410=ORIENTED_EDGE('',*,*,#639,.F.);
#411=ORIENTED_EDGE('',*,*,#577,.F.);
#412=ORIENTED_EDGE('',*,*,#579,.F.);
#413=ORIENTED_EDGE('',*,*,#566,.T.);
#414=ORIENTED_EDGE('',*,*,#640,.F.);
#415=ORIENTED_EDGE('',*,*,#641,.F.);
#416=ORIENTED_EDGE('',*,*,#642,.F.);
#417=ORIENTED_EDGE('',*,*,#643,.F.);
#418=ORIENTED_EDGE('',*,*,#635,.F.);
#419=ORIENTED_EDGE('',*,*,#634,.F.);
#420=ORIENTED_EDGE('',*,*,#644,.T.);
#421=ORIENTED_EDGE('',*,*,#643,.T.);
#422=ORIENTED_EDGE('',*,*,#644,.F.);
#423=ORIENTED_EDGE('',*,*,#645,.T.);
#424=ORIENTED_EDGE('',*,*,#642,.T.);
#425=ORIENTED_EDGE('',*,*,#645,.F.);
#426=ORIENTED_EDGE('',*,*,#646,.T.);
#427=ORIENTED_EDGE('',*,*,#641,.T.);
#428=ORIENTED_EDGE('',*,*,#646,.F.);
#429=ORIENTED_EDGE('',*,*,#647,.T.);
#430=ORIENTED_EDGE('',*,*,#640,.T.);
#431=ORIENTED_EDGE('',*,*,#647,.F.);
#432=ORIENTED_EDGE('',*,*,#648,.T.);
#433=ORIENTED_EDGE('',*,*,#570,.T.);
#434=ORIENTED_EDGE('',*,*,#649,.F.);
#435=ORIENTED_EDGE('',*,*,#573,.T.);
#436=ORIENTED_EDGE('',*,*,#649,.T.);
#437=ORIENTED_EDGE('',*,*,#569,.T.);
#438=ORIENTED_EDGE('',*,*,#562,.F.);
#439=ORIENTED_EDGE('',*,*,#574,.T.);
#440=ORIENTED_EDGE('',*,*,#564,.T.);
#441=ORIENTED_EDGE('',*,*,#568,.T.);
#442=ORIENTED_EDGE('',*,*,#578,.T.);
#443=ORIENTED_EDGE('',*,*,#575,.T.);
#444=ORIENTED_EDGE('',*,*,#648,.F.);
#445=ORIENTED_EDGE('',*,*,#572,.T.);
#446=ORIENTED_EDGE('',*,*,#639,.T.);
#447=ORIENTED_EDGE('',*,*,#571,.F.);
#448=ORIENTED_EDGE('',*,*,#650,.T.);
#449=ORIENTED_EDGE('',*,*,#594,.T.);
#450=ORIENTED_EDGE('',*,*,#651,.F.);
#451=ORIENTED_EDGE('',*,*,#585,.T.);
#452=ORIENTED_EDGE('',*,*,#651,.T.);
#453=ORIENTED_EDGE('',*,*,#593,.T.);
#454=ORIENTED_EDGE('',*,*,#580,.F.);
#455=ORIENTED_EDGE('',*,*,#586,.T.);
#456=ORIENTED_EDGE('',*,*,#582,.T.);
#457=ORIENTED_EDGE('',*,*,#592,.T.);
#458=ORIENTED_EDGE('',*,*,#596,.T.);
#459=ORIENTED_EDGE('',*,*,#587,.T.);
#460=ORIENTED_EDGE('',*,*,#650,.F.);
#461=ORIENTED_EDGE('',*,*,#584,.T.);
#462=ORIENTED_EDGE('',*,*,#638,.T.);
#463=ORIENTED_EDGE('',*,*,#595,.F.);
#464=ORIENTED_EDGE('',*,*,#652,.T.);
#465=ORIENTED_EDGE('',*,*,#606,.T.);
#466=ORIENTED_EDGE('',*,*,#653,.F.);
#467=ORIENTED_EDGE('',*,*,#609,.T.);
#468=ORIENTED_EDGE('',*,*,#653,.T.);
#469=ORIENTED_EDGE('',*,*,#605,.T.);
#470=ORIENTED_EDGE('',*,*,#598,.F.);
#471=ORIENTED_EDGE('',*,*,#610,.T.);
#472=ORIENTED_EDGE('',*,*,#600,.T.);
#473=ORIENTED_EDGE('',*,*,#604,.T.);
#474=ORIENTED_EDGE('',*,*,#614,.T.);
#475=ORIENTED_EDGE('',*,*,#611,.T.);
#476=ORIENTED_EDGE('',*,*,#652,.F.);
#477=ORIENTED_EDGE('',*,*,#608,.T.);
#478=ORIENTED_EDGE('',*,*,#637,.T.);
#479=ORIENTED_EDGE('',*,*,#607,.F.);
#480=ORIENTED_EDGE('',*,*,#618,.T.);
#481=ORIENTED_EDGE('',*,*,#622,.T.);
#482=ORIENTED_EDGE('',*,*,#632,.T.);
#483=ORIENTED_EDGE('',*,*,#629,.T.);
#484=ORIENTED_EDGE('',*,*,#654,.T.);
#485=ORIENTED_EDGE('',*,*,#623,.T.);
#486=ORIENTED_EDGE('',*,*,#616,.F.);
#487=ORIENTED_EDGE('',*,*,#628,.T.);
#488=ORIENTED_EDGE('',*,*,#655,.T.);
#489=ORIENTED_EDGE('',*,*,#624,.T.);
#490=ORIENTED_EDGE('',*,*,#654,.F.);
#491=ORIENTED_EDGE('',*,*,#627,.T.);
#492=ORIENTED_EDGE('',*,*,#655,.F.);
#493=ORIENTED_EDGE('',*,*,#626,.T.);
#494=ORIENTED_EDGE('',*,*,#636,.T.);
#495=ORIENTED_EDGE('',*,*,#625,.F.);
#496=VERTEX_POINT('',#814);
#497=VERTEX_POINT('',#815);
#498=VERTEX_POINT('',#820);
#499=VERTEX_POINT('',#822);
#500=VERTEX_POINT('',#832);
#501=VERTEX_POINT('',#833);
#502=VERTEX_POINT('',#839);
#503=VERTEX_POINT('',#848);
#504=VERTEX_POINT('',#853);
#505=VERTEX_POINT('',#878);
#506=VERTEX_POINT('',#879);
#507=VERTEX_POINT('',#884);
#508=VERTEX_POINT('',#893);
#509=VERTEX_POINT('',#896);
#510=VERTEX_POINT('',#998);
#511=VERTEX_POINT('',#999);
#512=VERTEX_POINT('',#1004);
#513=VERTEX_POINT('',#1006);
#514=VERTEX_POINT('',#1031);
#515=VERTEX_POINT('',#1032);
#516=VERTEX_POINT('',#1037);
#517=VERTEX_POINT('',#1046);
#518=VERTEX_POINT('',#1049);
#519=VERTEX_POINT('',#1076);
#520=VERTEX_POINT('',#1077);
#521=VERTEX_POINT('',#1083);
#522=VERTEX_POINT('',#1092);
#523=VERTEX_POINT('',#1097);
#524=VERTEX_POINT('',#1200);
#525=VERTEX_POINT('',#1201);
#526=VERTEX_POINT('',#1206);
#527=VERTEX_POINT('',#1208);
#528=VERTEX_POINT('',#1218);
#529=VERTEX_POINT('',#1219);
#530=VERTEX_POINT('',#1225);
#531=VERTEX_POINT('',#1234);
#532=VERTEX_POINT('',#1239);
#533=VERTEX_POINT('',#1264);
#534=VERTEX_POINT('',#1265);
#535=VERTEX_POINT('',#1270);
#536=VERTEX_POINT('',#1279);
#537=VERTEX_POINT('',#1282);
#538=VERTEX_POINT('',#1384);
#539=VERTEX_POINT('',#1385);
#540=VERTEX_POINT('',#1390);
#541=VERTEX_POINT('',#1392);
#542=VERTEX_POINT('',#1402);
#543=VERTEX_POINT('',#1403);
#544=VERTEX_POINT('',#1409);
#545=VERTEX_POINT('',#1418);
#546=VERTEX_POINT('',#1423);
#547=VERTEX_POINT('',#1448);
#548=VERTEX_POINT('',#1449);
#549=VERTEX_POINT('',#1454);
#550=VERTEX_POINT('',#1463);
#551=VERTEX_POINT('',#1466);
#552=VERTEX_POINT('',#1601);
#553=VERTEX_POINT('',#1603);
#554=VERTEX_POINT('',#1651);
#555=VERTEX_POINT('',#1670);
#556=VERTEX_POINT('',#1689);
#557=VERTEX_POINT('',#1708);
#558=VERTEX_POINT('',#1711);
#559=VERTEX_POINT('',#1715);
#560=VERTEX_POINT('',#1719);
#561=VERTEX_POINT('',#1723);
#562=EDGE_CURVE('',#496,#497,#656,.T.);
#563=EDGE_CURVE('',#497,#498,#235,.T.);
#564=EDGE_CURVE('',#499,#498,#657,.T.);
#565=EDGE_CURVE('',#499,#496,#236,.T.);
#566=EDGE_CURVE('',#500,#501,#237,.T.);
#567=EDGE_CURVE('',#502,#500,#238,.T.);
#568=EDGE_CURVE('',#498,#502,#239,.T.);
#569=EDGE_CURVE('',#503,#497,#240,.T.);
#570=EDGE_CURVE('',#504,#503,#241,.T.);
#571=EDGE_CURVE('',#504,#501,#242,.T.);
#572=EDGE_CURVE('',#505,#506,#243,.T.);
#573=EDGE_CURVE('',#507,#505,#244,.T.);
#574=EDGE_CURVE('',#496,#507,#245,.T.);
#575=EDGE_CURVE('',#508,#499,#246,.T.);
#576=EDGE_CURVE('',#508,#509,#247,.T.);
#577=EDGE_CURVE('',#509,#506,#248,.T.);
#578=EDGE_CURVE('',#502,#508,#249,.T.);
#579=EDGE_CURVE('',#500,#509,#250,.T.);
#580=EDGE_CURVE('',#510,#511,#658,.T.);
#581=EDGE_CURVE('',#511,#512,#251,.T.);
#582=EDGE_CURVE('',#513,#512,#659,.T.);
#583=EDGE_CURVE('',#513,#510,#252,.T.);
#584=EDGE_CURVE('',#514,#515,#253,.T.);
#585=EDGE_CURVE('',#516,#514,#254,.T.);
#586=EDGE_CURVE('',#510,#516,#255,.T.);
#587=EDGE_CURVE('',#517,#513,#256,.T.);
#588=EDGE_CURVE('',#517,#518,#257,.T.);
#589=EDGE_CURVE('',#518,#515,#258,.T.);
#590=EDGE_CURVE('',#519,#520,#259,.T.);
#591=EDGE_CURVE('',#521,#519,#260,.T.);
#592=EDGE_CURVE('',#512,#521,#261,.T.);
#593=EDGE_CURVE('',#522,#511,#262,.T.);
#594=EDGE_CURVE('',#523,#522,#263,.T.);
#595=EDGE_CURVE('',#523,#520,#264,.T.);
#596=EDGE_CURVE('',#521,#517,#265,.T.);
#597=EDGE_CURVE('',#519,#518,#266,.T.);
#598=EDGE_CURVE('',#524,#525,#660,.T.);
#599=EDGE_CURVE('',#525,#526,#267,.T.);
#600=EDGE_CURVE('',#527,#526,#661,.T.);
#601=EDGE_CURVE('',#527,#524,#268,.T.);
#602=EDGE_CURVE('',#528,#529,#269,.T.);
#603=EDGE_CURVE('',#530,#528,#270,.T.);
#604=EDGE_CURVE('',#526,#530,#271,.T.);
#605=EDGE_CURVE('',#531,#525,#272,.T.);
#606=EDGE_CURVE('',#532,#531,#273,.T.);
#607=EDGE_CURVE('',#532,#529,#274,.T.);
#608=EDGE_CURVE('',#533,#534,#275,.T.);
#609=EDGE_CURVE('',#535,#533,#276,.T.);
#610=EDGE_CURVE('',#524,#535,#277,.T.);
#611=EDGE_CURVE('',#536,#527,#278,.T.);
#612=EDGE_CURVE('',#536,#537,#279,.T.);
#613=EDGE_CURVE('',#537,#534,#280,.T.);
#614=EDGE_CURVE('',#530,#536,#281,.T.);
#615=EDGE_CURVE('',#528,#537,#282,.T.);
#616=EDGE_CURVE('',#538,#539,#662,.T.);
#617=EDGE_CURVE('',#539,#540,#283,.T.);
#618=EDGE_CURVE('',#541,#540,#663,.T.);
#619=EDGE_CURVE('',#541,#538,#284,.T.);
#620=EDGE_CURVE('',#542,#543,#285,.T.);
#621=EDGE_CURVE('',#544,#542,#286,.T.);
#622=EDGE_CURVE('',#540,#544,#287,.T.);
#623=EDGE_CURVE('',#545,#539,#288,.T.);
#624=EDGE_CURVE('',#546,#545,#289,.T.);
#625=EDGE_CURVE('',#546,#543,#290,.T.);
#626=EDGE_CURVE('',#547,#548,#291,.T.);
#627=EDGE_CURVE('',#549,#547,#292,.T.);
#628=EDGE_CURVE('',#538,#549,#293,.T.);
#629=EDGE_CURVE('',#550,#541,#294,.T.);
#630=EDGE_CURVE('',#550,#551,#295,.T.);
#631=EDGE_CURVE('',#551,#548,#296,.T.);
#632=EDGE_CURVE('',#544,#550,#297,.T.);
#633=EDGE_CURVE('',#542,#551,#298,.T.);
#634=EDGE_CURVE('',#552,#552,#299,.T.);
#635=EDGE_CURVE('',#553,#553,#40,.T.);
#636=EDGE_CURVE('',#548,#543,#300,.T.);
#637=EDGE_CURVE('',#534,#529,#301,.T.);
#638=EDGE_CURVE('',#515,#520,#302,.T.);
#639=EDGE_CURVE('',#506,#501,#303,.T.);
#640=EDGE_CURVE('',#554,#554,#304,.T.);
#641=EDGE_CURVE('',#555,#555,#305,.T.);
#642=EDGE_CURVE('',#556,#556,#306,.T.);
#643=EDGE_CURVE('',#557,#557,#307,.T.);
#644=EDGE_CURVE('',#558,#558,#41,.T.);
#645=EDGE_CURVE('',#559,#559,#42,.T.);
#646=EDGE_CURVE('',#560,#560,#43,.T.);
#647=EDGE_CURVE('',#561,#561,#44,.T.);
#648=EDGE_CURVE('',#505,#504,#664,.T.);
#649=EDGE_CURVE('',#507,#503,#665,.T.);
#650=EDGE_CURVE('',#514,#523,#666,.T.);
#651=EDGE_CURVE('',#516,#522,#667,.T.);
#652=EDGE_CURVE('',#533,#532,#668,.T.);
#653=EDGE_CURVE('',#535,#531,#669,.T.);
#654=EDGE_CURVE('',#549,#545,#670,.T.);
#655=EDGE_CURVE('',#547,#546,#671,.T.);
#656=LINE('',#813,#672);
#657=LINE('',#821,#673);
#658=LINE('',#997,#674);
#659=LINE('',#1005,#675);
#660=LINE('',#1199,#676);
#661=LINE('',#1207,#677);
#662=LINE('',#1383,#678);
#663=LINE('',#1391,#679);
#664=LINE('',#1726,#680);
#665=LINE('',#1727,#681);
#666=LINE('',#1732,#682);
#667=LINE('',#1733,#683);
#668=LINE('',#1738,#684);
#669=LINE('',#1739,#685);
#670=LINE('',#1745,#686);
#671=LINE('',#1747,#687);
#672=VECTOR('',#726,1.);
#673=VECTOR('',#727,1.);
#674=VECTOR('',#730,1.);
#675=VECTOR('',#731,1.);
#676=VECTOR('',#734,1.);
#677=VECTOR('',#735,1.);
#678=VECTOR('',#738,1.);
#679=VECTOR('',#739,1.);
#680=VECTOR('',#772,1.);
#681=VECTOR('',#773,1.);
#682=VECTOR('',#782,1.);
#683=VECTOR('',#783,1.);
#684=VECTOR('',#792,1.);
#685=VECTOR('',#793,1.);
#686=VECTOR('',#804,1.);
#687=VECTOR('',#807,1.);
#688=AXIS2_PLACEMENT_3D('',#812,#724,#725);
#689=AXIS2_PLACEMENT_3D('',#827,#728,#729);
#690=AXIS2_PLACEMENT_3D('',#1011,#732,#733);
#691=AXIS2_PLACEMENT_3D('',#1213,#736,#737);
#692=AXIS2_PLACEMENT_3D('',#1397,#740,#741);
#693=AXIS2_PLACEMENT_3D('',#1602,#742,#743);
#694=AXIS2_PLACEMENT_3D('',#1604,#744,#745);
#695=AXIS2_PLACEMENT_3D('',#1709,#746,#747);
#696=AXIS2_PLACEMENT_3D('',#1710,#748,#749);
#697=AXIS2_PLACEMENT_3D('',#1712,#750,#751);
#698=AXIS2_PLACEMENT_3D('',#1713,#752,#753);
#699=AXIS2_PLACEMENT_3D('',#1714,#754,#755);
#700=AXIS2_PLACEMENT_3D('',#1716,#756,#757);
#701=AXIS2_PLACEMENT_3D('',#1717,#758,#759);
#702=AXIS2_PLACEMENT_3D('',#1718,#760,#761);
#703=AXIS2_PLACEMENT_3D('',#1720,#762,#763);
#704=AXIS2_PLACEMENT_3D('',#1721,#764,#765);
#705=AXIS2_PLACEMENT_3D('',#1722,#766,#767);
#706=AXIS2_PLACEMENT_3D('',#1724,#768,#769);
#707=AXIS2_PLACEMENT_3D('',#1725,#770,#771);
#708=AXIS2_PLACEMENT_3D('',#1728,#774,#775);
#709=AXIS2_PLACEMENT_3D('',#1729,#776,#777);
#710=AXIS2_PLACEMENT_3D('',#1730,#778,#779);
#711=AXIS2_PLACEMENT_3D('',#1731,#780,#781);
#712=AXIS2_PLACEMENT_3D('',#1734,#784,#785);
#713=AXIS2_PLACEMENT_3D('',#1735,#786,#787);
#714=AXIS2_PLACEMENT_3D('',#1736,#788,#789);
#715=AXIS2_PLACEMENT_3D('',#1737,#790,#791);
#716=AXIS2_PLACEMENT_3D('',#1740,#794,#795);
#717=AXIS2_PLACEMENT_3D('',#1741,#796,#797);
#718=AXIS2_PLACEMENT_3D('',#1742,#798,#799);
#719=AXIS2_PLACEMENT_3D('',#1743,#800,#801);
#720=AXIS2_PLACEMENT_3D('',#1744,#802,#803);
#721=AXIS2_PLACEMENT_3D('',#1746,#805,#806);
#722=AXIS2_PLACEMENT_3D('',#1748,#808,#809);
#723=AXIS2_PLACEMENT_3D('',#1749,#810,#811);
#724=DIRECTION('',(0.,0.,1.));
#725=DIRECTION('',(1.,0.,0.));
#726=DIRECTION('',(0.707106150784261,-0.707107411588272,-1.63650145388251E-16));
#727=DIRECTION('',(0.707106150784261,-0.707107411588272,0.));
#728=DIRECTION('',(-0.54167570333544,-0.541674737503533,-0.642787609686539));
#729=DIRECTION('',(-0.764687904671117,-1.05818132034585E-16,0.644400813507942));
#730=DIRECTION('',(0.707107411588273,0.70710615078426,2.89784903237725E-17));
#731=DIRECTION('',(0.707107411588273,0.70710615078426,-5.14892387972387E-31));
#732=DIRECTION('',(0.541674737503532,-0.54167570333544,-0.64278760968654));
#733=DIRECTION('',(1.05818132034585E-16,-0.764687904671117,0.644400813507942));
#734=DIRECTION('',(-0.707106150784259,0.707107411588274,0.));
#735=DIRECTION('',(-0.707106150784259,0.707107411588274,-1.02978477594477E-30));
#736=DIRECTION('',(0.541675703335441,0.541674737503532,-0.642787609686539));
#737=DIRECTION('',(-0.764687904671116,-1.05818132034585E-16,-0.644400813507943));
#738=DIRECTION('',(-0.707107411588274,-0.707106150784259,5.61104124467079E-17));
#739=DIRECTION('',(-0.707107411588274,-0.707106150784259,-5.14892387972387E-31));
#740=DIRECTION('',(-0.541674737503532,0.541675703335441,-0.642787609686539));
#741=DIRECTION('',(1.05818132034585E-16,-0.764687904671116,-0.644400813507943));
#742=DIRECTION('',(0.,0.,1.));
#743=DIRECTION('',(-1.,0.,0.));
#744=DIRECTION('',(0.,0.,-1.));
#745=DIRECTION('',(-1.,0.,0.));
#746=DIRECTION('',(0.,0.,-1.));
#747=DIRECTION('',(-1.,0.,-6.22373356844492E-20));
#748=DIRECTION('',(-0.0018884083032789,0.,0.99999821695545));
#749=DIRECTION('',(-0.99999821695545,0.,-0.00188840830327888));
#750=DIRECTION('',(0.0018884083032789,0.,-0.99999821695545));
#751=DIRECTION('',(-0.99999821695545,0.,-0.0018884083032789));
#752=DIRECTION('',(0.0018884083032789,0.,-0.99999821695545));
#753=DIRECTION('',(-0.99999821695545,0.,-0.00188840830327888));
#754=DIRECTION('',(-0.00188840830325162,0.,0.99999821695545));
#755=DIRECTION('',(-0.99999821695545,0.,-0.00188840830325173));
#756=DIRECTION('',(0.00188840830325162,0.,-0.99999821695545));
#757=DIRECTION('',(-0.999998216955451,0.,-0.00188840830325162));
#758=DIRECTION('',(0.00188840830325162,0.,-0.99999821695545));
#759=DIRECTION('',(-0.999998216955451,0.,-0.00188840830325173));
#760=DIRECTION('',(-0.0018884083032789,0.,0.99999821695545));
#761=DIRECTION('',(-0.99999821695545,0.,-0.00188840830327888));
#762=DIRECTION('',(0.0018884083032789,0.,-0.99999821695545));
#763=DIRECTION('',(-0.99999821695545,0.,-0.0018884083032789));
#764=DIRECTION('',(0.0018884083032789,0.,-0.99999821695545));
#765=DIRECTION('',(-0.99999821695545,0.,-0.00188840830327888));
#766=DIRECTION('',(-0.0018884083032789,0.,0.99999821695545));
#767=DIRECTION('',(-0.999998216955451,0.,-0.00188840830327888));
#768=DIRECTION('',(0.0018884083032789,0.,-0.99999821695545));
#769=DIRECTION('',(-0.99999821695545,0.,-0.0018884083032789));
#770=DIRECTION('',(0.0018884083032789,0.,-0.99999821695545));
#771=DIRECTION('',(-0.99999821695545,0.,-0.00188840830327888));
#772=DIRECTION('',(0.707106150784261,-0.707107411588272,-3.00265001036725E-17));
#773=DIRECTION('',(0.707106150784261,-0.707107411588272,-6.97260497743771E-32));
#774=DIRECTION('',(-0.183012865052192,-0.183012538732102,0.965925826289068));
#775=DIRECTION('',(0.982520020493593,1.37043154602168E-16,0.186156948109035));
#776=DIRECTION('',(-0.706676660858536,-0.706675400822572,-0.0348994967025001));
#777=DIRECTION('',(-0.707106150784261,0.707107411588272,0.));
#778=DIRECTION('',(-4.90654330767748E-15,-4.90653455909221E-15,-1.));
#779=DIRECTION('',(-1.,-1.38777878078145E-16,4.9066653518004E-15));
#780=DIRECTION('',(-0.706676660858536,-0.706675400822572,0.0348994967025009));
#781=DIRECTION('',(-0.707106150784261,0.707107411588272,0.));
#782=DIRECTION('',(0.707107411588273,0.70710615078426,-1.6026165248204E-17));
#783=DIRECTION('',(0.707107411588273,0.70710615078426,-6.97261740992514E-32));
#784=DIRECTION('',(0.183012538732102,-0.183012865052192,0.965925826289068));
#785=DIRECTION('',(-1.37043154602168E-16,0.982520020493593,0.186156948109035));
#786=DIRECTION('',(0.706675400822571,-0.706676660858536,-0.0348994967025001));
#787=DIRECTION('',(-0.707107411588273,-0.70710615078426,0.));
#788=DIRECTION('',(4.90653455909221E-15,-4.90654330767749E-15,-1.));
#789=DIRECTION('',(1.38777878078145E-16,-1.,4.9066653518004E-15));
#790=DIRECTION('',(0.706675400822571,-0.706676660858536,0.0348994967025009));
#791=DIRECTION('',(-0.707107411588273,-0.70710615078426,0.));
#792=DIRECTION('',(-0.707106150784259,0.707107411588274,4.59686913192201E-17));
#793=DIRECTION('',(-0.707106150784259,0.707107411588274,6.97260497743769E-32));
#794=DIRECTION('',(0.183012865052193,0.183012538732101,0.965925826289068));
#795=DIRECTION('',(0.982520020493593,1.37043154602168E-16,-0.186156948109036));
#796=DIRECTION('',(0.706676660858537,0.70667540082257,-0.0348994967025009));
#797=DIRECTION('',(0.707106150784259,-0.707107411588274,0.));
#798=DIRECTION('',(4.90654330767749E-15,4.9065345590922E-15,-1.));
#799=DIRECTION('',(-1.,-1.38777878078145E-16,-4.9066653518004E-15));
#800=DIRECTION('',(0.706676660858537,0.70667540082257,0.0348994967025006));
#801=DIRECTION('',(0.707106150784259,-0.707107411588274,0.));
#802=DIRECTION('',(-4.90653455909219E-15,4.90654330767749E-15,-1.));
#803=DIRECTION('',(1.38777878078145E-16,-1.,-4.9066653518004E-15));
#804=DIRECTION('',(-0.707107411588274,-0.707106150784259,6.97261740992515E-32));
#805=DIRECTION('',(-0.70667540082257,0.706676660858537,-0.0348994967025009));
#806=DIRECTION('',(0.707107411588274,0.707106150784259,0.));
#807=DIRECTION('',(-0.707107411588274,-0.707106150784259,2.99425260710162E-17));
#808=DIRECTION('',(-0.183012538732101,0.183012865052193,0.965925826289068));
#809=DIRECTION('',(-1.37043154602168E-16,0.982520020493593,-0.186156948109036));
#810=DIRECTION('',(-0.70667540082257,0.706676660858537,0.0348994967025009));
#811=DIRECTION('',(0.707107411588274,0.707106150784259,0.));
#812=CARTESIAN_POINT('',(0.,0.,0.));
#813=CARTESIAN_POINT('',(14.1277227271088,11.987437940703,3.94525415237998));
#814=CARTESIAN_POINT('',(12.0141138949934,14.1010505414838,3.94525415237998));
#815=CARTESIAN_POINT('',(14.1198725701677,11.9952881116412,3.94525415237998));
#816=CARTESIAN_POINT('',(14.1198725701677,11.9952881116412,3.94525415237998));
#817=CARTESIAN_POINT('',(14.4987939418494,12.3691256456941,3.31090644172574));
#818=CARTESIAN_POINT('',(14.8778748223052,12.7428028049252,2.67655946064704));
#819=CARTESIAN_POINT('',(15.2566405534846,13.1167968238698,2.04221103866278));
#820=CARTESIAN_POINT('',(15.2566405534846,13.1167968238698,2.04221103866278));
#821=CARTESIAN_POINT('',(15.2568620883355,13.1165752886239,2.04221103866278));
#822=CARTESIAN_POINT('',(13.1357564108452,15.2376847481468,2.04221103866278));
#823=CARTESIAN_POINT('',(13.1357564108452,15.2376847481468,2.04221103866278));
#824=CARTESIAN_POINT('',(12.7617205491928,14.8589608805301,2.67655943596575));
#825=CARTESIAN_POINT('',(12.3879960073894,14.4799273435582,3.31090644193589));
#826=CARTESIAN_POINT('',(12.0141138949934,14.1010505414838,3.94525415237998));
#827=CARTESIAN_POINT('',(15.172083647466,13.0317969989182,2.18509599478816));
#828=CARTESIAN_POINT('',(16.6365239943131,14.4954999267271,9.98858298475772));
#829=CARTESIAN_POINT('',(16.0743399143273,13.9256812314079,9.99009029648595));
#830=CARTESIAN_POINT('',(15.5076702902987,13.3606342826672,9.99159760821419));
#831=CARTESIAN_POINT('',(14.9365747661569,12.8004131534557,9.99310491994242));
#832=CARTESIAN_POINT('',(16.63639852177,14.4956539923561,10.0000004216525));
#833=CARTESIAN_POINT('',(14.9365747661569,12.8004131534557,9.99310491994242));
#834=CARTESIAN_POINT('',(16.6253416811195,14.4857754160015,2.04221103869127));
#835=CARTESIAN_POINT('',(16.6355165246717,14.4946408276976,9.18858405848467));
#836=CARTESIAN_POINT('',(16.6360860345689,14.4951370456176,9.58858334526685));
#837=CARTESIAN_POINT('',(16.6366555444661,14.4956332635376,9.98858263204903));
#838=CARTESIAN_POINT('',(16.6366718003132,14.4956474273698,10.0000000407089));
#839=CARTESIAN_POINT('',(16.6253416811194,14.4857754160015,2.04221103866276));
#840=CARTESIAN_POINT('',(15.2566405534846,13.1167968238698,2.04221103866278));
#841=CARTESIAN_POINT('',(15.7158737411904,13.5701043079723,2.04221103866277));
#842=CARTESIAN_POINT('',(16.1721263371238,14.0264512953626,2.04221103866277));
#843=CARTESIAN_POINT('',(16.6253416811194,14.4857754160015,2.04221103866276));
#844=CARTESIAN_POINT('',(14.0666454472179,11.9423705507751,6.09456606619784));
#845=CARTESIAN_POINT('',(14.084387563657,11.9600099956102,5.3781287615549));
#846=CARTESIAN_POINT('',(14.1021299379734,11.9776491825659,4.66169145694875));
#847=CARTESIAN_POINT('',(14.1198725701677,11.9952881116412,3.94525415237998));
#848=CARTESIAN_POINT('',(14.0666454472179,11.9423705507751,6.09456606619784));
#849=CARTESIAN_POINT('',(14.8469966507252,12.7119630796807,6.38823187809029));
#850=CARTESIAN_POINT('',(14.5868800710899,12.4554317421477,6.29034327292055));
#851=CARTESIAN_POINT('',(14.3267630032533,12.1989008991783,6.19245466895607));
#852=CARTESIAN_POINT('',(14.0666454472179,11.9423705507751,6.09456606619784));
#853=CARTESIAN_POINT('',(14.8469966507252,12.7119630796807,6.38823187809029));
#854=CARTESIAN_POINT('',(14.8469966507252,12.7119630796807,6.38823187809029));
#855=CARTESIAN_POINT('',(14.8769856755757,12.7413167809673,7.58985615719204));
#856=CARTESIAN_POINT('',(14.9069740491324,12.770671133566,8.79148043663805));
#857=CARTESIAN_POINT('',(14.9369617713987,12.8000261374732,9.99310471642621));
#858=CARTESIAN_POINT('',(12.5923756081488,10.4873967962948,10.3993099155497));
#859=CARTESIAN_POINT('',(13.4691964573761,11.352238789083,10.3969896758459));
#860=CARTESIAN_POINT('',(14.3460173066034,12.2170807818713,10.3946694361421));
#861=CARTESIAN_POINT('',(15.6973907843196,13.549992211269,10.391093437236));
#862=CARTESIAN_POINT('',(16.1688645700881,14.0214048793488,10.389837678035));
#863=CARTESIAN_POINT('',(17.1055855386385,14.9708540835664,10.3873261596274));
#864=CARTESIAN_POINT('',(17.5739460229138,15.4455786856753,10.3860704004236));
#865=CARTESIAN_POINT('',(18.042306507189,15.9203032877841,10.3848146412198));
#866=CARTESIAN_POINT('',(12.5743488021537,10.4722965372576,-2.05228111359346));
#867=CARTESIAN_POINT('',(13.4512341237768,11.3370635064591,-2.05460135329726));
#868=CARTESIAN_POINT('',(14.3281194453999,12.2018304756605,-2.05692159300106));
#869=CARTESIAN_POINT('',(15.6795922892361,13.5346262772358,-2.06049759190714));
#870=CARTESIAN_POINT('',(16.1511011074013,14.0059984602496,-2.06175335110816));
#871=CARTESIAN_POINT('',(17.0878924164685,14.9553669345749,-2.06426486951579));
#872=CARTESIAN_POINT('',(17.5562880710022,15.4300511717376,-2.0655206287196));
#873=CARTESIAN_POINT('',(18.0246837255358,15.9047354089004,-2.06677638792342));
#874=CARTESIAN_POINT('',(12.7308805213654,14.8280829821765,6.38823187809029));
#875=CARTESIAN_POINT('',(12.7602398378343,14.8580664588724,7.58985749169029));
#876=CARTESIAN_POINT('',(12.7895997942392,14.8880492956476,8.79148310562265));
#877=CARTESIAN_POINT('',(12.8189603905769,14.9180314925051,9.99310871988532));
#878=CARTESIAN_POINT('',(12.7308805213654,14.8280829821765,6.38823187809029));
#879=CARTESIAN_POINT('',(12.8189603905769,14.9180314925051,9.99310871988532));
#880=CARTESIAN_POINT('',(11.9611936380395,14.0478261140746,6.09456606619784));
#881=CARTESIAN_POINT('',(12.2177554466054,14.3079122165066,6.1924546689976));
#882=CARTESIAN_POINT('',(12.4743177410482,14.567997839208,6.29034327296207));
#883=CARTESIAN_POINT('',(12.7308805213654,14.8280829821765,6.38823187809029));
#884=CARTESIAN_POINT('',(11.9611936380395,14.0478261140746,6.09456606619784));
#885=CARTESIAN_POINT('',(12.0141138949934,14.1010505414838,3.94525415237998));
#886=CARTESIAN_POINT('',(11.9964740627203,14.0833088123038,4.66169145695002));
#887=CARTESIAN_POINT('',(11.9788339770688,14.0655673365009,5.37812876155615));
#888=CARTESIAN_POINT('',(11.9611936380395,14.0478261140746,6.09456606619784));
#889=CARTESIAN_POINT('',(14.5047324723214,16.6063864922283,2.04221103866276));
#890=CARTESIAN_POINT('',(14.0454613006403,16.1531181342731,2.04221103866277));
#891=CARTESIAN_POINT('',(13.5891158919108,15.696865969876,2.04221103866277));
#892=CARTESIAN_POINT('',(13.1357564108452,15.2376847481468,2.04221103866278));
#893=CARTESIAN_POINT('',(14.5047324723214,16.6063864922283,2.04221103866276));
#894=CARTESIAN_POINT('',(14.5047324723214,16.6063864922283,2.04221103866276));
#895=CARTESIAN_POINT('',(14.5146182195857,16.6177046285778,10.0000000406966));
#896=CARTESIAN_POINT('',(14.514624791338,16.6174314242468,10.0000004211034));
#897=CARTESIAN_POINT('',(14.514470779465,16.6175568888301,9.98858642483714));
#898=CARTESIAN_POINT('',(14.0398515387305,16.1491871677538,9.98984218039405));
#899=CARTESIAN_POINT('',(13.5684841097207,15.6777573340486,9.99109793594837));
#900=CARTESIAN_POINT('',(13.006585946342,15.1082109085902,9.99260536763101));
#901=CARTESIAN_POINT('',(12.9127731684595,15.0131212005477,9.99285704375816));
#902=CARTESIAN_POINT('',(12.8189603905769,14.9180314925051,9.99310871988532));
#903=CARTESIAN_POINT('',(15.9390975757178,18.0234929184524,10.3848177397814));
#904=CARTESIAN_POINT('',(15.4644320333706,17.555081046433,10.3860736128662));
#905=CARTESIAN_POINT('',(14.9897664910234,17.0866691744135,10.387329485951));
#906=CARTESIAN_POINT('',(14.0404354063291,16.1498454303746,10.3898412321205));
#907=CARTESIAN_POINT('',(13.5690222778582,15.6783728655184,10.3910971052027));
#908=CARTESIAN_POINT('',(12.2359447968173,14.3271570710979,10.3946734075765));
#909=CARTESIAN_POINT('',(11.3709977900641,13.4504412961461,10.396993836867));
#910=CARTESIAN_POINT('',(10.5060507833109,12.5737255211943,10.3993142661574));
#911=CARTESIAN_POINT('',(15.9239279308781,18.0063587242289,-1.73327601588659));
#912=CARTESIAN_POINT('',(15.4493009428194,17.5379131772329,-1.73202014280181));
#913=CARTESIAN_POINT('',(14.9746739547606,17.069467630237,-1.73076426971704));
#914=CARTESIAN_POINT('',(14.025419978643,16.1325765362452,-1.72825252354749));
#915=CARTESIAN_POINT('',(13.5540455174584,15.6610704257829,-1.72699665046531));
#916=CARTESIAN_POINT('',(12.2210784670668,14.3097594753367,-1.7234203480915));
#917=CARTESIAN_POINT('',(11.3562031115573,13.4329819598477,-1.72109991880104));
#918=CARTESIAN_POINT('',(10.4913277560479,12.5562044443587,-1.71877948951057));
#919=CARTESIAN_POINT('',(16.6253416811194,14.4857754160015,2.04221103866276));
#920=CARTESIAN_POINT('',(15.9681781164663,15.2390791909884,2.04221103866276));
#921=CARTESIAN_POINT('',(15.2580369006936,15.9492236765486,2.04221103866276));
#922=CARTESIAN_POINT('',(14.5047324723214,16.6063864922283,2.04221103866276));
#923=CARTESIAN_POINT('',(16.6366555444661,14.4956332635376,9.98858263204903));
#924=CARTESIAN_POINT('',(15.9785031958046,15.2500711093137,9.98858377879567));
#925=CARTESIAN_POINT('',(15.2689796469574,15.9595905602925,9.98858492550701));
#926=CARTESIAN_POINT('',(14.5146040403197,16.617688394816,9.98858607225356));
#927=CARTESIAN_POINT('',(18.6117496434031,12.2327384248844,10.3885784785913));
#928=CARTESIAN_POINT('',(17.9535747803898,12.9872021104088,10.3885796253379));
#929=CARTESIAN_POINT('',(17.2953999173766,13.7416657959332,10.3885807720846));
#930=CARTESIAN_POINT('',(16.6372250543633,14.4961294814576,10.3885819188312));
#931=CARTESIAN_POINT('',(15.9790501913501,15.250593166982,10.3885830655778));
#932=CARTESIAN_POINT('',(15.2695023677339,15.9601369221924,10.3885842122892));
#933=CARTESIAN_POINT('',(14.5151009486763,16.618257302394,10.3885853590357));
#934=CARTESIAN_POINT('',(13.7606995296187,17.2763776825957,10.3885865057823));
#935=CARTESIAN_POINT('',(13.006298110561,17.9344980627974,10.3885876525288));
#936=CARTESIAN_POINT('',(12.2518966915034,18.5926184429991,10.3885887992754));
#937=CARTESIAN_POINT('',(18.6111125904505,12.2323197262094,9.98857919180909));
#938=CARTESIAN_POINT('',(17.9529602417891,12.9867575719855,9.98858033855574));
#939=CARTESIAN_POINT('',(17.2948078931276,13.7411954177615,9.98858148530238));
#940=CARTESIAN_POINT('',(16.6366555444661,14.4956332635376,9.98858263204903));
#941=CARTESIAN_POINT('',(15.9785031958046,15.2500711093137,9.98858377879567));
#942=CARTESIAN_POINT('',(15.2689796469574,15.9595905602925,9.98858492550701));
#943=CARTESIAN_POINT('',(14.5146040403197,16.617688394816,9.98858607225356));
#944=CARTESIAN_POINT('',(13.760228433682,17.2757862293395,9.98858721900011));
#945=CARTESIAN_POINT('',(13.0058528270443,17.933884063863,9.98858836574666));
#946=CARTESIAN_POINT('',(12.2514772204067,18.5919818983865,9.98858951249321));
#947=CARTESIAN_POINT('',(18.610475537498,12.2319010275343,9.58857990502691));
#948=CARTESIAN_POINT('',(17.9523457031883,12.9863130335621,9.58858105177356));
#949=CARTESIAN_POINT('',(17.2942158688786,13.7407250395898,9.5885821985202));
#950=CARTESIAN_POINT('',(16.6360860345689,14.4951370456176,9.58858334526685));
#951=CARTESIAN_POINT('',(15.9779562002592,15.2495490516453,9.58858449201349));
#952=CARTESIAN_POINT('',(15.2684569261808,15.9590441983927,9.58858563872483));
#953=CARTESIAN_POINT('',(14.5141071319631,16.617119487238,9.58858678547138));
#954=CARTESIAN_POINT('',(13.7597573377454,17.2751947760833,9.58858793221793));
#955=CARTESIAN_POINT('',(13.0054075435277,17.9332700649286,9.58858907896448));
#956=CARTESIAN_POINT('',(12.2510577493099,18.5913453537739,9.58859022571103));
#957=CARTESIAN_POINT('',(18.6098384845455,12.2314823288593,9.18858061824474));
#958=CARTESIAN_POINT('',(17.9517311645875,12.9858684951387,9.18858176499138));
#959=CARTESIAN_POINT('',(17.2936238446296,13.7402546614182,9.18858291173802));
#960=CARTESIAN_POINT('',(16.6355165246717,14.4946408276976,9.18858405848467));
#961=CARTESIAN_POINT('',(15.9774092047137,15.249026993977,9.18858520523131));
#962=CARTESIAN_POINT('',(15.2679342054043,15.9584978364929,9.18858635194265));
#963=CARTESIAN_POINT('',(14.5136102236065,16.61655057966,9.1885874986892));
#964=CARTESIAN_POINT('',(13.7592862418088,17.2746033228271,9.18858864543575));
#965=CARTESIAN_POINT('',(13.004962260011,17.9326560659942,9.1885897921823));
#966=CARTESIAN_POINT('',(12.2506382782132,18.5907088091613,9.18859093892885));
#967=CARTESIAN_POINT('',(18.5943067707027,12.2212742166745,-0.563629829703602));
#968=CARTESIAN_POINT('',(17.9367483634649,12.9750303951718,-0.563628682956958));
#969=CARTESIAN_POINT('',(17.2791899562272,13.7287865736691,-0.563627536210315));
#970=CARTESIAN_POINT('',(16.6216315489894,14.4825427521664,-0.563626389463671));
#971=CARTESIAN_POINT('',(15.9640731417517,15.2362989306637,-0.563625242717027));
#972=CARTESIAN_POINT('',(15.2551899751351,15.9451772221722,-0.56362409600569));
#973=CARTESIAN_POINT('',(14.5014953148383,16.602680288863,-0.563622949259138));
#974=CARTESIAN_POINT('',(13.7478006545415,17.2601833555539,-0.563621802512586));
#975=CARTESIAN_POINT('',(12.9941059942446,17.9176864222448,-0.563620655766034));
#976=CARTESIAN_POINT('',(12.2404113339478,18.5751894889356,-0.563619509019482));
#977=CARTESIAN_POINT('',(18.5928222432521,12.2202985212097,-1.49575002330457));
#978=CARTESIAN_POINT('',(17.9353163013127,12.9739944852216,-1.49574887655793));
#979=CARTESIAN_POINT('',(17.2778103593733,13.7276904492335,-1.49574772981129));
#980=CARTESIAN_POINT('',(16.6203044174339,14.4813864132454,-1.49574658306464));
#981=CARTESIAN_POINT('',(15.9627984754946,15.2350823772573,-1.495745436318));
#982=CARTESIAN_POINT('',(15.2539718764846,15.9439040325024,-1.49574428960666));
#983=CARTESIAN_POINT('',(14.5003373669898,16.6013545608948,-1.49574314286011));
#984=CARTESIAN_POINT('',(13.7467028574949,17.2588050892872,-1.49574199611356));
#985=CARTESIAN_POINT('',(12.993068348,17.9162556176795,-1.49574084936701));
#986=CARTESIAN_POINT('',(12.2394338385052,18.5737061460719,-1.49573970262045));
#987=CARTESIAN_POINT('',(18.5918035291318,12.2196289783551,-2.13539060564729));
#988=CARTESIAN_POINT('',(17.9343335899893,12.9732836219141,-2.13538945890065));
#989=CARTESIAN_POINT('',(17.2768636508468,13.7269382654732,-2.135388312154));
#990=CARTESIAN_POINT('',(16.6193937117043,14.4805929090323,-2.13538716540736));
#991=CARTESIAN_POINT('',(15.9619237725619,15.2342475525913,-2.13538601866072));
#992=CARTESIAN_POINT('',(15.2531359914395,15.9430303428352,-2.13538487194938));
#993=CARTESIAN_POINT('',(14.4995427586965,16.6004448183364,-2.13538372520283));
#994=CARTESIAN_POINT('',(13.7459495259536,17.2578592938377,-2.13538257845628));
#995=CARTESIAN_POINT('',(12.9923562932106,17.915273769339,-2.13538143170972));
#996=CARTESIAN_POINT('',(12.2387630604677,18.5726882448402,-2.13538028496317));
#997=CARTESIAN_POINT('',(-11.9684967632393,14.1087815496451,3.94525415237997));
#998=CARTESIAN_POINT('',(-14.0820887430278,11.9951933384852,3.94525415237997));
#999=CARTESIAN_POINT('',(-11.9763678943681,14.1009104325508,3.94525415237997));
#1000=CARTESIAN_POINT('',(-11.9763678943681,14.1009104325508,3.94525415237997));
#1001=CARTESIAN_POINT('',(-12.3501989561326,14.4798382765452,3.3109064416955));
#1002=CARTESIAN_POINT('',(-12.7238692307101,14.8589260372483,2.67655946431959));
#1003=CARTESIAN_POINT('',(-13.0978571802995,15.2376978421302,2.04221103866278));
#1004=CARTESIAN_POINT('',(-13.0978571802995,15.2376978421302,2.04221103866278));
#1005=CARTESIAN_POINT('',(-13.0976341111602,15.2379209108718,2.04221103866278));
#1006=CARTESIAN_POINT('',(-15.2187420419159,13.116816762146,2.04221103866278));
#1007=CARTESIAN_POINT('',(-15.2187420419159,13.116816762146,2.04221103866278));
#1008=CARTESIAN_POINT('',(-14.8400122050779,12.7427868654954,2.67655943951254));
#1009=CARTESIAN_POINT('',(-14.4609719061231,12.3690690899062,3.3109064419067));
#1010=CARTESIAN_POINT('',(-14.0820887430278,11.9951933384852,3.94525415237997));
#1011=CARTESIAN_POINT('',(-13.0128558214544,15.1531424700023,2.18509599478816));
#1012=CARTESIAN_POINT('',(-14.8091338188735,12.7119473297267,6.3882318780903));
#1013=CARTESIAN_POINT('',(-14.8224841152286,12.7250191473371,6.92325032283329));
#1014=CARTESIAN_POINT('',(-14.8358342844009,12.7380910921333,7.45826876764244));
#1015=CARTESIAN_POINT('',(-14.8491843263906,12.7511631641152,7.99328721251756));
#1016=CARTESIAN_POINT('',(-14.8541808534405,12.756055655188,8.19352883977946));
#1017=CARTESIAN_POINT('',(-14.8591773626749,12.7609481640767,8.39377046705059));
#1018=CARTESIAN_POINT('',(-14.8641738540938,12.7658406907814,8.59401209433097));
#1019=CARTESIAN_POINT('',(-14.8708237499195,12.7723522186083,8.86051629693058));
#1020=CARTESIAN_POINT('',(-14.877473614188,12.778863777993,9.12702049954657));
#1021=CARTESIAN_POINT('',(-14.8841234468995,12.7853753689356,9.3935247021789));
#1022=CARTESIAN_POINT('',(-14.8857859050773,12.7870032666713,9.46015075283698));
#1023=CARTESIAN_POINT('',(-14.8874483612829,12.7886311663793,9.52677680349608));
#1024=CARTESIAN_POINT('',(-14.8891108155161,12.7902590680597,9.59340285415621));
#1025=CARTESIAN_POINT('',(-14.8907732697493,12.7918869697401,9.66002890481633));
#1026=CARTESIAN_POINT('',(-14.8924357220102,12.7935148733929,9.72665495547748));
#1027=CARTESIAN_POINT('',(-14.8940981722988,12.795142779018,9.79328100613965));
#1028=CARTESIAN_POINT('',(-14.8957606225874,12.7967706846431,9.85990705680182));
#1029=CARTESIAN_POINT('',(-14.8974230709037,12.7983985922406,9.926533107465));
#1030=CARTESIAN_POINT('',(-14.8990855172476,12.8000265018104,9.99315915812922));
#1031=CARTESIAN_POINT('',(-14.8091338188735,12.7119473297267,6.3882318780903));
#1032=CARTESIAN_POINT('',(-14.8990855172476,12.8000265018104,9.99315915812922));
#1033=CARTESIAN_POINT('',(-14.0288636811697,11.942273715979,6.09456606619784));
#1034=CARTESIAN_POINT('',(-14.2889542080144,12.198831100109,6.19245466899171));
#1035=CARTESIAN_POINT('',(-14.5490442539165,12.4553889713591,6.29034327295618));
#1036=CARTESIAN_POINT('',(-14.8091338188735,12.7119473297267,6.3882318780903));
#1037=CARTESIAN_POINT('',(-14.0288636811697,11.942273715979,6.09456606619784));
#1038=CARTESIAN_POINT('',(-14.0820887430278,11.9951933384852,3.94525415237997));
#1039=CARTESIAN_POINT('',(-14.0643468017206,11.9775537183389,4.66169145694978));
#1040=CARTESIAN_POINT('',(-14.0466051144349,11.9599138441699,5.37812876155591));
#1041=CARTESIAN_POINT('',(-14.0288636811697,11.942273715979,6.09456606619784));
#1042=CARTESIAN_POINT('',(-16.5874420836417,14.4857922853159,2.04221103866276));
#1043=CARTESIAN_POINT('',(-16.1341818474554,14.0265138401326,2.04221103866277));
#1044=CARTESIAN_POINT('',(-15.6779301588535,13.5701685076824,2.04221103866277));
#1045=CARTESIAN_POINT('',(-15.2187420419159,13.116816762146,2.04221103866278));
#1046=CARTESIAN_POINT('',(-16.5874420836417,14.4857922853159,2.04221103866276));
#1047=CARTESIAN_POINT('',(-16.5874420836417,14.4857922853159,2.04221103866276));
#1048=CARTESIAN_POINT('',(-16.5987610291133,14.4956771061438,10.0000000405167));
#1049=CARTESIAN_POINT('',(-16.5984890341087,14.495683647557,10.0000004192696));
#1050=CARTESIAN_POINT('',(-16.5986139461004,14.4955303194597,9.9886368959269));
#1051=CARTESIAN_POINT('',(-16.1302516524981,14.0209024604323,9.98989264399221));
#1052=CARTESIAN_POINT('',(-15.6588215671685,13.549534783754,9.99114839205489));
#1053=CARTESIAN_POINT('',(-15.0892665658917,12.9876472827939,9.99265581278891));
#1054=CARTESIAN_POINT('',(-14.9941760415697,12.8938368923022,9.99290748545906));
#1055=CARTESIAN_POINT('',(-14.8990855172476,12.8000265018104,9.99315915812922));
#1056=CARTESIAN_POINT('',(-16.634756705547,14.5318385705113,11.5885432397755));
#1057=CARTESIAN_POINT('',(-16.6235113566902,14.5204425263603,11.5885733905303));
#1058=CARTESIAN_POINT('',(-16.6122660078335,14.5090464822093,11.5886035412852));
#1059=CARTESIAN_POINT('',(-16.1326197542695,14.0229726438502,11.5898895571105));
#1060=CARTESIAN_POINT('',(-15.6611504658392,13.5515556217336,11.5911454221784));
#1061=CARTESIAN_POINT('',(-14.3330777892852,12.2413352310494,11.5946604171202));
#1062=CARTESIAN_POINT('',(-13.4795093755457,11.3992406979194,11.596919546993));
#1063=CARTESIAN_POINT('',(-12.6259409618062,10.5571461647893,11.5991786768658));
#1064=CARTESIAN_POINT('',(-16.6159147836858,14.5153785786246,-1.66014607308415));
#1065=CARTESIAN_POINT('',(-16.6046685487646,14.5039835490915,-1.66011592232933));
#1066=CARTESIAN_POINT('',(-16.5934223138434,14.4925885195583,-1.66008577157451));
#1067=CARTESIAN_POINT('',(-16.1137382670986,14.0065579575483,-1.65879975574918));
#1068=CARTESIAN_POINT('',(-15.6422322137195,13.5351833213177,-1.65754389068128));
#1069=CARTESIAN_POINT('',(-14.3140570373273,12.2250819077506,-1.65402889573944));
#1070=CARTESIAN_POINT('',(-13.4604227456982,11.3830638426563,-1.65176976586667));
#1071=CARTESIAN_POINT('',(-12.6067884540694,10.5410457775621,-1.6495106359939));
#1072=CARTESIAN_POINT('',(-14.4765594665688,16.6175810518106,9.9886334516735));
#1073=CARTESIAN_POINT('',(-13.9067309541965,16.0554067439797,9.99014075217162));
#1074=CARTESIAN_POINT('',(-13.3416864592003,15.4887356527804,9.99164805266975));
#1075=CARTESIAN_POINT('',(-12.7814803260629,14.9176277293013,9.99315535316788));
#1076=CARTESIAN_POINT('',(-14.4767128485392,16.6174561317649,10.0000004198174));
#1077=CARTESIAN_POINT('',(-12.7814803260629,14.9176277293013,9.99315535316788));
#1078=CARTESIAN_POINT('',(-14.466835246505,16.6063972594607,2.04221103866277));
#1079=CARTESIAN_POINT('',(-14.4756998730518,16.6165729134641,9.18863452696819));
#1080=CARTESIAN_POINT('',(-14.4761960435211,16.6171424647019,9.58863381375037));
#1081=CARTESIAN_POINT('',(-14.4766922139904,16.6177120159398,9.98863310053255));
#1082=CARTESIAN_POINT('',(-14.4767063138655,16.6177282011055,10.0000000405289));
#1083=CARTESIAN_POINT('',(-14.466835246505,16.6063972594607,2.04221103866276));
#1084=CARTESIAN_POINT('',(-13.0978571802995,15.2376978421302,2.04221103866278));
#1085=CARTESIAN_POINT('',(-13.551156799914,15.6969380521473,2.04221103866277));
#1086=CARTESIAN_POINT('',(-14.0075037189253,16.1531901727879,2.04221103866277));
#1087=CARTESIAN_POINT('',(-14.466835246505,16.6063972594607,2.04221103866276));
#1088=CARTESIAN_POINT('',(-11.9234509789729,14.0476826641312,6.09456606619784));
#1089=CARTESIAN_POINT('',(-11.9410902093065,14.0654249950715,5.37812876155465));
#1090=CARTESIAN_POINT('',(-11.9587291811052,14.0831675845444,4.6616914569485));
#1091=CARTESIAN_POINT('',(-11.9763678943681,14.1009104325508,3.94525415237997));
#1092=CARTESIAN_POINT('',(-11.9234509789729,14.0476826641312,6.09456606619784));
#1093=CARTESIAN_POINT('',(-12.6930300060291,14.8280473694638,6.38823187809029));
#1094=CARTESIAN_POINT('',(-12.4365031678473,14.5679262904532,6.29034327291444));
#1095=CARTESIAN_POINT('',(-12.1799768254943,14.3078047220081,6.19245466894997));
#1096=CARTESIAN_POINT('',(-11.9234509789729,14.0476826641312,6.09456606619784));
#1097=CARTESIAN_POINT('',(-12.6930300060291,14.8280473694638,6.38823187809029));
#1098=CARTESIAN_POINT('',(-12.6930300060291,14.8280473694638,6.38823187809029));
#1099=CARTESIAN_POINT('',(-12.7007716191395,14.8359568897943,6.70514994307744));
#1100=CARTESIAN_POINT('',(-12.7085132776701,14.8438663647059,7.02206800808863));
#1101=CARTESIAN_POINT('',(-12.7162549816208,14.8517757941987,7.33898607312382));
#1102=CARTESIAN_POINT('',(-12.737867077912,14.8738561208163,8.22370909813444));
#1103=CARTESIAN_POINT('',(-12.7594795281751,14.8959360934719,9.10843212333229));
#1104=CARTESIAN_POINT('',(-12.7810923324085,14.9180157121669,9.99315514871651));
#1105=CARTESIAN_POINT('',(-10.4685021620286,12.5733881948186,10.3993603166472));
#1106=CARTESIAN_POINT('',(-11.3333286633066,13.450223689666,10.3970400911016));
#1107=CARTESIAN_POINT('',(-12.1981551645846,14.3270591845133,10.394719865556));
#1108=CARTESIAN_POINT('',(-13.5310424792044,15.6784549920692,10.391143889112));
#1109=CARTESIAN_POINT('',(-14.0024552036568,16.1499288334222,10.3898881382147));
#1110=CARTESIAN_POINT('',(-14.9519215652628,17.086634300933,10.3873766364147));
#1111=CARTESIAN_POINT('',(-15.4266547460658,17.5549870346884,10.3861208855147));
#1112=CARTESIAN_POINT('',(-15.9013879268688,18.0233397684439,10.3848651346147));
#1113=CARTESIAN_POINT('',(-10.4534042257578,12.555359296331,-2.05228536114237));
#1114=CARTESIAN_POINT('',(-11.3181555054855,13.4322594205241,-2.05460558668795));
#1115=CARTESIAN_POINT('',(-12.1829067852131,14.3091595447171,-2.05692581223353));
#1116=CARTESIAN_POINT('',(-13.515678166926,15.6606549602695,-2.06050178867757));
#1117=CARTESIAN_POINT('',(-13.9870502997878,16.132163919668,-2.06175753957478));
#1118=CARTESIAN_POINT('',(-14.9364357196522,17.0689399004171,-2.06426904137482));
#1119=CARTESIAN_POINT('',(-15.4111284295845,17.5373278907917,-2.06552479227484));
#1120=CARTESIAN_POINT('',(-15.8858211395167,18.0057158811663,-2.06678054317487));
#1121=CARTESIAN_POINT('',(-14.466835246505,16.6063972594607,2.04221103866276));
#1122=CARTESIAN_POINT('',(-15.2201917816132,15.9492972169197,2.04221103866276));
#1123=CARTESIAN_POINT('',(-15.9303427968505,15.239149479611,2.04221103866276));
#1124=CARTESIAN_POINT('',(-16.5874420836417,14.4857922853159,2.04221103866276));
#1125=CARTESIAN_POINT('',(-14.4766922139904,16.6177120159398,9.98863310053254));
#1126=CARTESIAN_POINT('',(-15.2311850535313,15.9596214073487,9.98863424867065));
#1127=CARTESIAN_POINT('',(-15.9407089037959,15.2500934397926,9.98863539677325));
#1128=CARTESIAN_POINT('',(-16.5987448659822,14.4956629909018,9.98863654491127));
#1129=CARTESIAN_POINT('',(-12.2136322468894,18.5926210115024,10.3886289429004));
#1130=CARTESIAN_POINT('',(-12.9681509594128,17.9345078633942,10.3886300910385));
#1131=CARTESIAN_POINT('',(-13.7226696719363,17.2763947152859,10.3886312391766));
#1132=CARTESIAN_POINT('',(-14.4771883844598,16.6182815671776,10.3886323873147));
#1133=CARTESIAN_POINT('',(-15.2317070969832,15.9601684190694,10.3886335354528));
#1134=CARTESIAN_POINT('',(-15.9412552811228,15.2506161471723,10.3886346835554));
#1135=CARTESIAN_POINT('',(-16.5993138142308,14.4961598526909,10.3886358316934));
#1136=CARTESIAN_POINT('',(-17.2573723473389,13.7417035582095,10.3886369798315));
#1137=CARTESIAN_POINT('',(-17.9154308804469,12.987247263728,10.3886381279695));
#1138=CARTESIAN_POINT('',(-18.5734894135549,12.2327909692466,10.3886392761075));
#1139=CARTESIAN_POINT('',(-12.2132136953677,18.5919838417131,9.98862965611821));
#1140=CARTESIAN_POINT('',(-12.9677065349086,17.933893233122,9.98863080425632));
#1141=CARTESIAN_POINT('',(-13.7221993744495,17.2758026245309,9.98863195239444));
#1142=CARTESIAN_POINT('',(-14.4766922139904,16.6177120159398,9.98863310053255));
#1143=CARTESIAN_POINT('',(-15.2311850535313,15.9596214073487,9.98863424867066));
#1144=CARTESIAN_POINT('',(-15.9407089037959,15.2500934397926,9.98863539677325));
#1145=CARTESIAN_POINT('',(-16.5987448659822,14.4956629909018,9.98863654491127));
#1146=CARTESIAN_POINT('',(-17.2567808281685,13.7412325420109,9.98863769304928));
#1147=CARTESIAN_POINT('',(-17.9148167903548,12.9868020931201,9.9886388411873));
#1148=CARTESIAN_POINT('',(-18.5728527525411,12.2323716442292,9.98863998932532));
#1149=CARTESIAN_POINT('',(-12.212795143846,18.5913466719238,9.58863036933603));
#1150=CARTESIAN_POINT('',(-12.9672621104044,17.9332786028498,9.58863151747414));
#1151=CARTESIAN_POINT('',(-13.7217290769627,17.2752105337759,9.58863266561226));
#1152=CARTESIAN_POINT('',(-14.4761960435211,16.6171424647019,9.58863381375037));
#1153=CARTESIAN_POINT('',(-15.2306630100795,15.959074395628,9.58863496188848));
#1154=CARTESIAN_POINT('',(-15.9401625264689,15.2495707324128,9.58863610999107));
#1155=CARTESIAN_POINT('',(-16.5981759177335,14.4951661291126,9.58863725812909));
#1156=CARTESIAN_POINT('',(-17.2561893089981,13.7407615258124,9.5886384062671));
#1157=CARTESIAN_POINT('',(-17.9142027002627,12.9863569225121,9.58863955440512));
#1158=CARTESIAN_POINT('',(-18.5722160915273,12.2319523192119,9.58864070254314));
#1159=CARTESIAN_POINT('',(-12.2123765923244,18.5907095021344,9.18863108255385));
#1160=CARTESIAN_POINT('',(-12.9668176859002,17.9326639725777,9.18863223069197));
#1161=CARTESIAN_POINT('',(-13.721258779476,17.2746184430209,9.18863337883008));
#1162=CARTESIAN_POINT('',(-14.4756998730518,16.6165729134641,9.18863452696819));
#1163=CARTESIAN_POINT('',(-15.2301409666276,15.9585273839073,9.1886356751063));
#1164=CARTESIAN_POINT('',(-15.939616149142,15.2490480250331,9.18863682320889));
#1165=CARTESIAN_POINT('',(-16.5976069694849,14.4946692673234,9.18863797134691));
#1166=CARTESIAN_POINT('',(-17.2555977898277,13.7402905096138,9.18863911948492));
#1167=CARTESIAN_POINT('',(-17.9135886101706,12.9859117519041,9.18864026762294));
#1168=CARTESIAN_POINT('',(-18.5715794305135,12.2315329941945,9.18864141576096));
#1169=CARTESIAN_POINT('',(-12.2021739262151,18.5751777688137,-0.561803346185576));
#1170=CARTESIAN_POINT('',(-12.9559843366166,17.9176816654469,-0.561802198047466));
#1171=CARTESIAN_POINT('',(-13.709794747018,17.2601855620802,-0.561801049909355));
#1172=CARTESIAN_POINT('',(-14.4636051574194,16.6026894587134,-0.561799901771245));
#1173=CARTESIAN_POINT('',(-15.2174155678209,15.9451933553466,-0.561798753633134));
#1174=CARTESIAN_POINT('',(-15.9262975846453,15.2363064422353,-0.561797605530542));
#1175=CARTESIAN_POINT('',(-16.5837382132766,14.4825576999898,-0.561796457392525));
#1176=CARTESIAN_POINT('',(-17.2411788419078,13.7288089577444,-0.561795309254508));
#1177=CARTESIAN_POINT('',(-17.8986194705391,12.975060215499,-0.561794161116491));
#1178=CARTESIAN_POINT('',(-18.5560600991703,12.2213114732535,-0.561793012978474));
#1179=CARTESIAN_POINT('',(-12.2006030855614,18.57278644503,-2.06301671809991));
#1180=CARTESIAN_POINT('',(-12.9543163936212,17.9153749333755,-2.06301556996179));
#1181=CARTESIAN_POINT('',(-13.708029701681,17.257963421721,-2.06301442182368));
#1182=CARTESIAN_POINT('',(-14.4617430097408,16.6005519100665,-2.06301327368557));
#1183=CARTESIAN_POINT('',(-15.2154563178006,15.9431403984119,-2.06301212554746));
#1184=CARTESIAN_POINT('',(-15.9242470086158,15.2343447004672,-2.06301097744487));
#1185=CARTESIAN_POINT('',(-16.5816029276723,14.4806929577602,-2.06300982930685));
#1186=CARTESIAN_POINT('',(-17.2389588467287,13.7270412150533,-2.06300868116884));
#1187=CARTESIAN_POINT('',(-17.8963147657851,12.9733894723463,-2.06300753303082));
#1188=CARTESIAN_POINT('',(-18.5536706848415,12.2197377296393,-2.0630063848928));
#1189=CARTESIAN_POINT('',(-12.2004727939481,18.5725880993653,-2.18753317470991));
#1190=CARTESIAN_POINT('',(-12.9541780479633,17.9151836040753,-2.1875320265718));
#1191=CARTESIAN_POINT('',(-13.7078833019785,17.2577791087853,-2.18753087843369));
#1192=CARTESIAN_POINT('',(-14.4615885559936,16.6003746134954,-2.18752973029558));
#1193=CARTESIAN_POINT('',(-15.2152938100088,15.9429701182054,-2.18752858215747));
#1194=CARTESIAN_POINT('',(-15.9240769258907,15.2341819860002,-2.18752743405487));
#1195=CARTESIAN_POINT('',(-16.5814258188067,14.4805382888109,-2.18752628591686));
#1196=CARTESIAN_POINT('',(-17.2387747117226,13.7268945916217,-2.18752513777884));
#1197=CARTESIAN_POINT('',(-17.8961236046385,12.9732508944325,-2.18752398964082));
#1198=CARTESIAN_POINT('',(-18.5534724975544,12.2196071972432,-2.18752284150281));
#1199=CARTESIAN_POINT('',(-14.0898403721814,-11.9874379407029,3.94525415237997));
#1200=CARTESIAN_POINT('',(-11.976393036816,-14.1008890444458,3.94525415237997));
#1201=CARTESIAN_POINT('',(-14.0821101308443,-11.9951681958233,3.94525415237997));
#1202=CARTESIAN_POINT('',(-14.0821101308443,-11.9951681958233,3.94525415237997));
#1203=CARTESIAN_POINT('',(-14.4609939606217,-12.3690432716327,3.3109064419067));
#1204=CARTESIAN_POINT('',(-14.8400349259797,-12.7427603713271,2.67655943951256));
#1205=CARTESIAN_POINT('',(-15.2187654297719,-13.1167895926422,2.04221103866278));
#1206=CARTESIAN_POINT('',(-15.2187654297719,-13.1167895926422,2.04221103866278));
#1207=CARTESIAN_POINT('',(-15.2189797334081,-13.1165752886239,2.04221103866278));
#1208=CARTESIAN_POINT('',(-13.0978843497904,-15.2376744542558,2.04221103866278));
#1209=CARTESIAN_POINT('',(-13.0978843497904,-15.2376744542558,2.04221103866278));
#1210=CARTESIAN_POINT('',(-12.7238957248026,-14.8589033162437,2.67655946431957));
#1211=CARTESIAN_POINT('',(-12.3502247742592,-14.4798162218481,3.3109064416955));
#1212=CARTESIAN_POINT('',(-11.976393036816,-14.1008890444458,3.94525415237997));
#1213=CARTESIAN_POINT('',(-15.1342012925386,-13.0317969989181,2.18509599478816));
#1214=CARTESIAN_POINT('',(-16.5986397574281,-14.4955006542602,9.98863689606227));
#1215=CARTESIAN_POINT('',(-16.0364037156833,-13.9257452734484,9.99014433070292));
#1216=CARTESIAN_POINT('',(-15.4697468975255,-13.360687924108,9.99165176534357));
#1217=CARTESIAN_POINT('',(-14.8987271294823,-12.8003811157863,9.99315919998421));
#1218=CARTESIAN_POINT('',(-16.5985148805539,-14.4956540178892,10.0000004192696));
#1219=CARTESIAN_POINT('',(-14.8987271294823,-12.8003811157863,9.99315919998421));
#1220=CARTESIAN_POINT('',(-16.5874679124378,-14.4857626753585,2.04221103866277));
#1221=CARTESIAN_POINT('',(-16.5976328141193,-14.4946396392299,9.18863797138885));
#1222=CARTESIAN_POINT('',(-16.5982017632545,-14.4951365000039,9.58863725817103));
#1223=CARTESIAN_POINT('',(-16.5987707123896,-14.495633360778,9.98863654495322));
#1224=CARTESIAN_POINT('',(-16.5987868755459,-14.4956474759911,10.0000000405167));
#1225=CARTESIAN_POINT('',(-16.5874679124378,-14.4857626753585,2.04221103866276));
#1226=CARTESIAN_POINT('',(-15.2187654297719,-13.1167895926422,2.04221103866278));
#1227=CARTESIAN_POINT('',(-15.6779543551077,-13.5701405193716,2.04221103866277));
#1228=CARTESIAN_POINT('',(-16.134206857393,-14.0264850383053,2.04221103866277));
#1229=CARTESIAN_POINT('',(-16.5874679124378,-14.4857626753585,2.04221103866276));
#1230=CARTESIAN_POINT('',(-14.0288849746254,-11.9422486682228,6.09456606619784));
#1231=CARTESIAN_POINT('',(-14.0466264393446,-11.959888764779,5.37812876155591));
#1232=CARTESIAN_POINT('',(-14.064368158084,-11.9775286073128,4.66169145694978));
#1233=CARTESIAN_POINT('',(-14.0821101308443,-11.9951681958233,3.94525415237997));
#1234=CARTESIAN_POINT('',(-14.0288849746254,-11.9422486682228,6.09456606619784));
#1235=CARTESIAN_POINT('',(-14.8091564847865,-12.7119208906167,6.3882318780903));
#1236=CARTESIAN_POINT('',(-14.5490664623428,-12.4553629960328,6.29034327295618));
#1237=CARTESIAN_POINT('',(-14.288975958955,-12.1988055885673,6.19245466899171));
#1238=CARTESIAN_POINT('',(-14.0288849746254,-11.9422486682228,6.09456606619784));
#1239=CARTESIAN_POINT('',(-14.8091564847865,-12.7119208906167,6.3882318780903));
#1240=CARTESIAN_POINT('',(-14.8091564847865,-12.7119208906167,6.3882318780903));
#1241=CARTESIAN_POINT('',(-14.8391410768702,-12.741279918328,7.58987425259371));
#1242=CARTESIAN_POINT('',(-14.8691250273887,-12.7706395876221,8.79151662743103));
#1243=CARTESIAN_POINT('',(-14.8991083363454,-12.7999998984956,9.9931590026002));
#1244=CARTESIAN_POINT('',(-12.5547575819733,-10.4871329525742,10.3993646737075));
#1245=CARTESIAN_POINT('',(-13.4314892860198,-11.3520631639778,10.3970442581192));
#1246=CARTESIAN_POINT('',(-14.3082209900662,-12.2169933753815,10.3947238425309));
#1247=CARTESIAN_POINT('',(-15.6594611086896,-13.5500447479552,10.3911475618736));
#1248=CARTESIAN_POINT('',(-16.1309345676501,-14.0214570903192,10.3898916968058));
#1249=CARTESIAN_POINT('',(-17.0677447553994,-14.9708033527848,10.387379966665));
#1250=CARTESIAN_POINT('',(-17.5361498492741,-15.4454764840175,10.3861241015946));
#1251=CARTESIAN_POINT('',(-18.0045549431488,-15.9201496152503,10.3848682365242));
#1252=CARTESIAN_POINT('',(-12.5367522185111,-10.4720070416869,-2.05228676569984));
#1253=CARTESIAN_POINT('',(-13.4135475167396,-11.3368634356068,-2.05460718128814));
#1254=CARTESIAN_POINT('',(-14.2903428149681,-12.2017198295268,-2.05692759687644));
#1255=CARTESIAN_POINT('',(-15.6416809464839,-13.5346574328083,-2.0605038775337));
#1256=CARTESIAN_POINT('',(-16.1131889585546,-14.0060299391505,-2.06175974260149));
#1257=CARTESIAN_POINT('',(-17.0500685197477,-14.9552967629364,-2.06427147274232));
#1258=CARTESIAN_POINT('',(-17.5185083003443,-15.4299301748294,-2.06552733781273));
#1259=CARTESIAN_POINT('',(-17.9869480809409,-15.9045635867223,-2.06678320288314));
#1260=CARTESIAN_POINT('',(-12.6930564450638,-14.8280247034467,6.38823187809029));
#1261=CARTESIAN_POINT('',(-12.7224099556622,-14.8580147529795,7.58987302168231));
#1262=CARTESIAN_POINT('',(-12.7517641192459,-14.8880041495428,8.79151416562019));
#1263=CARTESIAN_POINT('',(-12.7811189358115,-14.9179928931401,9.99315530990181));
#1264=CARTESIAN_POINT('',(-12.6930564450638,-14.8280247034467,6.3882318780903));
#1265=CARTESIAN_POINT('',(-12.7811189358115,-14.9179928931401,9.99315530990181));
#1266=CARTESIAN_POINT('',(-11.9234760265116,-14.0476613703813,6.09456606619784));
#1267=CARTESIAN_POINT('',(-12.1800023368659,-14.3077829708367,6.19245466894997));
#1268=CARTESIAN_POINT('',(-12.4365291430509,-14.5679040818593,6.29034327291445));
#1269=CARTESIAN_POINT('',(-12.6930564450638,-14.8280247034467,6.3882318780903));
#1270=CARTESIAN_POINT('',(-11.9234760265116,-14.0476613703813,6.09456606619784));
#1271=CARTESIAN_POINT('',(-11.976393036816,-14.1008890444458,3.94525415237997));
#1272=CARTESIAN_POINT('',(-11.9587542919162,-14.0831462278906,4.6616914569485));
#1273=CARTESIAN_POINT('',(-11.9411152884812,-14.0654036698694,5.37812876155465));
#1274=CARTESIAN_POINT('',(-11.9234760265116,-14.0476613703813,6.09456606619784));
#1275=CARTESIAN_POINT('',(-14.4668648564431,-16.6063714306343,2.04221103866276));
#1276=CARTESIAN_POINT('',(-14.0075325208163,-16.1531651629308,2.04221103866277));
#1277=CARTESIAN_POINT('',(-13.5511847882894,-15.6969138559786,2.04221103866277));
#1278=CARTESIAN_POINT('',(-13.0978843497904,-15.2376744542558,2.04221103866278));
#1279=CARTESIAN_POINT('',(-14.4668648564431,-16.6063714306343,2.04221103866276));
#1280=CARTESIAN_POINT('',(-14.4668648564431,-16.6063714306343,2.04221103866276));
#1281=CARTESIAN_POINT('',(-14.4767359440185,-16.6177023546685,10.0000000405285));
#1282=CARTESIAN_POINT('',(-14.4767424782072,-16.6174302853174,10.000000419817));
#1283=CARTESIAN_POINT('',(-14.4765891330526,-16.6175552417371,9.98863345162479));
#1284=CARTESIAN_POINT('',(-14.0019012731069,-16.1492452827759,9.98988908551019));
#1285=CARTESIAN_POINT('',(-13.5305332519181,-15.6778147996569,9.99114471939277));
#1286=CARTESIAN_POINT('',(-12.9687173222601,-15.1081965769867,9.99265200548502));
#1287=CARTESIAN_POINT('',(-12.8749181290358,-15.0130947350634,9.99290365769341));
#1288=CARTESIAN_POINT('',(-12.7811189358115,-14.9179928931401,9.99315530990181));
#1289=CARTESIAN_POINT('',(-15.9014200631528,-18.0233113818503,10.3848651346625));
#1290=CARTESIAN_POINT('',(-15.4266860473019,-17.5549594945271,10.3861208855626));
#1291=CARTESIAN_POINT('',(-14.951952031451,-17.0866076072039,10.3873766364627));
#1292=CARTESIAN_POINT('',(-14.0024839997492,-16.1499038325575,10.3898881382629));
#1293=CARTESIAN_POINT('',(-13.5310704346383,-15.6784308317561,10.3911438891602));
#1294=CARTESIAN_POINT('',(-12.198180710298,-14.327037400924,10.3947198656045));
#1295=CARTESIAN_POINT('',(-11.3333526455078,-13.4502034481862,10.3970400911503));
#1296=CARTESIAN_POINT('',(-10.4685245807176,-12.5733694954485,10.399360316696));
#1297=CARTESIAN_POINT('',(-15.8862650439025,-18.0061537381687,-1.73738877365764));
#1298=CARTESIAN_POINT('',(-15.4115704282574,-17.5377675268236,-1.73613302275752));
#1299=CARTESIAN_POINT('',(-14.9368758126123,-17.0693813154785,-1.73487727185741));
#1300=CARTESIAN_POINT('',(-13.987486581322,-16.1326088927883,-1.73236577005717));
#1301=CARTESIAN_POINT('',(-13.5161125339434,-15.6611017028727,-1.73111001915987));
#1302=CARTESIAN_POINT('',(-12.1833356754846,-14.3096112988418,-1.72753404271558));
#1303=CARTESIAN_POINT('',(-11.3185808422455,-13.4327144263123,-1.72521381716985));
#1304=CARTESIAN_POINT('',(-10.4538260090063,-12.5558175537829,-1.72289359162412));
#1305=CARTESIAN_POINT('',(-16.5874679124378,-14.4857626753585,2.04221103866276));
#1306=CARTESIAN_POINT('',(-15.9303699689731,-15.2391210413362,2.04221103866276));
#1307=CARTESIAN_POINT('',(-15.2202202199591,-15.9492700448834,2.04221103866276));
#1308=CARTESIAN_POINT('',(-14.4668648564431,-16.6063714306343,2.04221103866276));
#1309=CARTESIAN_POINT('',(-16.5987707123896,-14.495633360778,9.98863654495322));
#1310=CARTESIAN_POINT('',(-15.940736095394,-15.2500649830796,9.98863539681725));
#1311=CARTESIAN_POINT('',(-15.231213510243,-15.9595942157475,9.9886342487167));
#1312=CARTESIAN_POINT('',(-14.4767218441147,-16.617686169528,9.98863310058064));
#1313=CARTESIAN_POINT('',(-18.5735112251386,-12.2327578177544,10.3886392761433));
#1314=CARTESIAN_POINT('',(-17.9154540372673,-12.9872152856869,10.3886381280073));
#1315=CARTESIAN_POINT('',(-17.2573968493961,-13.7416727536195,10.3886369798714));
#1316=CARTESIAN_POINT('',(-16.5993396615248,-14.496130221552,10.3886358317354));
#1317=CARTESIAN_POINT('',(-15.9412824736535,-15.2505876894845,10.3886346835994));
#1318=CARTESIAN_POINT('',(-15.2317355546708,-15.9601412265368,10.3886335354989));
#1319=CARTESIAN_POINT('',(-14.4772180156001,-16.6182557198807,10.3886323873628));
#1320=CARTESIAN_POINT('',(-13.7227004765294,-17.2763702132246,10.3886312392268));
#1321=CARTESIAN_POINT('',(-12.9681829374587,-17.9344847065685,10.3886300910907));
#1322=CARTESIAN_POINT('',(-12.2136653983881,-18.5925991999124,10.3886289429546));
#1323=CARTESIAN_POINT('',(-18.5728745633766,-12.232338493873,9.98863998936113));
#1324=CARTESIAN_POINT('',(-17.9148399463809,-12.9867701161747,9.98863884122516));
#1325=CARTESIAN_POINT('',(-17.2568053293853,-13.7412017384763,9.98863769308919));
#1326=CARTESIAN_POINT('',(-16.5987707123896,-14.495633360778,9.98863654495322));
#1327=CARTESIAN_POINT('',(-15.940736095394,-15.2500649830796,9.98863539681725));
#1328=CARTESIAN_POINT('',(-15.231213510243,-15.9595942157475,9.9886342487167));
#1329=CARTESIAN_POINT('',(-14.4767218441147,-16.617686169528,9.98863310058064));
#1330=CARTESIAN_POINT('',(-13.7222301779864,-17.2757781233086,9.98863195244457));
#1331=CARTESIAN_POINT('',(-12.9677385118581,-17.9338700770892,9.98863080430851));
#1332=CARTESIAN_POINT('',(-12.2132468457298,-18.5919620308698,9.98862965617245));
#1333=CARTESIAN_POINT('',(-18.5722379016145,-12.2319191699917,9.58864070257895));
#1334=CARTESIAN_POINT('',(-17.9142258554945,-12.9863249466624,9.58863955444298));
#1335=CARTESIAN_POINT('',(-17.2562138093745,-13.7407307233332,9.58863840630701));
#1336=CARTESIAN_POINT('',(-16.5982017632545,-14.4951365000039,9.58863725817104));
#1337=CARTESIAN_POINT('',(-15.9401897171344,-15.2495422766747,9.58863611003507));
#1338=CARTESIAN_POINT('',(-15.2306914658151,-15.9590472049582,9.58863496193452));
#1339=CARTESIAN_POINT('',(-14.4762256726292,-16.6171166191754,9.58863381379846));
#1340=CARTESIAN_POINT('',(-13.7217598794433,-17.2751860333926,9.5886326656624));
#1341=CARTESIAN_POINT('',(-12.9672940862574,-17.9332554476098,9.58863151752633));
#1342=CARTESIAN_POINT('',(-12.2128282930714,-18.5913248618271,9.58863036939027));
#1343=CARTESIAN_POINT('',(-18.5716012398525,-12.2314998461103,9.18864141579677));
#1344=CARTESIAN_POINT('',(-17.9136117646081,-12.9858797771502,9.1886402676608));
#1345=CARTESIAN_POINT('',(-17.2556222893637,-13.74025970819,9.18863911952483));
#1346=CARTESIAN_POINT('',(-16.5976328141193,-14.4946396392299,9.18863797138886));
#1347=CARTESIAN_POINT('',(-15.9396433388749,-15.2490195702698,9.18863682325289));
#1348=CARTESIAN_POINT('',(-15.2301694213873,-15.9585001941689,9.18863567515234));
#1349=CARTESIAN_POINT('',(-14.4757295011438,-16.6165470688227,9.18863452701628));
#1350=CARTESIAN_POINT('',(-13.7212895809002,-17.2745939434766,9.18863337888022));
#1351=CARTESIAN_POINT('',(-12.9668496606567,-17.9326408181305,9.18863223074415));
#1352=CARTESIAN_POINT('',(-12.2124097404131,-18.5906876927844,9.18863108260809));
#1353=CARTESIAN_POINT('',(-18.556081890336,-12.2212783529042,-0.561792971761668));
#1354=CARTESIAN_POINT('',(-17.8986426056774,-12.9750282675002,-0.561794119897638));
#1355=CARTESIAN_POINT('',(-17.2412033210188,-13.7287781820961,-0.561795268033608));
#1356=CARTESIAN_POINT('',(-16.5837640363602,-14.4825280966921,-0.561796416169578));
#1357=CARTESIAN_POINT('',(-15.9263247517016,-15.236278011288,-0.561797564305548));
#1358=CARTESIAN_POINT('',(-15.2174439988451,-15.9451661883678,-0.561798712406095));
#1359=CARTESIAN_POINT('',(-14.4636347607938,-16.6026636357083,-0.561799860542158));
#1360=CARTESIAN_POINT('',(-13.7098255227424,-17.2601610830487,-0.561801008678222));
#1361=CARTESIAN_POINT('',(-12.956016284691,-17.9176585303892,-0.561802156814286));
#1362=CARTESIAN_POINT('',(-12.2022070466397,-18.5751559777296,-0.561803304950349));
#1363=CARTESIAN_POINT('',(-18.5545938996301,-12.2202983191164,-1.49666177743795));
#1364=CARTESIAN_POINT('',(-17.8972073670844,-12.9739878279194,-1.49666292557392));
#1365=CARTESIAN_POINT('',(-17.2398208345387,-13.7276773367225,-1.49666407370989));
#1366=CARTESIAN_POINT('',(-16.582434301993,-14.4813668455255,-1.49666522184586));
#1367=CARTESIAN_POINT('',(-15.9250477694473,-15.2350563543285,-1.49666636998183));
#1368=CARTESIAN_POINT('',(-15.2162238890427,-15.9438877277801,-1.49666751808238));
#1369=CARTESIAN_POINT('',(-14.462475120616,-16.6013324961899,-1.49666866621844));
#1370=CARTESIAN_POINT('',(-13.7087263521893,-17.2587772645998,-1.4966698143545));
#1371=CARTESIAN_POINT('',(-12.9549775837626,-17.9162220330097,-1.49667096249057));
#1372=CARTESIAN_POINT('',(-12.201228815336,-18.5736668014195,-1.49667211062663));
#1373=CARTESIAN_POINT('',(-18.5535772627858,-12.2196287326375,-2.13539027800628));
#1374=CARTESIAN_POINT('',(-17.8962267719583,-12.9732769705143,-2.13539142614225));
#1375=CARTESIAN_POINT('',(-17.2388762811307,-13.7269252083911,-2.13539257427822));
#1376=CARTESIAN_POINT('',(-16.5815257903031,-14.4805734462679,-2.13539372241419));
#1377=CARTESIAN_POINT('',(-15.9241752994756,-15.2342216841447,-2.13539487055016));
#1378=CARTESIAN_POINT('',(-15.2153902759198,-15.9430142477695,-2.13539601865071));
#1379=CARTESIAN_POINT('',(-14.461682822031,-16.6004230244615,-2.13539716678677));
#1380=CARTESIAN_POINT('',(-13.7079753681422,-17.2578318011534,-2.13539831492283));
#1381=CARTESIAN_POINT('',(-12.9542679142534,-17.9152405778453,-2.1353994630589));
#1382=CARTESIAN_POINT('',(-12.2005604603646,-18.5726493545373,-2.13540061119496));
#1383=CARTESIAN_POINT('',(12.0063791181666,-14.1087815496451,3.94525415237997));
#1384=CARTESIAN_POINT('',(14.1198511818494,-11.9953132543772,3.94525415237997));
#1385=CARTESIAN_POINT('',(12.0140887520437,-14.1010719295147,3.94525415237997));
#1386=CARTESIAN_POINT('',(12.0140887520437,-14.1010719295147,3.94525415237997));
#1387=CARTESIAN_POINT('',(12.3879701889178,-14.4799493982041,3.31090644193589));
#1388=CARTESIAN_POINT('',(12.7616940549219,-14.8589836015078,2.67655943596573));
#1389=CARTESIAN_POINT('',(13.1357292413231,-15.2377081360157,2.04221103866278));
#1390=CARTESIAN_POINT('',(13.1357292413231,-15.2377081360157,2.04221103866278));
#1391=CARTESIAN_POINT('',(13.1355164660876,-15.2379209108718,2.04221103866278));
#1392=CARTESIAN_POINT('',(15.2566171655974,-13.116823993379,2.04221103866278));
#1393=CARTESIAN_POINT('',(15.2566171655974,-13.116823993379,2.04221103866278));
#1394=CARTESIAN_POINT('',(14.877852101225,-12.7428292991203,2.67655946064706));
#1395=CARTESIAN_POINT('',(14.4987718870058,-12.3691514640189,3.31090644172573));
#1396=CARTESIAN_POINT('',(14.1198511818494,-11.9953132543772,3.94525415237997));
#1397=CARTESIAN_POINT('',(13.0507381763818,-15.1531424700023,2.18509599478816));
#1398=CARTESIAN_POINT('',(14.5144411142372,-16.6175827001304,9.98858642497867));
#1399=CARTESIAN_POINT('',(13.9446953609841,-16.0553370333803,9.99009387051297));
#1400=CARTESIAN_POINT('',(13.3796355884446,-15.4886816451186,9.99160131604728));
#1401=CARTESIAN_POINT('',(12.8193140436743,-14.9176740655873,9.99310876158158));
#1402=CARTESIAN_POINT('',(14.5145951616681,-16.6174572706919,10.0000004211034));
#1403=CARTESIAN_POINT('',(12.8193140436743,-14.9176740655873,9.99310876158158));
#1404=CARTESIAN_POINT('',(14.5047028623338,-16.6064123210437,2.04221103866277));
#1405=CARTESIAN_POINT('',(14.5135805955062,-16.616576424296,9.18858749873724));
#1406=CARTESIAN_POINT('',(14.5140775028489,-16.6171453327595,9.58858678551942));
#1407=CARTESIAN_POINT('',(14.5145744101917,-16.617714241223,9.9885860723016));
#1408=CARTESIAN_POINT('',(14.5145885894288,-16.61773047501,10.0000000406966));
#1409=CARTESIAN_POINT('',(14.5047028623338,-16.6064123210437,2.04221103866276));
#1410=CARTESIAN_POINT('',(13.1357292413231,-15.2377081360157,2.04221103866278));
#1411=CARTESIAN_POINT('',(13.5890879036854,-15.6968901660655,2.04221103866277));
#1412=CARTESIAN_POINT('',(14.0454324988933,-16.1531431441468,2.04221103866277));
#1413=CARTESIAN_POINT('',(14.5047028623338,-16.6064123210437,2.04221103866276));
#1414=CARTESIAN_POINT('',(11.9611685899897,-14.047847407748,6.09456606619784));
#1415=CARTESIAN_POINT('',(11.9788088973862,-14.0655886616273,5.37812876155615));
#1416=CARTESIAN_POINT('',(11.9964489514044,-14.0833301688826,4.66169145695002));
#1417=CARTESIAN_POINT('',(12.0140887520437,-14.1010719295147,3.94525415237997));
#1418=CARTESIAN_POINT('',(11.9611685899897,-14.047847407748,6.09456606619784));
#1419=CARTESIAN_POINT('',(12.7308540821515,-14.8281056481649,6.38823187809029));
#1420=CARTESIAN_POINT('',(12.4742917655549,-14.5680200477572,6.29034327296207));
#1421=CARTESIAN_POINT('',(12.2177299348334,-14.3079339676175,6.1924546689976));
#1422=CARTESIAN_POINT('',(11.9611685899897,-14.047847407748,6.09456606619784));
#1423=CARTESIAN_POINT('',(12.7308540821515,-14.8281056481649,6.38823187809029));
#1424=CARTESIAN_POINT('',(12.7308540821515,-14.8281056481649,6.38823187809029));
#1425=CARTESIAN_POINT('',(12.7602133439022,-14.858089175918,7.58985744009538));
#1426=CARTESIAN_POINT('',(12.78957324559,-14.8880720637515,8.79148300243282));
#1427=CARTESIAN_POINT('',(12.8189337872116,-14.9180543116687,9.99310856510059));
#1428=CARTESIAN_POINT('',(10.5060283635224,-12.5737442204066,10.3993142662062));
#1429=CARTESIAN_POINT('',(11.3709738071296,-13.4504615375191,10.3969938369156));
#1430=CARTESIAN_POINT('',(12.2359192507367,-14.3271788546317,10.394673407625));
#1431=CARTESIAN_POINT('',(13.5689943226214,-15.678397025871,10.3910971052509));
#1432=CARTESIAN_POINT('',(14.0404066104339,-16.1498704312774,10.3898412321686));
#1433=CARTESIAN_POINT('',(14.9897360246351,-17.0866958680957,10.3873294859989));
#1434=CARTESIAN_POINT('',(15.4644007317357,-17.5551085865049,10.386073612914));
#1435=CARTESIAN_POINT('',(15.9390654388362,-18.0235213049141,10.3848177398292));
#1436=CARTESIAN_POINT('',(10.4909001747295,-12.5557409176615,-2.05228251980881));
#1437=CARTESIAN_POINT('',(11.355771995059,-13.4325216743432,-2.05460294909943));
#1438=CARTESIAN_POINT('',(12.2206438153885,-14.3093024310249,-2.05692337839006));
#1439=CARTESIAN_POINT('',(13.5536054172772,-15.6606183768796,-2.06049968076412));
#1440=CARTESIAN_POINT('',(14.0249779735794,-16.1321262510347,-2.06175555384639));
#1441=CARTESIAN_POINT('',(14.9742281569677,-17.0690208912046,-2.06426730001612));
#1442=CARTESIAN_POINT('',(15.4488532486618,-17.5374682112896,-2.06552317310099));
#1443=CARTESIAN_POINT('',(15.923478340356,-18.0059155313746,-2.06677904618586));
#1444=CARTESIAN_POINT('',(14.8469739846331,-12.7119895188193,6.38823187809029));
#1445=CARTESIAN_POINT('',(14.8769629584846,-12.7413432748785,7.5898562106636));
#1446=CARTESIAN_POINT('',(14.906951281041,-12.7706976822485,8.79148054358116));
#1447=CARTESIAN_POINT('',(14.9369389523058,-12.800052740926,9.99310487684086));
#1448=CARTESIAN_POINT('',(14.8469739846331,-12.7119895188193,6.3882318780903));
#1449=CARTESIAN_POINT('',(14.9369389523058,-12.800052740926,9.99310487684086));
#1450=CARTESIAN_POINT('',(14.0666241532512,-11.9423955986076,6.09456606619784));
#1451=CARTESIAN_POINT('',(14.3267412519124,-12.1989264107804,6.19245466895607));
#1452=CARTESIAN_POINT('',(14.5868578623739,-12.4554577175185,6.29034327292055));
#1453=CARTESIAN_POINT('',(14.8469739846331,-12.7119895188193,6.3882318780903));
#1454=CARTESIAN_POINT('',(14.0666241532512,-11.9423955986076,6.09456606619784));
#1455=CARTESIAN_POINT('',(14.1198511818494,-11.9953132543772,3.94525415237997));
#1456=CARTESIAN_POINT('',(14.1021085811051,-11.9776742936669,4.66169145694875));
#1457=CARTESIAN_POINT('',(14.0843662382393,-11.9600350750768,5.37812876155489));
#1458=CARTESIAN_POINT('',(14.0666241532512,-11.9423955986076,6.09456606619784));
#1459=CARTESIAN_POINT('',(16.6253158522737,-14.4858050259698,2.04221103866276));
#1460=CARTESIAN_POINT('',(16.1721013273303,-14.0264800971732,2.04221103866277));
#1461=CARTESIAN_POINT('',(15.715849545086,-13.5701322962622,2.04221103866277));
#1462=CARTESIAN_POINT('',(15.2566171655974,-13.116823993379,2.04221103866278));
#1463=CARTESIAN_POINT('',(16.6253158522737,-14.4858050259698,2.04221103866276));
#1464=CARTESIAN_POINT('',(16.6253158522737,-14.4858050259698,2.04221103866277));
#1465=CARTESIAN_POINT('',(16.6366459538766,-14.4956770575272,10.0000000407089));
#1466=CARTESIAN_POINT('',(16.6363726753228,-14.4956836220262,10.0000004216525));
#1467=CARTESIAN_POINT('',(16.636498184268,-14.4955295932401,9.98858298470275));
#1468=CARTESIAN_POINT('',(16.1681806718338,-14.0208505060892,9.98983862636918));
#1469=CARTESIAN_POINT('',(15.6967504423748,-13.5494827343093,9.99109426803282));
#1470=CARTESIAN_POINT('',(15.1271409474089,-12.9876559580327,9.99260156541209));
#1471=CARTESIAN_POINT('',(15.0320399498573,-12.8938543494793,9.99285322112647));
#1472=CARTESIAN_POINT('',(14.9369389523058,-12.800052740926,9.99310487684086));
#1473=CARTESIAN_POINT('',(18.0422781203636,-15.9203354244335,10.384814641262));
#1474=CARTESIAN_POINT('',(17.5739184825983,-15.4456099871559,10.3860704004657));
#1475=CARTESIAN_POINT('',(17.1055588448331,-14.9708845498784,10.3873261596694));
#1476=CARTESIAN_POINT('',(16.1688395693026,-14.0214336753233,10.3898376780768));
#1477=CARTESIAN_POINT('',(15.6973666240852,-13.5500201665845,10.3910934372777));
#1478=CARTESIAN_POINT('',(14.3459955228545,-12.217106327794,10.3946694361835));
#1479=CARTESIAN_POINT('',(13.4691762155756,-11.3522627717001,10.3969896758871));
#1480=CARTESIAN_POINT('',(12.5923569082966,-10.4874192156063,10.3993099155907));
#1481=CARTESIAN_POINT('',(18.0251222790698,-15.9051799839431,-1.73687306967431));
#1482=CARTESIAN_POINT('',(17.5567284028079,-15.4304938420881,-1.7356173104706));
#1483=CARTESIAN_POINT('',(17.0883345265461,-14.9558077002332,-1.7343615512669));
#1484=CARTESIAN_POINT('',(16.1515467740224,-14.0064354165233,-1.73185003285949));
#1485=CARTESIAN_POINT('',(15.6800397245146,-13.5350613201421,-1.73059427365858));
#1486=CARTESIAN_POINT('',(14.3285718896568,-12.2022600454616,-1.7270182747528));
#1487=CARTESIAN_POINT('',(13.4516898180403,-11.3374895251052,-1.72469803504918));
#1488=CARTESIAN_POINT('',(12.5748077464238,-10.4727190047488,-1.72237779534556));
#1489=CARTESIAN_POINT('',(14.5047028623338,-16.6064123210437,2.04221103866276));
#1490=CARTESIAN_POINT('',(15.258008462505,-15.9492508486,2.04221103866276));
#1491=CARTESIAN_POINT('',(15.968150944501,-15.239107629248,2.04221103866276));
#1492=CARTESIAN_POINT('',(16.6253158522737,-14.4858050259698,2.04221103866276));
#1493=CARTESIAN_POINT('',(14.5145744101917,-16.617714241223,9.9885860723016));
#1494=CARTESIAN_POINT('',(15.2689511902414,-15.959617751892,9.988584925553));
#1495=CARTESIAN_POINT('',(15.9784760042021,-15.2500995660283,9.98858377883962));
#1496=CARTESIAN_POINT('',(16.6366296980549,-14.495662893666,9.98858263209092));
#1497=CARTESIAN_POINT('',(12.251863540005,-18.5926402545763,10.3885887993296));
#1498=CARTESIAN_POINT('',(13.0062661325148,-17.9345212196131,10.388587652581));
#1499=CARTESIAN_POINT('',(13.7606687250246,-17.2764021846498,10.3885865058324));
#1500=CARTESIAN_POINT('',(14.5150713175345,-16.6182831496865,10.3885853590838));
#1501=CARTESIAN_POINT('',(15.2694739100443,-15.9601641147233,10.3885842123352));
#1502=CARTESIAN_POINT('',(15.9790229988173,-15.2506216246713,10.3885830656218));
#1503=CARTESIAN_POINT('',(16.6371992070679,-14.4961591126008,10.3885819188731));
#1504=CARTESIAN_POINT('',(17.2953754153185,-13.7416966005304,10.3885807721244));
#1505=CARTESIAN_POINT('',(17.953551623569,-12.9872340884599,10.3885796253757));
#1506=CARTESIAN_POINT('',(18.6117278318196,-12.2327715763894,10.388578478627));
#1507=CARTESIAN_POINT('',(12.2514440700427,-18.5920037092161,9.98858951254739));
#1508=CARTESIAN_POINT('',(13.0058208500924,-17.9339072198851,9.98858836579879));
#1509=CARTESIAN_POINT('',(13.760197630142,-17.2758107305541,9.98858721905019));
#1510=CARTESIAN_POINT('',(14.5145744101917,-16.617714241223,9.9885860723016));
#1511=CARTESIAN_POINT('',(15.2689511902414,-15.959617751892,9.988584925553));
#1512=CARTESIAN_POINT('',(15.9784760042021,-15.2500995660283,9.98858377883962));
#1513=CARTESIAN_POINT('',(16.6366296980549,-14.495662893666,9.98858263209092));
#1514=CARTESIAN_POINT('',(17.2947833919076,-13.7412262213038,9.98858148534223));
#1515=CARTESIAN_POINT('',(17.9529370857603,-12.9867895489415,9.98858033859354));
#1516=CARTESIAN_POINT('',(18.6110907796131,-12.2323528765792,9.98857919184485));
#1517=CARTESIAN_POINT('',(12.2510246000804,-18.5913671638559,9.58859022576521));
#1518=CARTESIAN_POINT('',(13.0053755676699,-17.9332932201571,9.58858907901661));
#1519=CARTESIAN_POINT('',(13.7597265352594,-17.2752192764583,9.58858793226801));
#1520=CARTESIAN_POINT('',(14.5140775028489,-16.6171453327595,9.58858678551942));
#1521=CARTESIAN_POINT('',(15.2684284704384,-15.9590713890607,9.58858563877082));
#1522=CARTESIAN_POINT('',(15.977929009587,-15.2495775073853,9.58858449205744));
#1523=CARTESIAN_POINT('',(16.6360601890418,-14.4951666747312,9.58858334530875));
#1524=CARTESIAN_POINT('',(17.2941913684967,-13.7407558420772,9.58858219856005));
#1525=CARTESIAN_POINT('',(17.9523225479516,-12.9863450094232,9.58858105181136));
#1526=CARTESIAN_POINT('',(18.6104537274065,-12.2319341767691,9.58857990506267));
#1527=CARTESIAN_POINT('',(12.2506051301181,-18.5907306184957,9.18859093898303));
#1528=CARTESIAN_POINT('',(13.0049302852475,-17.9326792204291,9.18858979223443));
#1529=CARTESIAN_POINT('',(13.7592554403768,-17.2746278223626,9.18858864548583));
#1530=CARTESIAN_POINT('',(14.5135805955062,-16.616576424296,9.18858749873724));
#1531=CARTESIAN_POINT('',(15.2679057506355,-15.9585250262294,9.18858635198864));
#1532=CARTESIAN_POINT('',(15.9773820149718,-15.2490554487422,9.18858520527526));
#1533=CARTESIAN_POINT('',(16.6354906800288,-14.4946704557964,9.18858405852657));
#1534=CARTESIAN_POINT('',(17.2935993450859,-13.7402854628506,9.18858291177787));
#1535=CARTESIAN_POINT('',(17.9517080101429,-12.9859004699048,9.18858176502918));
#1536=CARTESIAN_POINT('',(18.6098166751999,-12.231515476959,9.18858061828049));
#1537=CARTESIAN_POINT('',(12.2403782135544,-18.5752112801093,-0.563619467577953));
#1538=CARTESIAN_POINT('',(12.9940740462052,-17.9177095573957,-0.563620614326551));
#1539=CARTESIAN_POINT('',(13.747769878856,-17.2602078346822,-0.563621761075148));
#1540=CARTESIAN_POINT('',(14.5014657115067,-16.6027061119686,-0.563622907823745));
#1541=CARTESIAN_POINT('',(15.2551615441575,-15.9452043892551,-0.563624054572342));
#1542=CARTESIAN_POINT('',(15.9640459747471,-15.2363273617187,-0.563625201285726));
#1543=CARTESIAN_POINT('',(16.621605725963,-14.482572355575,-0.563626348034417));
#1544=CARTESIAN_POINT('',(17.2791654771788,-13.7288173494314,-0.563627494783107));
#1545=CARTESIAN_POINT('',(17.9367252283947,-12.9750623432878,-0.563628641531798));
#1546=CARTESIAN_POINT('',(18.5942849796106,-12.2213073371441,-0.563629788280489));
#1547=CARTESIAN_POINT('',(12.2393998710314,-18.573726646048,-1.49654994321373));
#1548=CARTESIAN_POINT('',(12.993035500498,-17.9162775071967,-1.49655108996233));
#1549=CARTESIAN_POINT('',(13.7466711299646,-17.2588283683454,-1.49655223671092));
#1550=CARTESIAN_POINT('',(14.5003067594312,-16.6013792294941,-1.49655338345952));
#1551=CARTESIAN_POINT('',(15.2539423888978,-15.9439300906428,-1.49655453020812));
#1552=CARTESIAN_POINT('',(15.9627702026061,-15.2351097485022,-1.4965556769215));
#1553=CARTESIAN_POINT('',(16.6202774428086,-14.4814150090943,-1.49655682367019));
#1554=CARTESIAN_POINT('',(17.2777846830111,-13.7277202696863,-1.49655797041888));
#1555=CARTESIAN_POINT('',(17.9352919232136,-12.9740255302784,-1.49655911716757));
#1556=CARTESIAN_POINT('',(18.5927991634161,-12.2203307908704,-1.49656026391626));
#1557=CARTESIAN_POINT('',(12.2387299384152,-18.5727100237942,-2.13538607631876));
#1558=CARTESIAN_POINT('',(12.9923243429777,-17.9152968924183,-2.13538722306736));
#1559=CARTESIAN_POINT('',(13.7459187475402,-17.2578837610425,-2.13538836981595));
#1560=CARTESIAN_POINT('',(14.4995131521027,-16.6004706296667,-2.13538951656455));
#1561=CARTESIAN_POINT('',(15.2531075566653,-15.9430574982908,-2.13539066331315));
#1562=CARTESIAN_POINT('',(15.9618966012365,-15.2342759722036,-2.13539181002653));
#1563=CARTESIAN_POINT('',(16.6193678838477,-14.4806225012175,-2.13539295677522));
#1564=CARTESIAN_POINT('',(17.276839166459,-13.7269690302313,-2.13539410352391));
#1565=CARTESIAN_POINT('',(17.9343104490702,-12.9733155592452,-2.1353952502726));
#1566=CARTESIAN_POINT('',(18.5917817316815,-12.219662088259,-2.13539639702129));
#1567=CARTESIAN_POINT('',(-36.0198006624876,-4.71498088104332,9.96223182685289));
#1568=CARTESIAN_POINT('',(-36.0198006624876,4.71498088104332,9.96223182685288));
#1569=CARTESIAN_POINT('',(-35.0823016643022,9.42810661844913,9.96223182685289));
#1570=CARTESIAN_POINT('',(-31.4736115301153,18.140255282805,9.96223182685288));
#1571=CARTESIAN_POINT('',(-28.8038402595833,22.135850351282,9.96223182685289));
#1572=CARTESIAN_POINT('',(-22.135850351282,28.8038402595833,9.96223182685288));
#1573=CARTESIAN_POINT('',(-18.140255282805,31.4736115301153,9.96223182685289));
#1574=CARTESIAN_POINT('',(-9.42810661844912,35.0823016643022,9.96223182685288));
#1575=CARTESIAN_POINT('',(-4.71498088104332,36.0198006624876,9.96223182685289));
#1576=CARTESIAN_POINT('',(4.71498088104332,36.0198006624876,9.96223182685288));
#1577=CARTESIAN_POINT('',(9.42810661844912,35.0823016643022,9.96223182685289));
#1578=CARTESIAN_POINT('',(18.140255282805,31.4736115301153,9.96223182685288));
#1579=CARTESIAN_POINT('',(22.135850351282,28.8038402595833,9.96223182685289));
#1580=CARTESIAN_POINT('',(28.8038402595833,22.135850351282,9.96223182685288));
#1581=CARTESIAN_POINT('',(31.4736115301153,18.140255282805,9.96223182685289));
#1582=CARTESIAN_POINT('',(35.0823016643022,9.42810661844912,9.96223182685288));
#1583=CARTESIAN_POINT('',(36.0198006624876,4.71498088104333,9.96223182685289));
#1584=CARTESIAN_POINT('',(36.0198006624876,-4.71498088104331,9.96223182685288));
#1585=CARTESIAN_POINT('',(35.0823016643022,-9.42810661844912,9.96223182685289));
#1586=CARTESIAN_POINT('',(31.4736115301153,-18.140255282805,9.96223182685288));
#1587=CARTESIAN_POINT('',(28.8038402595833,-22.135850351282,9.96223182685289));
#1588=CARTESIAN_POINT('',(22.135850351282,-28.8038402595833,9.96223182685288));
#1589=CARTESIAN_POINT('',(18.1402552828051,-31.4736115301153,9.96223182685289));
#1590=CARTESIAN_POINT('',(9.42810661844914,-35.0823016643022,9.96223182685288));
#1591=CARTESIAN_POINT('',(4.71498088104333,-36.0198006624876,9.96223182685289));
#1592=CARTESIAN_POINT('',(-4.71498088104331,-36.0198006624876,9.96223182685288));
#1593=CARTESIAN_POINT('',(-9.42810661844913,-35.0823016643022,9.96223182685289));
#1594=CARTESIAN_POINT('',(-18.140255282805,-31.4736115301153,9.96223182685288));
#1595=CARTESIAN_POINT('',(-22.135850351282,-28.8038402595833,9.96223182685289));
#1596=CARTESIAN_POINT('',(-28.8038402595833,-22.135850351282,9.96223182685288));
#1597=CARTESIAN_POINT('',(-31.4736115301153,-18.1402552828051,9.96223182685289));
#1598=CARTESIAN_POINT('',(-35.0823016643022,-9.42810661844914,9.96223182685288));
#1599=CARTESIAN_POINT('',(-36.0198006624876,-4.71498088104332,9.96223182685289));
#1600=CARTESIAN_POINT('',(-36.0198006624876,4.71498088104332,9.96223182685288));
#1601=CARTESIAN_POINT('',(-36.0198006624876,-4.41115335872411E-15,9.96223182685289));
#1602=CARTESIAN_POINT('',(0.,0.,10.));
#1603=CARTESIAN_POINT('',(-16.0198325730883,0.,10.));
#1604=CARTESIAN_POINT('',(0.,0.,10.));
#1605=CARTESIAN_POINT('',(14.9369389514074,-12.8000527400351,9.99310484061146));
#1606=CARTESIAN_POINT('',(14.5839454768433,-13.1530491611512,9.99317724979438));
#1607=CARTESIAN_POINT('',(14.2309511155804,-13.506044704746,9.99321393547861));
#1608=CARTESIAN_POINT('',(13.8779558652165,-13.8590393574943,9.99321457920354));
#1609=CARTESIAN_POINT('',(13.5250761440176,-14.2119184812731,9.99321522271779));
#1610=CARTESIAN_POINT('',(13.1721955324907,-14.5647967165974,9.99317984786194));
#1611=CARTESIAN_POINT('',(12.8193140436743,-14.9176740655873,9.99310876158158));
#1612=CARTESIAN_POINT('',(-12.7811189349172,-14.9179928922384,9.99315527353565));
#1613=CARTESIAN_POINT('',(-13.1341133160566,-14.5650014624749,9.99322778032218));
#1614=CARTESIAN_POINT('',(-13.4871068185088,-14.2120091448219,9.99326451589383));
#1615=CARTESIAN_POINT('',(-13.8400994289019,-13.85901593686,9.99326516049422));
#1616=CARTESIAN_POINT('',(-14.1929762180433,-13.5061385503459,9.9932658048831));
#1617=CARTESIAN_POINT('',(-14.5458521175246,-13.1532602722934,9.99323038198187));
#1618=CARTESIAN_POINT('',(-14.8987271294823,-12.8003811157863,9.99315919998421));
#1619=CARTESIAN_POINT('',(-14.8990855163774,12.8000265009473,9.99315912303104));
#1620=CARTESIAN_POINT('',(-14.5460828056618,13.1530321001297,9.99323035638563));
#1621=CARTESIAN_POINT('',(-14.1930792067878,13.5060368202295,9.99326580507117));
#1622=CARTESIAN_POINT('',(-13.8400747176139,13.8590406481457,9.99326516044909));
#1623=CARTESIAN_POINT('',(-13.4872108073815,14.2119038973838,9.99326451608373));
#1624=CARTESIAN_POINT('',(-13.1343460057464,14.5647662569644,9.99322780722617));
#1625=CARTESIAN_POINT('',(-12.7814803260629,14.9176277293013,9.99315535316788));
#1626=CARTESIAN_POINT('',(12.8189603897171,14.9180314916382,9.99310868491917));
#1627=CARTESIAN_POINT('',(13.1719680009117,14.5650267641701,9.99317982236042));
#1628=CARTESIAN_POINT('',(13.524974734191,14.2120211497353,9.99321522290272));
#1629=CARTESIAN_POINT('',(13.8779805764999,13.8590146462086,9.99321457915848));
#1630=CARTESIAN_POINT('',(14.2308461940389,13.5061483677144,9.99321393566995));
#1631=CARTESIAN_POINT('',(14.5837109231256,13.1532811990275,9.99317727659835));
#1632=CARTESIAN_POINT('',(14.9365747661569,12.8004131534557,9.99310491994242));
#1633=CARTESIAN_POINT('',(28.7511956163813,-5.13046573877525,10.0019327931365));
#1634=CARTESIAN_POINT('',(30.8801874566324,-3.00169856551483,10.0059532061739));
#1635=CARTESIAN_POINT('',(31.4999619314025,-1.50565501124238,10.007123595525));
#1636=CARTESIAN_POINT('',(31.500123478911,1.50503794411367,10.0071239005932));
#1637=CARTESIAN_POINT('',(30.8805095568669,3.00114800162127,10.0059538144317));
#1638=CARTESIAN_POINT('',(28.7517461792931,5.13014363796651,10.001933832826));
#1639=CARTESIAN_POINT('',(27.255705292533,5.74991921782409,9.99910869175602));
#1640=CARTESIAN_POINT('',(24.2450177053766,5.75008076562061,9.9934232741805));
#1641=CARTESIAN_POINT('',(22.7489103154999,5.13046573877526,9.99059800752529));
#1642=CARTESIAN_POINT('',(20.6199184752487,3.00169856551483,9.98657759448797));
#1643=CARTESIAN_POINT('',(20.0001440004786,1.50565501124237,9.98540720513679));
#1644=CARTESIAN_POINT('',(19.9999824529701,-1.50503794411368,9.98540690006859));
#1645=CARTESIAN_POINT('',(20.6195963750143,-3.00114800162127,9.98657698623012));
#1646=CARTESIAN_POINT('',(22.748359752588,-5.13014363796651,9.99059696783586));
#1647=CARTESIAN_POINT('',(24.2444006393482,-5.74991921782409,9.99342210890581));
#1648=CARTESIAN_POINT('',(27.2550882265045,-5.75008076562061,9.99910752648133));
#1649=CARTESIAN_POINT('',(28.7511956163813,-5.13046573877525,10.0019327931365));
#1650=CARTESIAN_POINT('',(30.8801874566324,-3.00169856551483,10.0059532061739));
#1651=CARTESIAN_POINT('',(29.8156409640117,-4.06616155383883,9.98868486502566));
#1652=CARTESIAN_POINT('',(3.00122233116669,20.6195767476897,10.0019335044218));
#1653=CARTESIAN_POINT('',(5.13018403522449,22.7483740600048,10.0059538605496));
#1654=CARTESIAN_POINT('',(5.74993733113039,24.2444263880215,10.0071242099064));
#1655=CARTESIAN_POINT('',(5.75005625764021,27.2551193453628,10.0071244344886));
#1656=CARTESIAN_POINT('',(5.13042115591458,28.7512206310993,10.0059543083311));
#1657=CARTESIAN_POINT('',(3.00162763933989,30.8801861311974,10.0019342698105));
#1658=CARTESIAN_POINT('',(1.50557797885116,31.499940532153,9.99910911217213));
#1659=CARTESIAN_POINT('',(-1.5051096102905,31.5000594588749,9.99342369459286));
#1660=CARTESIAN_POINT('',(-3.00120822841168,30.8804232523103,9.99059844450233));
#1661=CARTESIAN_POINT('',(-5.13016993246949,28.7516259399952,9.98657808837455));
#1662=CARTESIAN_POINT('',(-5.74992322837539,27.2555736119785,9.98540773901779));
#1663=CARTESIAN_POINT('',(-5.75004215488521,24.2448806546372,9.98540751443558));
#1664=CARTESIAN_POINT('',(-5.13040705315958,22.7487793689007,9.98657764059307));
#1665=CARTESIAN_POINT('',(-3.00161353658489,20.6198138688026,9.99059767911365));
#1666=CARTESIAN_POINT('',(-1.50556387609616,20.000059467847,9.99342283675201));
#1667=CARTESIAN_POINT('',(1.5051237130455,19.9999405411251,9.99910825433128));
#1668=CARTESIAN_POINT('',(3.00122233116669,20.6195767476897,10.0019335044218));
#1669=CARTESIAN_POINT('',(5.13018403522449,22.7483740600048,10.0059538605496));
#1670=CARTESIAN_POINT('',(4.0655921923812,21.6838499229924,9.99626721522369));
#1671=CARTESIAN_POINT('',(-22.7487065850442,-5.13037155856509,9.98677197235433));
#1672=CARTESIAN_POINT('',(-20.6197815476134,-3.0015375772923,9.99079225924035));
#1673=CARTESIAN_POINT('',(-20.0000540197388,-1.50547457485599,9.99196255993645));
#1674=CARTESIAN_POINT('',(-19.999986949272,1.50521838408715,9.9919626865931));
#1675=CARTESIAN_POINT('',(-20.6196478196884,3.00130899699589,9.99079251177374));
#1676=CARTESIAN_POINT('',(-22.7484780051554,5.13023783040166,9.98677240400725));
#1677=CARTESIAN_POINT('',(-24.2445383400447,5.74996646327996,9.98394722621127));
#1678=CARTESIAN_POINT('',(-27.2552259307881,5.7500335338664,9.97826180862905));
#1679=CARTESIAN_POINT('',(-28.7513138761007,5.13037155856509,9.97543657869322));
#1680=CARTESIAN_POINT('',(-30.8802389135315,3.0015375772923,9.97141629180719));
#1681=CARTESIAN_POINT('',(-31.4999664414061,1.50547457485599,9.9702459911111));
#1682=CARTESIAN_POINT('',(-31.5000335118729,-1.50521838408715,9.97024586445444));
#1683=CARTESIAN_POINT('',(-30.8803726414565,-3.00130899699589,9.97141603927381));
#1684=CARTESIAN_POINT('',(-28.7515424559895,-5.13023783040166,9.97543614704029));
#1685=CARTESIAN_POINT('',(-27.2554821211002,-5.74996646327996,9.97826132483628));
#1686=CARTESIAN_POINT('',(-24.2447945303567,-5.7500335338664,9.98394674241849));
#1687=CARTESIAN_POINT('',(-22.7487065850442,-5.13037155856509,9.98677197235433));
#1688=CARTESIAN_POINT('',(-20.6197815476134,-3.0015375772923,9.99079225924035));
#1689=CARTESIAN_POINT('',(-21.6827443419267,-4.06744796986326,9.98868813086547));
#1690=CARTESIAN_POINT('',(3.0013044152206,-30.8803919833375,9.98677156079058));
#1691=CARTESIAN_POINT('',(5.13024393998915,-28.7515724901724,9.99079187503473));
#1692=CARTESIAN_POINT('',(5.74998164903018,-27.2555137052272,9.99196219495707));
#1693=CARTESIAN_POINT('',(5.75006920821268,-24.2448207468102,9.99196236030484));
#1694=CARTESIAN_POINT('',(5.13041851917937,-22.7487259169333,9.99079220471211));
#1695=CARTESIAN_POINT('',(3.00160282179423,-20.6197825961639,9.98677212430503));
#1696=CARTESIAN_POINT('',(1.50554670438845,-20.000043782101,9.98394695447335));
#1697=CARTESIAN_POINT('',(-1.50514088582886,-19.9999562227624,9.97826153689205));
#1698=CARTESIAN_POINT('',(-3.00123304810203,-20.6196080166625,9.97543629899282));
#1699=CARTESIAN_POINT('',(-5.13017257287058,-22.7484275098276,9.97141598474866));
#1700=CARTESIAN_POINT('',(-5.74991028191161,-24.2444862947728,9.97024566482633));
#1701=CARTESIAN_POINT('',(-5.74999784109411,-27.2551792531898,9.97024549947854));
#1702=CARTESIAN_POINT('',(-5.1303471520608,-28.7512740830667,9.97141565507128));
#1703=CARTESIAN_POINT('',(-3.00153145467566,-30.880217403836,9.97543573547836));
#1704=CARTESIAN_POINT('',(-1.50547533726988,-31.499956217899,9.97826090531004));
#1705=CARTESIAN_POINT('',(1.50521225294744,-31.5000437772376,9.98394632289134));
#1706=CARTESIAN_POINT('',(3.0013044152206,-30.8803919833375,9.98677156079058));
#1707=CARTESIAN_POINT('',(5.13024393998915,-28.7515724901724,9.99079187503473));
#1708=CARTESIAN_POINT('',(4.06584898759676,-29.8159219916944,9.98110401075336));
#1709=CARTESIAN_POINT('',(0.,0.,9.96223182685289));
#1710=CARTESIAN_POINT('',(0.00277548435278125,-25.75,8.53025460691952));
#1711=CARTESIAN_POINT('',(-5.74721426314106,-25.75,8.51939625917567));
#1712=CARTESIAN_POINT('',(0.00277548435278125,-25.75,8.53025460691952));
#1713=CARTESIAN_POINT('',(-5.71281021371009E-5,-25.75,10.0302519323527));
#1714=CARTESIAN_POINT('',(-25.7471786022501,0.,8.48162809311005));
#1715=CARTESIAN_POINT('',(-31.497168349744,0.,8.47076974536636));
#1716=CARTESIAN_POINT('',(-25.7471786022501,0.,8.48162809311005));
#1717=CARTESIAN_POINT('',(-25.750011214705,0.,9.98162541854323));
#1718=CARTESIAN_POINT('',(0.00277548435290763,25.75,8.53025460691952));
#1719=CARTESIAN_POINT('',(-5.74721426314093,25.75,8.51939625917567));
#1720=CARTESIAN_POINT('',(0.00277548435290763,25.75,8.53025460691952));
#1721=CARTESIAN_POINT('',(-5.71281020107228E-5,25.75,10.0302519323527));
#1722=CARTESIAN_POINT('',(25.7527295709556,-4.42437207479651E-17,8.57888112072892));
#1723=CARTESIAN_POINT('',(20.0027398234618,-4.42437207479651E-17,8.56802277298507));
#1724=CARTESIAN_POINT('',(25.7527295709556,-4.42437207479651E-17,8.57888112072892));
#1725=CARTESIAN_POINT('',(25.7498969585007,-4.42437207479651E-17,10.0788784461621));
#1726=CARTESIAN_POINT('',(14.8496228996545,12.7093368260686,6.38823187809029));
#1727=CARTESIAN_POINT('',(14.0746503377476,11.9343656459723,6.09456606619784));
#1728=CARTESIAN_POINT('',(14.0746503377476,11.9343656459723,6.09456606619784));
#1729=CARTESIAN_POINT('',(14.1116894401366,11.9714046823189,4.59456606619785));
#1730=CARTESIAN_POINT('',(16.4494150461826,14.309126120096,2.04221103866277));
#1731=CARTESIAN_POINT('',(14.8526407907866,12.7123547118196,6.51044965352553));
#1732=CARTESIAN_POINT('',(-12.6903956486049,14.8306817221908,6.38823187809029));
#1733=CARTESIAN_POINT('',(-11.9154244685085,14.0557091602839,6.09456606619784));
#1734=CARTESIAN_POINT('',(-11.9154244685085,14.0557091602839,6.09456606619784));
#1735=CARTESIAN_POINT('',(-11.9524635048551,14.0927482626729,4.59456606619785));
#1736=CARTESIAN_POINT('',(-14.2901849426322,16.4304738687189,2.04221103866277));
#1737=CARTESIAN_POINT('',(-12.6934135343559,14.8336996133229,6.51044965352553));
#1738=CARTESIAN_POINT('',(-14.8117405447271,-12.7093368260685,6.3882318780903));
#1739=CARTESIAN_POINT('',(-14.0367679828202,-11.9343656459722,6.09456606619784));
#1740=CARTESIAN_POINT('',(-14.0367679828202,-11.9343656459722,6.09456606619784));
#1741=CARTESIAN_POINT('',(-14.0738070852092,-11.9714046823188,4.59456606619785));
#1742=CARTESIAN_POINT('',(-16.4115326912552,-14.3091261200959,2.04221103866277));
#1743=CARTESIAN_POINT('',(-14.8147584358592,-12.7123547118196,6.51044965352553));
#1744=CARTESIAN_POINT('',(14.3280672975596,-16.4304738687189,2.04221103866277));
#1745=CARTESIAN_POINT('',(11.9533068234359,-14.0557091602839,6.09456606619784));
#1746=CARTESIAN_POINT('',(11.9903458597825,-14.0927482626729,4.59456606619785));
#1747=CARTESIAN_POINT('',(12.7282780035322,-14.8306817221909,6.38823187809029));
#1748=CARTESIAN_POINT('',(11.9533068234359,-14.0557091602839,6.09456606619784));
#1749=CARTESIAN_POINT('',(12.7312958892833,-14.8336996133229,6.51044965352553));
#1750=(
GEOMETRIC_REPRESENTATION_CONTEXT(3)
GLOBAL_UNCERTAINTY_ASSIGNED_CONTEXT((#1751))
GLOBAL_UNIT_ASSIGNED_CONTEXT((#1757,#1753,#1752))
REPRESENTATION_CONTEXT('float - Copie','TOP_LEVEL_ASSEMBLY_PART')
);
#1751=UNCERTAINTY_MEASURE_WITH_UNIT(LENGTH_MEASURE(0.1),#1757,
'DISTANCE_ACCURACY_VALUE','Maximum Tolerance applied to model');
#1752=(
NAMED_UNIT(*)
SI_UNIT($,.STERADIAN.)
SOLID_ANGLE_UNIT()
);
#1753=(
CONVERSION_BASED_UNIT('DEGREE',#1755)
NAMED_UNIT(#1754)
PLANE_ANGLE_UNIT()
);
#1754=DIMENSIONAL_EXPONENTS(0.,0.,0.,0.,0.,0.,0.);
#1755=PLANE_ANGLE_MEASURE_WITH_UNIT(PLANE_ANGLE_MEASURE(0.0174532925),#1756);
#1756=(
NAMED_UNIT(*)
PLANE_ANGLE_UNIT()
SI_UNIT($,.RADIAN.)
);
#1757=(
LENGTH_UNIT()
NAMED_UNIT(*)
SI_UNIT(.MILLI.,.METRE.)
);
ENDSEC;
END-ISO-10303-21;
