ISO-10303-21;
HEADER;
/* Generated by software containing ST-Developer
 * from STEP Tools, Inc. (www.steptools.com) 
 */
/* OPTION: using custom schema-name function */

FILE_DESCRIPTION(
/* description */ (''),
/* implementation_level */ '2;1');

FILE_NAME(
/* name */ 'bottomCap.stp',
/* time_stamp */ '2025-07-09T14:28:59+03:00',
/* author */ (''),
/* organization */ (''),
/* preprocessor_version */ 'ST-DEVELOPER v19.4',
/* originating_system */ 'SIEMENS PLM Software NX2306.4000',
/* authorisation */ '');

FILE_SCHEMA (('AUTOMOTIVE_DESIGN { 1 0 10303 214 3 1 1 1 }'));
ENDSEC;

DATA;
#10=SHAPE_REPRESENTATION_RELATIONSHIP('None',
'relationship between bottomCap-None and bottomCap-None',#22,#11);
#11=ADVANCED_BREP_SHAPE_REPRESENTATION('bottomCap-None',(#32),#1713);
#12=SHAPE_DEFINITION_REPRESENTATION(#13,#22);
#13=PRODUCT_DEFINITION_SHAPE('','',#14);
#14=PRODUCT_DEFINITION(' ','',#16,#15);
#15=PRODUCT_DEFINITION_CONTEXT('part definition',#21,'design');
#16=PRODUCT_DEFINITION_FORMATION_WITH_SPECIFIED_SOURCE(' ',' ',#18,
 .NOT_KNOWN.);
#17=PRODUCT_RELATED_PRODUCT_CATEGORY('part','',(#18));
#18=PRODUCT('bottomCap','bottomCap',' ',(#19));
#19=PRODUCT_CONTEXT(' ',#21,'mechanical');
#20=APPLICATION_PROTOCOL_DEFINITION('international standard',
'automotive_design',2010,#21);
#21=APPLICATION_CONTEXT(
'core data for automotive mechanical design processes');
#22=SHAPE_REPRESENTATION('bottomCap-None',(#596),#1713);
#23=PRESENTATION_LAYER_ASSIGNMENT('1','Layer 1',(#32));
#24=STYLED_ITEM('',(#25),#32);
#25=PRESENTATION_STYLE_ASSIGNMENT((#26));
#26=SURFACE_STYLE_USAGE(.BOTH.,#27);
#27=SURFACE_SIDE_STYLE('',(#28));
#28=SURFACE_STYLE_FILL_AREA(#29);
#29=FILL_AREA_STYLE('',(#30));
#30=FILL_AREA_STYLE_COLOUR('',#31);
#31=COLOUR_RGB('medium steel',0.611764705882353,0.658823529411765,0.670588235294118);
#32=MANIFOLD_SOLID_BREP('',#33);
#33=CLOSED_SHELL('',(#81,#82,#83,#84,#85,#86,#87,#88,#89,#90,#91,#92,#93,
#94,#95,#96,#97,#98,#99,#100,#101,#102,#103,#104,#105,#106,#107,#108,#109,
#110,#111,#112,#113));
#34=B_SPLINE_SURFACE_WITH_KNOTS('',1,3,((#1056,#1057,#1058,#1059,#1060,
#1061,#1062,#1063,#1064,#1065,#1066,#1067,#1068,#1069,#1070,#1071,#1072,
#1073,#1074,#1075,#1076,#1077,#1078,#1079,#1080,#1081,#1082,#1083,#1084,
#1085,#1086,#1087,#1088,#1089,#1090,#1091,#1092,#1093,#1094,#1095,#1096,
#1097,#1098,#1099,#1100,#1101,#1102,#1103,#1104,#1105,#1106,#1107,#1108,
#1109,#1110,#1111,#1112,#1113),(#1114,#1115,#1116,#1117,#1118,#1119,#1120,
#1121,#1122,#1123,#1124,#1125,#1126,#1127,#1128,#1129,#1130,#1131,#1132,
#1133,#1134,#1135,#1136,#1137,#1138,#1139,#1140,#1141,#1142,#1143,#1144,
#1145,#1146,#1147,#1148,#1149,#1150,#1151,#1152,#1153,#1154,#1155,#1156,
#1157,#1158,#1159,#1160,#1161,#1162,#1163,#1164,#1165,#1166,#1167,#1168,
#1169,#1170,#1171)),.UNSPECIFIED.,.F.,.F.,.F.,(2,2),(4,1,1,1,1,1,1,1,1,
1,1,1,1,1,1,1,1,1,1,1,1,1,1,1,1,1,1,1,1,1,1,1,1,1,1,1,1,1,1,1,1,1,1,1,1,
1,1,1,1,1,1,1,1,1,1,4),(0.,1.),(0.,0.0182597443512546,0.0365194887025091,
0.0547792330537637,0.0730389774050182,0.0912987217562728,0.109558466107527,
0.127818210458782,0.146077954810036,0.164337699161291,0.182597443512546,
0.2008571878638,0.219116932215055,0.237376676566309,0.255636420917564,0.273896165268818,
0.292155909620073,0.310415653971327,0.328675398322582,0.346935142673837,
0.365194887025091,0.383454631376346,0.4017143757276,0.419974120078855,0.438233864430109,
0.456493608781364,0.474753353132618,0.493013097483873,0.511272841835128,
0.529532586186382,0.547792330537637,0.566052074888891,0.584311819240146,
0.6025715635914,0.620831307942655,0.63909105229391,0.657350796645164,0.675610540996419,
0.693870285347673,0.712130029698928,0.730389774050182,0.748649518401437,
0.766909262752691,0.785169007103946,0.803428751455201,0.821688495806455,
0.83994824015771,0.858207984508964,0.876467728860219,0.894727473211473,
0.912987217562728,0.931246961913982,0.949506706265237,0.967766450616491,
0.986026194967746,1.),.UNSPECIFIED.);
#35=B_SPLINE_SURFACE_WITH_KNOTS('',1,3,((#1241,#1242,#1243,#1244,#1245,
#1246,#1247,#1248,#1249,#1250,#1251,#1252,#1253,#1254,#1255,#1256,#1257,
#1258,#1259,#1260,#1261,#1262,#1263,#1264,#1265,#1266,#1267,#1268,#1269,
#1270,#1271,#1272,#1273,#1274,#1275,#1276,#1277,#1278,#1279,#1280,#1281,
#1282,#1283,#1284,#1285,#1286,#1287,#1288,#1289,#1290,#1291,#1292,#1293,
#1294,#1295,#1296,#1297,#1298),(#1299,#1300,#1301,#1302,#1303,#1304,#1305,
#1306,#1307,#1308,#1309,#1310,#1311,#1312,#1313,#1314,#1315,#1316,#1317,
#1318,#1319,#1320,#1321,#1322,#1323,#1324,#1325,#1326,#1327,#1328,#1329,
#1330,#1331,#1332,#1333,#1334,#1335,#1336,#1337,#1338,#1339,#1340,#1341,
#1342,#1343,#1344,#1345,#1346,#1347,#1348,#1349,#1350,#1351,#1352,#1353,
#1354,#1355,#1356)),.UNSPECIFIED.,.F.,.F.,.F.,(2,2),(4,1,1,1,1,1,1,1,1,
1,1,1,1,1,1,1,1,1,1,1,1,1,1,1,1,1,1,1,1,1,1,1,1,1,1,1,1,1,1,1,1,1,1,1,1,
1,1,1,1,1,1,1,1,1,1,4),(0.,1.),(0.,0.0182597443512546,0.0365194887025091,
0.0547792330537637,0.0730389774050182,0.0912987217562728,0.109558466107527,
0.127818210458782,0.146077954810036,0.164337699161291,0.182597443512546,
0.2008571878638,0.219116932215055,0.237376676566309,0.255636420917564,0.273896165268818,
0.292155909620073,0.310415653971327,0.328675398322582,0.346935142673837,
0.365194887025091,0.383454631376346,0.4017143757276,0.419974120078855,0.438233864430109,
0.456493608781364,0.474753353132618,0.493013097483873,0.511272841835128,
0.529532586186382,0.547792330537637,0.566052074888891,0.584311819240146,
0.6025715635914,0.620831307942655,0.63909105229391,0.657350796645164,0.675610540996419,
0.693870285347673,0.712130029698928,0.730389774050182,0.748649518401437,
0.766909262752691,0.785169007103946,0.803428751455201,0.821688495806455,
0.83994824015771,0.858207984508964,0.876467728860219,0.894727473211473,
0.912987217562728,0.931246961913982,0.949506706265237,0.967766450616491,
0.986026194967746,1.),.UNSPECIFIED.);
#36=B_SPLINE_SURFACE_WITH_KNOTS('',1,3,((#1424,#1425,#1426,#1427,#1428,
#1429,#1430,#1431,#1432,#1433,#1434,#1435,#1436,#1437,#1438,#1439,#1440,
#1441,#1442,#1443,#1444,#1445,#1446,#1447,#1448,#1449,#1450,#1451,#1452,
#1453,#1454,#1455,#1456,#1457,#1458,#1459,#1460,#1461,#1462,#1463,#1464,
#1465,#1466,#1467,#1468,#1469,#1470,#1471,#1472,#1473,#1474,#1475,#1476,
#1477,#1478,#1479,#1480,#1481),(#1482,#1483,#1484,#1485,#1486,#1487,#1488,
#1489,#1490,#1491,#1492,#1493,#1494,#1495,#1496,#1497,#1498,#1499,#1500,
#1501,#1502,#1503,#1504,#1505,#1506,#1507,#1508,#1509,#1510,#1511,#1512,
#1513,#1514,#1515,#1516,#1517,#1518,#1519,#1520,#1521,#1522,#1523,#1524,
#1525,#1526,#1527,#1528,#1529,#1530,#1531,#1532,#1533,#1534,#1535,#1536,
#1537,#1538,#1539)),.UNSPECIFIED.,.F.,.F.,.F.,(2,2),(4,1,1,1,1,1,1,1,1,
1,1,1,1,1,1,1,1,1,1,1,1,1,1,1,1,1,1,1,1,1,1,1,1,1,1,1,1,1,1,1,1,1,1,1,1,
1,1,1,1,1,1,1,1,1,1,4),(0.,1.),(0.,0.0182597443512546,0.0365194887025091,
0.0547792330537637,0.0730389774050182,0.0912987217562728,0.109558466107527,
0.127818210458782,0.146077954810036,0.164337699161291,0.182597443512546,
0.2008571878638,0.219116932215055,0.237376676566309,0.255636420917564,0.273896165268818,
0.292155909620073,0.310415653971327,0.328675398322582,0.346935142673837,
0.365194887025091,0.383454631376346,0.4017143757276,0.419974120078855,0.438233864430109,
0.456493608781364,0.474753353132618,0.493013097483873,0.511272841835128,
0.529532586186382,0.547792330537637,0.566052074888891,0.584311819240146,
0.6025715635914,0.620831307942655,0.63909105229391,0.657350796645164,0.675610540996419,
0.693870285347673,0.712130029698928,0.730389774050182,0.748649518401437,
0.766909262752691,0.785169007103946,0.803428751455201,0.821688495806455,
0.83994824015771,0.858207984508964,0.876467728860219,0.894727473211473,
0.912987217562728,0.931246961913982,0.949506706265237,0.967766450616491,
0.986026194967746,1.),.UNSPECIFIED.);
#37=B_SPLINE_SURFACE_WITH_KNOTS('',1,3,((#1540,#1541,#1542,#1543,#1544,
#1545,#1546,#1547,#1548,#1549,#1550,#1551,#1552,#1553,#1554,#1555,#1556,
#1557,#1558,#1559,#1560,#1561,#1562,#1563,#1564,#1565,#1566,#1567,#1568,
#1569,#1570,#1571,#1572,#1573,#1574,#1575,#1576,#1577,#1578,#1579,#1580,
#1581,#1582,#1583,#1584,#1585,#1586,#1587,#1588,#1589,#1590,#1591,#1592,
#1593,#1594,#1595,#1596,#1597),(#1598,#1599,#1600,#1601,#1602,#1603,#1604,
#1605,#1606,#1607,#1608,#1609,#1610,#1611,#1612,#1613,#1614,#1615,#1616,
#1617,#1618,#1619,#1620,#1621,#1622,#1623,#1624,#1625,#1626,#1627,#1628,
#1629,#1630,#1631,#1632,#1633,#1634,#1635,#1636,#1637,#1638,#1639,#1640,
#1641,#1642,#1643,#1644,#1645,#1646,#1647,#1648,#1649,#1650,#1651,#1652,
#1653,#1654,#1655)),.UNSPECIFIED.,.F.,.F.,.F.,(2,2),(4,1,1,1,1,1,1,1,1,
1,1,1,1,1,1,1,1,1,1,1,1,1,1,1,1,1,1,1,1,1,1,1,1,1,1,1,1,1,1,1,1,1,1,1,1,
1,1,1,1,1,1,1,1,1,1,4),(0.,1.),(0.,0.0182597443512546,0.0365194887025091,
0.0547792330537637,0.0730389774050182,0.0912987217562728,0.109558466107527,
0.127818210458782,0.146077954810036,0.164337699161291,0.182597443512546,
0.2008571878638,0.219116932215055,0.237376676566309,0.255636420917564,0.273896165268818,
0.292155909620073,0.310415653971327,0.328675398322582,0.346935142673837,
0.365194887025091,0.383454631376346,0.4017143757276,0.419974120078855,0.438233864430109,
0.456493608781364,0.474753353132618,0.493013097483873,0.511272841835128,
0.529532586186382,0.547792330537637,0.566052074888891,0.584311819240146,
0.6025715635914,0.620831307942655,0.63909105229391,0.657350796645164,0.675610540996419,
0.693870285347673,0.712130029698928,0.730389774050182,0.748649518401437,
0.766909262752691,0.785169007103946,0.803428751455201,0.821688495806455,
0.83994824015771,0.858207984508964,0.876467728860219,0.894727473211473,
0.912987217562728,0.931246961913982,0.949506706265237,0.967766450616491,
0.986026194967746,1.),.UNSPECIFIED.);
#38=PLANE('',#610);
#39=PLANE('',#614);
#40=PLANE('',#618);
#41=PLANE('',#620);
#42=PLANE('',#621);
#43=PLANE('',#622);
#44=PLANE('',#623);
#45=PLANE('',#624);
#46=PLANE('',#625);
#47=PLANE('',#626);
#48=PLANE('',#627);
#49=PLANE('',#628);
#50=PLANE('',#629);
#51=PLANE('',#630);
#52=PLANE('',#631);
#53=PLANE('',#632);
#54=PLANE('',#634);
#55=PLANE('',#635);
#56=PLANE('',#636);
#57=PLANE('',#639);
#58=PLANE('',#640);
#59=B_SPLINE_CURVE_WITH_KNOTS('',3,(#828,#829,#830,#831),.UNSPECIFIED.,
 .F.,.F.,(4,4),(0.,1.),.UNSPECIFIED.);
#60=B_SPLINE_CURVE_WITH_KNOTS('',3,(#833,#834,#835,#836),.UNSPECIFIED.,
 .F.,.F.,(4,4),(0.,1.),.UNSPECIFIED.);
#61=B_SPLINE_CURVE_WITH_KNOTS('',3,(#867,#868,#869,#870,#871,#872,#873,
#874,#875,#876,#877,#878,#879,#880,#881,#882,#883,#884,#885,#886,#887,#888,
#889,#890,#891,#892,#893,#894,#895,#896,#897,#898,#899,#900),
 .UNSPECIFIED.,.F.,.F.,(4,2,2,2,2,2,2,2,2,2,2,2,2,2,2,2,4),(0.,0.0625,0.125,
0.1875,0.25,0.3125,0.375,0.4375,0.5,0.5625,0.625,0.6875,0.75,0.8125,0.875,
0.9375,1.),.UNSPECIFIED.);
#62=B_SPLINE_CURVE_WITH_KNOTS('',3,(#904,#905,#906,#907,#908,#909,#910,
#911,#912,#913,#914,#915,#916,#917,#918,#919,#920,#921,#922,#923,#924,#925,
#926,#927,#928,#929,#930,#931,#932,#933,#934,#935,#936,#937,#938,#939,#940,
#941,#942,#943,#944,#945,#946,#947,#948,#949,#950,#951,#952,#953,#954,#955,
#956,#957,#958,#959,#960,#961,#962,#963,#964,#965,#966,#967,#968,#969),
 .UNSPECIFIED.,.F.,.F.,(4,2,2,2,2,2,2,2,2,2,2,2,2,2,2,2,2,2,2,2,2,2,2,2,
2,2,2,2,2,2,2,2,4),(0.,0.03125,0.0625,0.09375,0.125,0.15625,0.1875,0.21875,
0.25,0.28125,0.3125,0.34375,0.375,0.40625,0.4375,0.46875,0.5,0.53125,0.5625,
0.59375,0.625,0.65625,0.6875,0.71875,0.75,0.78125,0.8125,0.84375,0.875,
0.90625,0.9375,0.96875,1.),.UNSPECIFIED.);
#63=B_SPLINE_CURVE_WITH_KNOTS('',3,(#971,#972,#973,#974,#975,#976),
 .UNSPECIFIED.,.F.,.F.,(4,2,4),(0.,0.5,1.),.UNSPECIFIED.);
#64=B_SPLINE_CURVE_WITH_KNOTS('',3,(#980,#981,#982,#983,#984,#985),
 .UNSPECIFIED.,.F.,.F.,(4,2,4),(0.,0.5,1.),.UNSPECIFIED.);
#65=B_SPLINE_CURVE_WITH_KNOTS('',3,(#987,#988,#989,#990,#991,#992,#993,
#994,#995,#996,#997,#998,#999,#1000,#1001,#1002,#1003,#1004,#1005,#1006,
#1007,#1008,#1009,#1010,#1011,#1012,#1013,#1014,#1015,#1016,#1017,#1018,
#1019,#1020,#1021,#1022,#1023,#1024,#1025,#1026,#1027,#1028,#1029,#1030,
#1031,#1032,#1033,#1034,#1035,#1036,#1037,#1038,#1039,#1040,#1041,#1042,
#1043,#1044,#1045,#1046,#1047,#1048,#1049,#1050,#1051,#1052),
 .UNSPECIFIED.,.F.,.F.,(4,2,2,2,2,2,2,2,2,2,2,2,2,2,2,2,2,2,2,2,2,2,2,2,
2,2,2,2,2,2,2,2,4),(0.,0.03125,0.0625,0.09375,0.125,0.15625,0.1875,0.21875,
0.25,0.28125,0.3125,0.34375,0.375,0.40625,0.4375,0.46875,0.5,0.53125,0.5625,
0.59375,0.625,0.65625,0.6875,0.71875,0.75,0.78125,0.8125,0.84375,0.875,
0.90625,0.9375,0.96875,1.),.UNSPECIFIED.);
#66=B_SPLINE_CURVE_WITH_KNOTS('',1,(#1054,#1055),.UNSPECIFIED.,.F.,.F.,
(2,2),(0.,1.),.UNSPECIFIED.);
#67=B_SPLINE_CURVE_WITH_KNOTS('',1,(#1172,#1173),.UNSPECIFIED.,.F.,.F.,
(2,2),(0.,1.),.UNSPECIFIED.);
#68=B_SPLINE_CURVE_WITH_KNOTS('',3,(#1175,#1176,#1177,#1178,#1179,#1180,
#1181,#1182,#1183,#1184,#1185,#1186,#1187,#1188,#1189,#1190,#1191,#1192,
#1193,#1194,#1195,#1196,#1197,#1198,#1199,#1200,#1201,#1202,#1203,#1204,
#1205,#1206,#1207,#1208,#1209,#1210,#1211,#1212,#1213,#1214,#1215,#1216,
#1217,#1218,#1219,#1220,#1221,#1222,#1223,#1224,#1225,#1226,#1227,#1228,
#1229,#1230,#1231,#1232,#1233,#1234,#1235,#1236,#1237,#1238,#1239,#1240),
 .UNSPECIFIED.,.F.,.F.,(4,2,2,2,2,2,2,2,2,2,2,2,2,2,2,2,2,2,2,2,2,2,2,2,
2,2,2,2,2,2,2,2,4),(0.,0.03125,0.0625,0.09375,0.125,0.15625,0.1875,0.21875,
0.25,0.28125,0.3125,0.34375,0.375,0.40625,0.4375,0.46875,0.5,0.53125,0.5625,
0.59375,0.625,0.65625,0.6875,0.71875,0.75,0.78125,0.8125,0.84375,0.875,
0.90625,0.9375,0.96875,1.),.UNSPECIFIED.);
#69=B_SPLINE_CURVE_WITH_KNOTS('',1,(#1360,#1361),.UNSPECIFIED.,.F.,.F.,
(2,2),(0.,1.),.UNSPECIFIED.);
#70=B_SPLINE_CURVE_WITH_KNOTS('',1,(#1363,#1364),.UNSPECIFIED.,.F.,.F.,
(2,2),(0.,1.),.UNSPECIFIED.);
#71=B_SPLINE_CURVE_WITH_KNOTS('',3,(#1366,#1367,#1368,#1369,#1370,#1371,
#1372,#1373,#1374,#1375,#1376,#1377,#1378,#1379,#1380,#1381,#1382,#1383,
#1384,#1385,#1386,#1387,#1388,#1389,#1390,#1391,#1392,#1393,#1394,#1395,
#1396,#1397,#1398,#1399,#1400,#1401,#1402,#1403,#1404,#1405,#1406,#1407,
#1408,#1409,#1410,#1411,#1412,#1413,#1414,#1415,#1416,#1417,#1418,#1419,
#1420,#1421,#1422,#1423),.UNSPECIFIED.,.F.,.F.,(4,1,1,1,1,1,1,1,1,1,1,1,
1,1,1,1,1,1,1,1,1,1,1,1,1,1,1,1,1,1,1,1,1,1,1,1,1,1,1,1,1,1,1,1,1,1,1,1,
1,1,1,1,1,1,1,4),(0.,0.013973805032254,0.0322335493835085,0.0504932937347631,
0.0687530380860176,0.0870127824372722,0.105272526788527,0.123532271139781,
0.141792015491036,0.16005175984229,0.178311504193545,0.196571248544799,
0.214830992896054,0.233090737247309,0.251350481598563,0.269610225949818,
0.287869970301072,0.306129714652327,0.324389459003581,0.342649203354836,
0.36090894770609,0.379168692057345,0.3974284364086,0.415688180759854,0.433947925111109,
0.452207669462363,0.470467413813618,0.488727158164872,0.506986902516127,
0.525246646867382,0.543506391218636,0.561766135569891,0.580025879921145,
0.5982856242724,0.616545368623654,0.634805112974909,0.653064857326163,0.671324601677418,
0.689584346028673,0.707844090379927,0.726103834731182,0.744363579082436,
0.762623323433691,0.780883067784945,0.7991428121362,0.817402556487454,0.835662300838709,
0.853922045189964,0.872181789541218,0.890441533892473,0.908701278243727,
0.926961022594982,0.945220766946236,0.963480511297491,0.981740255648745,
1.),.UNSPECIFIED.);
#72=FACE_BOUND('',#154,.T.);
#73=FACE_BOUND('',#155,.T.);
#74=FACE_BOUND('',#156,.T.);
#75=FACE_BOUND('',#157,.T.);
#76=FACE_BOUND('',#158,.T.);
#77=FACE_BOUND('',#159,.T.);
#78=FACE_BOUND('',#160,.T.);
#79=FACE_BOUND('',#173,.T.);
#80=FACE_BOUND('',#174,.T.);
#81=ADVANCED_FACE('',(#122),#114,.T.);
#82=ADVANCED_FACE('',(#123),#115,.T.);
#83=ADVANCED_FACE('',(#124),#116,.T.);
#84=ADVANCED_FACE('',(#72,#73,#74),#38,.T.);
#85=ADVANCED_FACE('',(#75,#76),#39,.F.);
#86=ADVANCED_FACE('',(#77,#78),#117,.T.);
#87=ADVANCED_FACE('',(#125),#40,.T.);
#88=ADVANCED_FACE('',(#126),#34,.F.);
#89=ADVANCED_FACE('',(#127),#35,.F.);
#90=ADVANCED_FACE('',(#128),#118,.T.);
#91=ADVANCED_FACE('',(#129),#41,.F.);
#92=ADVANCED_FACE('',(#130),#42,.F.);
#93=ADVANCED_FACE('',(#131),#36,.F.);
#94=ADVANCED_FACE('',(#132),#37,.F.);
#95=ADVANCED_FACE('',(#133),#43,.F.);
#96=ADVANCED_FACE('',(#134),#44,.F.);
#97=ADVANCED_FACE('',(#135),#45,.F.);
#98=ADVANCED_FACE('',(#136),#46,.F.);
#99=ADVANCED_FACE('',(#79,#80),#47,.T.);
#100=ADVANCED_FACE('',(#137),#48,.F.);
#101=ADVANCED_FACE('',(#138),#49,.F.);
#102=ADVANCED_FACE('',(#139),#50,.F.);
#103=ADVANCED_FACE('',(#140),#51,.F.);
#104=ADVANCED_FACE('',(#141),#52,.T.);
#105=ADVANCED_FACE('',(#142),#53,.F.);
#106=ADVANCED_FACE('',(#143),#119,.T.);
#107=ADVANCED_FACE('',(#144),#54,.F.);
#108=ADVANCED_FACE('',(#145),#55,.F.);
#109=ADVANCED_FACE('',(#146),#56,.F.);
#110=ADVANCED_FACE('',(#147),#120,.T.);
#111=ADVANCED_FACE('',(#148),#121,.T.);
#112=ADVANCED_FACE('',(#149),#57,.F.);
#113=ADVANCED_FACE('',(#150),#58,.F.);
#114=CYLINDRICAL_SURFACE('',#599,27.5);
#115=CYLINDRICAL_SURFACE('',#602,27.5);
#116=CYLINDRICAL_SURFACE('',#605,27.5);
#117=CYLINDRICAL_SURFACE('',#616,13.);
#118=CYLINDRICAL_SURFACE('',#619,11.852);
#119=CYLINDRICAL_SURFACE('',#633,17.5);
#120=CYLINDRICAL_SURFACE('',#637,17.5);
#121=CYLINDRICAL_SURFACE('',#638,17.5);
#122=FACE_OUTER_BOUND('',#151,.T.);
#123=FACE_OUTER_BOUND('',#152,.T.);
#124=FACE_OUTER_BOUND('',#153,.T.);
#125=FACE_OUTER_BOUND('',#161,.T.);
#126=FACE_OUTER_BOUND('',#162,.T.);
#127=FACE_OUTER_BOUND('',#163,.T.);
#128=FACE_OUTER_BOUND('',#164,.T.);
#129=FACE_OUTER_BOUND('',#165,.T.);
#130=FACE_OUTER_BOUND('',#166,.T.);
#131=FACE_OUTER_BOUND('',#167,.T.);
#132=FACE_OUTER_BOUND('',#168,.T.);
#133=FACE_OUTER_BOUND('',#169,.T.);
#134=FACE_OUTER_BOUND('',#170,.T.);
#135=FACE_OUTER_BOUND('',#171,.T.);
#136=FACE_OUTER_BOUND('',#172,.T.);
#137=FACE_OUTER_BOUND('',#175,.T.);
#138=FACE_OUTER_BOUND('',#176,.T.);
#139=FACE_OUTER_BOUND('',#177,.T.);
#140=FACE_OUTER_BOUND('',#178,.T.);
#141=FACE_OUTER_BOUND('',#179,.T.);
#142=FACE_OUTER_BOUND('',#180,.T.);
#143=FACE_OUTER_BOUND('',#181,.T.);
#144=FACE_OUTER_BOUND('',#182,.T.);
#145=FACE_OUTER_BOUND('',#183,.T.);
#146=FACE_OUTER_BOUND('',#184,.T.);
#147=FACE_OUTER_BOUND('',#185,.T.);
#148=FACE_OUTER_BOUND('',#186,.T.);
#149=FACE_OUTER_BOUND('',#187,.T.);
#150=FACE_OUTER_BOUND('',#188,.T.);
#151=EDGE_LOOP('',(#204,#205,#206,#207));
#152=EDGE_LOOP('',(#208,#209,#210,#211));
#153=EDGE_LOOP('',(#212,#213,#214,#215));
#154=EDGE_LOOP('',(#216,#217,#218,#219,#220,#221,#222,#223,#224,#225,#226,
#227));
#155=EDGE_LOOP('',(#228,#229,#230));
#156=EDGE_LOOP('',(#231));
#157=EDGE_LOOP('',(#232,#233,#234,#235,#236,#237,#238,#239,#240,#241,#242,
#243));
#158=EDGE_LOOP('',(#244,#245,#246,#247));
#159=EDGE_LOOP('',(#248,#249,#250,#251));
#160=EDGE_LOOP('',(#252));
#161=EDGE_LOOP('',(#253,#254,#255,#256));
#162=EDGE_LOOP('',(#257,#258,#259,#260));
#163=EDGE_LOOP('',(#261,#262,#263,#264));
#164=EDGE_LOOP('',(#265,#266,#267,#268));
#165=EDGE_LOOP('',(#269,#270,#271,#272));
#166=EDGE_LOOP('',(#273,#274,#275));
#167=EDGE_LOOP('',(#276,#277,#278));
#168=EDGE_LOOP('',(#279,#280,#281));
#169=EDGE_LOOP('',(#282,#283,#284,#285));
#170=EDGE_LOOP('',(#286,#287,#288,#289));
#171=EDGE_LOOP('',(#290,#291,#292,#293));
#172=EDGE_LOOP('',(#294,#295,#296,#297));
#173=EDGE_LOOP('',(#298,#299,#300,#301));
#174=EDGE_LOOP('',(#302,#303,#304,#305));
#175=EDGE_LOOP('',(#306,#307,#308,#309));
#176=EDGE_LOOP('',(#310,#311,#312,#313));
#177=EDGE_LOOP('',(#314,#315,#316,#317));
#178=EDGE_LOOP('',(#318,#319,#320,#321));
#179=EDGE_LOOP('',(#322,#323,#324,#325));
#180=EDGE_LOOP('',(#326,#327,#328,#329));
#181=EDGE_LOOP('',(#330,#331,#332,#333));
#182=EDGE_LOOP('',(#334,#335,#336,#337));
#183=EDGE_LOOP('',(#338,#339,#340,#341));
#184=EDGE_LOOP('',(#342,#343,#344,#345));
#185=EDGE_LOOP('',(#346,#347,#348,#349));
#186=EDGE_LOOP('',(#350,#351,#352,#353));
#187=EDGE_LOOP('',(#354,#355,#356,#357));
#188=EDGE_LOOP('',(#358,#359,#360,#361));
#189=CIRCLE('',#597,27.5);
#190=CIRCLE('',#598,27.5);
#191=CIRCLE('',#600,27.5);
#192=CIRCLE('',#601,27.5);
#193=CIRCLE('',#603,27.5);
#194=CIRCLE('',#604,27.5);
#195=CIRCLE('',#606,17.5);
#196=CIRCLE('',#607,17.5);
#197=CIRCLE('',#608,17.5);
#198=CIRCLE('',#609,13.);
#199=CIRCLE('',#611,17.5);
#200=CIRCLE('',#612,17.5);
#201=CIRCLE('',#613,17.5);
#202=CIRCLE('',#615,13.);
#203=CIRCLE('',#617,11.852);
#204=ORIENTED_EDGE('',*,*,#415,.F.);
#205=ORIENTED_EDGE('',*,*,#416,.F.);
#206=ORIENTED_EDGE('',*,*,#417,.T.);
#207=ORIENTED_EDGE('',*,*,#418,.T.);
#208=ORIENTED_EDGE('',*,*,#419,.F.);
#209=ORIENTED_EDGE('',*,*,#420,.T.);
#210=ORIENTED_EDGE('',*,*,#421,.T.);
#211=ORIENTED_EDGE('',*,*,#422,.F.);
#212=ORIENTED_EDGE('',*,*,#423,.F.);
#213=ORIENTED_EDGE('',*,*,#424,.T.);
#214=ORIENTED_EDGE('',*,*,#425,.T.);
#215=ORIENTED_EDGE('',*,*,#426,.F.);
#216=ORIENTED_EDGE('',*,*,#427,.T.);
#217=ORIENTED_EDGE('',*,*,#428,.T.);
#218=ORIENTED_EDGE('',*,*,#423,.T.);
#219=ORIENTED_EDGE('',*,*,#429,.T.);
#220=ORIENTED_EDGE('',*,*,#430,.T.);
#221=ORIENTED_EDGE('',*,*,#431,.T.);
#222=ORIENTED_EDGE('',*,*,#416,.T.);
#223=ORIENTED_EDGE('',*,*,#432,.T.);
#224=ORIENTED_EDGE('',*,*,#433,.T.);
#225=ORIENTED_EDGE('',*,*,#434,.T.);
#226=ORIENTED_EDGE('',*,*,#419,.T.);
#227=ORIENTED_EDGE('',*,*,#435,.T.);
#228=ORIENTED_EDGE('',*,*,#436,.F.);
#229=ORIENTED_EDGE('',*,*,#437,.F.);
#230=ORIENTED_EDGE('',*,*,#438,.F.);
#231=ORIENTED_EDGE('',*,*,#439,.F.);
#232=ORIENTED_EDGE('',*,*,#440,.F.);
#233=ORIENTED_EDGE('',*,*,#425,.F.);
#234=ORIENTED_EDGE('',*,*,#441,.F.);
#235=ORIENTED_EDGE('',*,*,#442,.F.);
#236=ORIENTED_EDGE('',*,*,#443,.F.);
#237=ORIENTED_EDGE('',*,*,#421,.F.);
#238=ORIENTED_EDGE('',*,*,#444,.F.);
#239=ORIENTED_EDGE('',*,*,#445,.F.);
#240=ORIENTED_EDGE('',*,*,#446,.F.);
#241=ORIENTED_EDGE('',*,*,#418,.F.);
#242=ORIENTED_EDGE('',*,*,#447,.F.);
#243=ORIENTED_EDGE('',*,*,#448,.F.);
#244=ORIENTED_EDGE('',*,*,#449,.F.);
#245=ORIENTED_EDGE('',*,*,#450,.F.);
#246=ORIENTED_EDGE('',*,*,#451,.F.);
#247=ORIENTED_EDGE('',*,*,#452,.F.);
#248=ORIENTED_EDGE('',*,*,#453,.T.);
#249=ORIENTED_EDGE('',*,*,#454,.T.);
#250=ORIENTED_EDGE('',*,*,#455,.F.);
#251=ORIENTED_EDGE('',*,*,#456,.T.);
#252=ORIENTED_EDGE('',*,*,#439,.T.);
#253=ORIENTED_EDGE('',*,*,#457,.F.);
#254=ORIENTED_EDGE('',*,*,#458,.T.);
#255=ORIENTED_EDGE('',*,*,#459,.F.);
#256=ORIENTED_EDGE('',*,*,#455,.T.);
#257=ORIENTED_EDGE('',*,*,#459,.T.);
#258=ORIENTED_EDGE('',*,*,#460,.F.);
#259=ORIENTED_EDGE('',*,*,#461,.T.);
#260=ORIENTED_EDGE('',*,*,#456,.F.);
#261=ORIENTED_EDGE('',*,*,#462,.T.);
#262=ORIENTED_EDGE('',*,*,#463,.F.);
#263=ORIENTED_EDGE('',*,*,#457,.T.);
#264=ORIENTED_EDGE('',*,*,#454,.F.);
#265=ORIENTED_EDGE('',*,*,#463,.T.);
#266=ORIENTED_EDGE('',*,*,#464,.T.);
#267=ORIENTED_EDGE('',*,*,#460,.T.);
#268=ORIENTED_EDGE('',*,*,#458,.F.);
#269=ORIENTED_EDGE('',*,*,#461,.F.);
#270=ORIENTED_EDGE('',*,*,#464,.F.);
#271=ORIENTED_EDGE('',*,*,#462,.F.);
#272=ORIENTED_EDGE('',*,*,#453,.F.);
#273=ORIENTED_EDGE('',*,*,#436,.T.);
#274=ORIENTED_EDGE('',*,*,#465,.F.);
#275=ORIENTED_EDGE('',*,*,#466,.F.);
#276=ORIENTED_EDGE('',*,*,#438,.T.);
#277=ORIENTED_EDGE('',*,*,#467,.F.);
#278=ORIENTED_EDGE('',*,*,#465,.T.);
#279=ORIENTED_EDGE('',*,*,#437,.T.);
#280=ORIENTED_EDGE('',*,*,#466,.T.);
#281=ORIENTED_EDGE('',*,*,#467,.T.);
#282=ORIENTED_EDGE('',*,*,#450,.T.);
#283=ORIENTED_EDGE('',*,*,#468,.T.);
#284=ORIENTED_EDGE('',*,*,#469,.T.);
#285=ORIENTED_EDGE('',*,*,#470,.F.);
#286=ORIENTED_EDGE('',*,*,#449,.T.);
#287=ORIENTED_EDGE('',*,*,#471,.T.);
#288=ORIENTED_EDGE('',*,*,#472,.T.);
#289=ORIENTED_EDGE('',*,*,#468,.F.);
#290=ORIENTED_EDGE('',*,*,#452,.T.);
#291=ORIENTED_EDGE('',*,*,#473,.T.);
#292=ORIENTED_EDGE('',*,*,#474,.T.);
#293=ORIENTED_EDGE('',*,*,#471,.F.);
#294=ORIENTED_EDGE('',*,*,#451,.T.);
#295=ORIENTED_EDGE('',*,*,#470,.T.);
#296=ORIENTED_EDGE('',*,*,#475,.T.);
#297=ORIENTED_EDGE('',*,*,#473,.F.);
#298=ORIENTED_EDGE('',*,*,#476,.F.);
#299=ORIENTED_EDGE('',*,*,#477,.F.);
#300=ORIENTED_EDGE('',*,*,#478,.F.);
#301=ORIENTED_EDGE('',*,*,#479,.F.);
#302=ORIENTED_EDGE('',*,*,#469,.F.);
#303=ORIENTED_EDGE('',*,*,#472,.F.);
#304=ORIENTED_EDGE('',*,*,#474,.F.);
#305=ORIENTED_EDGE('',*,*,#475,.F.);
#306=ORIENTED_EDGE('',*,*,#476,.T.);
#307=ORIENTED_EDGE('',*,*,#480,.T.);
#308=ORIENTED_EDGE('',*,*,#481,.T.);
#309=ORIENTED_EDGE('',*,*,#482,.F.);
#310=ORIENTED_EDGE('',*,*,#479,.T.);
#311=ORIENTED_EDGE('',*,*,#483,.T.);
#312=ORIENTED_EDGE('',*,*,#484,.T.);
#313=ORIENTED_EDGE('',*,*,#480,.F.);
#314=ORIENTED_EDGE('',*,*,#478,.T.);
#315=ORIENTED_EDGE('',*,*,#485,.T.);
#316=ORIENTED_EDGE('',*,*,#486,.T.);
#317=ORIENTED_EDGE('',*,*,#483,.F.);
#318=ORIENTED_EDGE('',*,*,#477,.T.);
#319=ORIENTED_EDGE('',*,*,#482,.T.);
#320=ORIENTED_EDGE('',*,*,#487,.T.);
#321=ORIENTED_EDGE('',*,*,#485,.F.);
#322=ORIENTED_EDGE('',*,*,#481,.F.);
#323=ORIENTED_EDGE('',*,*,#484,.F.);
#324=ORIENTED_EDGE('',*,*,#486,.F.);
#325=ORIENTED_EDGE('',*,*,#487,.F.);
#326=ORIENTED_EDGE('',*,*,#440,.T.);
#327=ORIENTED_EDGE('',*,*,#488,.T.);
#328=ORIENTED_EDGE('',*,*,#429,.F.);
#329=ORIENTED_EDGE('',*,*,#426,.T.);
#330=ORIENTED_EDGE('',*,*,#448,.T.);
#331=ORIENTED_EDGE('',*,*,#489,.T.);
#332=ORIENTED_EDGE('',*,*,#430,.F.);
#333=ORIENTED_EDGE('',*,*,#488,.F.);
#334=ORIENTED_EDGE('',*,*,#447,.T.);
#335=ORIENTED_EDGE('',*,*,#417,.F.);
#336=ORIENTED_EDGE('',*,*,#431,.F.);
#337=ORIENTED_EDGE('',*,*,#489,.F.);
#338=ORIENTED_EDGE('',*,*,#441,.T.);
#339=ORIENTED_EDGE('',*,*,#424,.F.);
#340=ORIENTED_EDGE('',*,*,#428,.F.);
#341=ORIENTED_EDGE('',*,*,#490,.F.);
#342=ORIENTED_EDGE('',*,*,#443,.T.);
#343=ORIENTED_EDGE('',*,*,#491,.T.);
#344=ORIENTED_EDGE('',*,*,#435,.F.);
#345=ORIENTED_EDGE('',*,*,#422,.T.);
#346=ORIENTED_EDGE('',*,*,#442,.T.);
#347=ORIENTED_EDGE('',*,*,#490,.T.);
#348=ORIENTED_EDGE('',*,*,#427,.F.);
#349=ORIENTED_EDGE('',*,*,#491,.F.);
#350=ORIENTED_EDGE('',*,*,#445,.T.);
#351=ORIENTED_EDGE('',*,*,#492,.T.);
#352=ORIENTED_EDGE('',*,*,#433,.F.);
#353=ORIENTED_EDGE('',*,*,#493,.F.);
#354=ORIENTED_EDGE('',*,*,#444,.T.);
#355=ORIENTED_EDGE('',*,*,#420,.F.);
#356=ORIENTED_EDGE('',*,*,#434,.F.);
#357=ORIENTED_EDGE('',*,*,#492,.F.);
#358=ORIENTED_EDGE('',*,*,#446,.T.);
#359=ORIENTED_EDGE('',*,*,#493,.T.);
#360=ORIENTED_EDGE('',*,*,#432,.F.);
#361=ORIENTED_EDGE('',*,*,#415,.T.);
#362=VERTEX_POINT('',#784);
#363=VERTEX_POINT('',#785);
#364=VERTEX_POINT('',#787);
#365=VERTEX_POINT('',#789);
#366=VERTEX_POINT('',#793);
#367=VERTEX_POINT('',#794);
#368=VERTEX_POINT('',#796);
#369=VERTEX_POINT('',#798);
#370=VERTEX_POINT('',#802);
#371=VERTEX_POINT('',#803);
#372=VERTEX_POINT('',#805);
#373=VERTEX_POINT('',#807);
#374=VERTEX_POINT('',#811);
#375=VERTEX_POINT('',#812);
#376=VERTEX_POINT('',#815);
#377=VERTEX_POINT('',#817);
#378=VERTEX_POINT('',#820);
#379=VERTEX_POINT('',#822);
#380=VERTEX_POINT('',#826);
#381=VERTEX_POINT('',#827);
#382=VERTEX_POINT('',#832);
#383=VERTEX_POINT('',#838);
#384=VERTEX_POINT('',#841);
#385=VERTEX_POINT('',#843);
#386=VERTEX_POINT('',#845);
#387=VERTEX_POINT('',#848);
#388=VERTEX_POINT('',#850);
#389=VERTEX_POINT('',#853);
#390=VERTEX_POINT('',#856);
#391=VERTEX_POINT('',#857);
#392=VERTEX_POINT('',#859);
#393=VERTEX_POINT('',#861);
#394=VERTEX_POINT('',#865);
#395=VERTEX_POINT('',#866);
#396=VERTEX_POINT('',#901);
#397=VERTEX_POINT('',#903);
#398=VERTEX_POINT('',#977);
#399=VERTEX_POINT('',#979);
#400=VERTEX_POINT('',#1053);
#401=VERTEX_POINT('',#1174);
#402=VERTEX_POINT('',#1362);
#403=VERTEX_POINT('',#1657);
#404=VERTEX_POINT('',#1659);
#405=VERTEX_POINT('',#1663);
#406=VERTEX_POINT('',#1667);
#407=VERTEX_POINT('',#1673);
#408=VERTEX_POINT('',#1674);
#409=VERTEX_POINT('',#1676);
#410=VERTEX_POINT('',#1678);
#411=VERTEX_POINT('',#1682);
#412=VERTEX_POINT('',#1684);
#413=VERTEX_POINT('',#1688);
#414=VERTEX_POINT('',#1692);
#415=EDGE_CURVE('',#362,#363,#494,.T.);
#416=EDGE_CURVE('',#364,#362,#189,.T.);
#417=EDGE_CURVE('',#364,#365,#495,.T.);
#418=EDGE_CURVE('',#365,#363,#190,.T.);
#419=EDGE_CURVE('',#366,#367,#191,.T.);
#420=EDGE_CURVE('',#366,#368,#496,.T.);
#421=EDGE_CURVE('',#368,#369,#192,.T.);
#422=EDGE_CURVE('',#367,#369,#497,.T.);
#423=EDGE_CURVE('',#370,#371,#193,.T.);
#424=EDGE_CURVE('',#370,#372,#498,.T.);
#425=EDGE_CURVE('',#372,#373,#194,.T.);
#426=EDGE_CURVE('',#371,#373,#499,.T.);
#427=EDGE_CURVE('',#374,#375,#195,.T.);
#428=EDGE_CURVE('',#375,#370,#500,.T.);
#429=EDGE_CURVE('',#371,#376,#501,.T.);
#430=EDGE_CURVE('',#376,#377,#196,.T.);
#431=EDGE_CURVE('',#377,#364,#502,.T.);
#432=EDGE_CURVE('',#362,#378,#503,.T.);
#433=EDGE_CURVE('',#378,#379,#197,.T.);
#434=EDGE_CURVE('',#379,#366,#504,.T.);
#435=EDGE_CURVE('',#367,#374,#505,.T.);
#436=EDGE_CURVE('',#380,#381,#506,.T.);
#437=EDGE_CURVE('',#382,#380,#59,.T.);
#438=EDGE_CURVE('',#381,#382,#60,.T.);
#439=EDGE_CURVE('',#383,#383,#198,.T.);
#440=EDGE_CURVE('',#373,#384,#507,.T.);
#441=EDGE_CURVE('',#385,#372,#508,.T.);
#442=EDGE_CURVE('',#386,#385,#199,.T.);
#443=EDGE_CURVE('',#369,#386,#509,.T.);
#444=EDGE_CURVE('',#387,#368,#510,.T.);
#445=EDGE_CURVE('',#388,#387,#200,.T.);
#446=EDGE_CURVE('',#363,#388,#511,.T.);
#447=EDGE_CURVE('',#389,#365,#512,.T.);
#448=EDGE_CURVE('',#384,#389,#201,.T.);
#449=EDGE_CURVE('',#390,#391,#513,.T.);
#450=EDGE_CURVE('',#392,#390,#514,.T.);
#451=EDGE_CURVE('',#393,#392,#515,.T.);
#452=EDGE_CURVE('',#391,#393,#516,.T.);
#453=EDGE_CURVE('',#394,#395,#517,.T.);
#454=EDGE_CURVE('',#395,#396,#61,.T.);
#455=EDGE_CURVE('',#397,#396,#202,.T.);
#456=EDGE_CURVE('',#397,#394,#62,.T.);
#457=EDGE_CURVE('',#398,#396,#63,.T.);
#458=EDGE_CURVE('',#398,#399,#203,.T.);
#459=EDGE_CURVE('',#397,#399,#64,.T.);
#460=EDGE_CURVE('',#400,#399,#65,.T.);
#461=EDGE_CURVE('',#400,#394,#66,.T.);
#462=EDGE_CURVE('',#395,#401,#67,.T.);
#463=EDGE_CURVE('',#398,#401,#68,.T.);
#464=EDGE_CURVE('',#401,#400,#518,.T.);
#465=EDGE_CURVE('',#402,#381,#69,.T.);
#466=EDGE_CURVE('',#380,#402,#70,.T.);
#467=EDGE_CURVE('',#402,#382,#71,.T.);
#468=EDGE_CURVE('',#390,#403,#519,.T.);
#469=EDGE_CURVE('',#403,#404,#520,.T.);
#470=EDGE_CURVE('',#392,#404,#521,.T.);
#471=EDGE_CURVE('',#391,#405,#522,.T.);
#472=EDGE_CURVE('',#405,#403,#523,.T.);
#473=EDGE_CURVE('',#393,#406,#524,.T.);
#474=EDGE_CURVE('',#406,#405,#525,.T.);
#475=EDGE_CURVE('',#404,#406,#526,.T.);
#476=EDGE_CURVE('',#407,#408,#527,.T.);
#477=EDGE_CURVE('',#409,#407,#528,.T.);
#478=EDGE_CURVE('',#410,#409,#529,.T.);
#479=EDGE_CURVE('',#408,#410,#530,.T.);
#480=EDGE_CURVE('',#408,#411,#531,.T.);
#481=EDGE_CURVE('',#411,#412,#532,.T.);
#482=EDGE_CURVE('',#407,#412,#533,.T.);
#483=EDGE_CURVE('',#410,#413,#534,.T.);
#484=EDGE_CURVE('',#413,#411,#535,.T.);
#485=EDGE_CURVE('',#409,#414,#536,.T.);
#486=EDGE_CURVE('',#414,#413,#537,.T.);
#487=EDGE_CURVE('',#412,#414,#538,.T.);
#488=EDGE_CURVE('',#384,#376,#539,.T.);
#489=EDGE_CURVE('',#389,#377,#540,.T.);
#490=EDGE_CURVE('',#385,#375,#541,.T.);
#491=EDGE_CURVE('',#386,#374,#542,.T.);
#492=EDGE_CURVE('',#387,#379,#543,.T.);
#493=EDGE_CURVE('',#388,#378,#544,.T.);
#494=LINE('',#783,#545);
#495=LINE('',#788,#546);
#496=LINE('',#795,#547);
#497=LINE('',#799,#548);
#498=LINE('',#804,#549);
#499=LINE('',#808,#550);
#500=LINE('',#813,#551);
#501=LINE('',#814,#552);
#502=LINE('',#818,#553);
#503=LINE('',#819,#554);
#504=LINE('',#823,#555);
#505=LINE('',#824,#556);
#506=LINE('',#825,#557);
#507=LINE('',#840,#558);
#508=LINE('',#842,#559);
#509=LINE('',#846,#560);
#510=LINE('',#847,#561);
#511=LINE('',#851,#562);
#512=LINE('',#852,#563);
#513=LINE('',#855,#564);
#514=LINE('',#858,#565);
#515=LINE('',#860,#566);
#516=LINE('',#862,#567);
#517=LINE('',#864,#568);
#518=LINE('',#1357,#569);
#519=LINE('',#1656,#570);
#520=LINE('',#1658,#571);
#521=LINE('',#1660,#572);
#522=LINE('',#1662,#573);
#523=LINE('',#1664,#574);
#524=LINE('',#1666,#575);
#525=LINE('',#1668,#576);
#526=LINE('',#1670,#577);
#527=LINE('',#1672,#578);
#528=LINE('',#1675,#579);
#529=LINE('',#1677,#580);
#530=LINE('',#1679,#581);
#531=LINE('',#1681,#582);
#532=LINE('',#1683,#583);
#533=LINE('',#1685,#584);
#534=LINE('',#1687,#585);
#535=LINE('',#1689,#586);
#536=LINE('',#1691,#587);
#537=LINE('',#1693,#588);
#538=LINE('',#1695,#589);
#539=LINE('',#1698,#590);
#540=LINE('',#1700,#591);
#541=LINE('',#1703,#592);
#542=LINE('',#1705,#593);
#543=LINE('',#1708,#594);
#544=LINE('',#1709,#595);
#545=VECTOR('',#643,1.);
#546=VECTOR('',#646,1.);
#547=VECTOR('',#653,1.);
#548=VECTOR('',#656,1.);
#549=VECTOR('',#661,1.);
#550=VECTOR('',#664,1.);
#551=VECTOR('',#669,1.);
#552=VECTOR('',#670,1.);
#553=VECTOR('',#673,1.);
#554=VECTOR('',#674,1.);
#555=VECTOR('',#677,1.);
#556=VECTOR('',#678,1.);
#557=VECTOR('',#679,1.);
#558=VECTOR('',#684,1.);
#559=VECTOR('',#685,1.);
#560=VECTOR('',#688,1.);
#561=VECTOR('',#689,1.);
#562=VECTOR('',#692,1.);
#563=VECTOR('',#693,1.);
#564=VECTOR('',#696,1.);
#565=VECTOR('',#697,1.);
#566=VECTOR('',#698,1.);
#567=VECTOR('',#699,1.);
#568=VECTOR('',#702,1.);
#569=VECTOR('',#711,1.);
#570=VECTOR('',#718,1.);
#571=VECTOR('',#719,1.);
#572=VECTOR('',#720,1.);
#573=VECTOR('',#723,1.);
#574=VECTOR('',#724,1.);
#575=VECTOR('',#727,1.);
#576=VECTOR('',#728,1.);
#577=VECTOR('',#731,1.);
#578=VECTOR('',#734,1.);
#579=VECTOR('',#735,1.);
#580=VECTOR('',#736,1.);
#581=VECTOR('',#737,1.);
#582=VECTOR('',#740,1.);
#583=VECTOR('',#741,1.);
#584=VECTOR('',#742,1.);
#585=VECTOR('',#745,1.);
#586=VECTOR('',#746,1.);
#587=VECTOR('',#749,1.);
#588=VECTOR('',#750,1.);
#589=VECTOR('',#753,1.);
#590=VECTOR('',#758,1.);
#591=VECTOR('',#761,1.);
#592=VECTOR('',#766,1.);
#593=VECTOR('',#769,1.);
#594=VECTOR('',#774,1.);
#595=VECTOR('',#775,1.);
#596=AXIS2_PLACEMENT_3D('',#782,#641,#642);
#597=AXIS2_PLACEMENT_3D('',#786,#644,#645);
#598=AXIS2_PLACEMENT_3D('',#790,#647,#648);
#599=AXIS2_PLACEMENT_3D('',#791,#649,#650);
#600=AXIS2_PLACEMENT_3D('',#792,#651,#652);
#601=AXIS2_PLACEMENT_3D('',#797,#654,#655);
#602=AXIS2_PLACEMENT_3D('',#800,#657,#658);
#603=AXIS2_PLACEMENT_3D('',#801,#659,#660);
#604=AXIS2_PLACEMENT_3D('',#806,#662,#663);
#605=AXIS2_PLACEMENT_3D('',#809,#665,#666);
#606=AXIS2_PLACEMENT_3D('',#810,#667,#668);
#607=AXIS2_PLACEMENT_3D('',#816,#671,#672);
#608=AXIS2_PLACEMENT_3D('',#821,#675,#676);
#609=AXIS2_PLACEMENT_3D('',#837,#680,#681);
#610=AXIS2_PLACEMENT_3D('',#839,#682,#683);
#611=AXIS2_PLACEMENT_3D('',#844,#686,#687);
#612=AXIS2_PLACEMENT_3D('',#849,#690,#691);
#613=AXIS2_PLACEMENT_3D('',#854,#694,#695);
#614=AXIS2_PLACEMENT_3D('',#863,#700,#701);
#615=AXIS2_PLACEMENT_3D('',#902,#703,#704);
#616=AXIS2_PLACEMENT_3D('',#970,#705,#706);
#617=AXIS2_PLACEMENT_3D('',#978,#707,#708);
#618=AXIS2_PLACEMENT_3D('',#986,#709,#710);
#619=AXIS2_PLACEMENT_3D('',#1358,#712,#713);
#620=AXIS2_PLACEMENT_3D('',#1359,#714,#715);
#621=AXIS2_PLACEMENT_3D('',#1365,#716,#717);
#622=AXIS2_PLACEMENT_3D('',#1661,#721,#722);
#623=AXIS2_PLACEMENT_3D('',#1665,#725,#726);
#624=AXIS2_PLACEMENT_3D('',#1669,#729,#730);
#625=AXIS2_PLACEMENT_3D('',#1671,#732,#733);
#626=AXIS2_PLACEMENT_3D('',#1680,#738,#739);
#627=AXIS2_PLACEMENT_3D('',#1686,#743,#744);
#628=AXIS2_PLACEMENT_3D('',#1690,#747,#748);
#629=AXIS2_PLACEMENT_3D('',#1694,#751,#752);
#630=AXIS2_PLACEMENT_3D('',#1696,#754,#755);
#631=AXIS2_PLACEMENT_3D('',#1697,#756,#757);
#632=AXIS2_PLACEMENT_3D('',#1699,#759,#760);
#633=AXIS2_PLACEMENT_3D('',#1701,#762,#763);
#634=AXIS2_PLACEMENT_3D('',#1702,#764,#765);
#635=AXIS2_PLACEMENT_3D('',#1704,#767,#768);
#636=AXIS2_PLACEMENT_3D('',#1706,#770,#771);
#637=AXIS2_PLACEMENT_3D('',#1707,#772,#773);
#638=AXIS2_PLACEMENT_3D('',#1710,#776,#777);
#639=AXIS2_PLACEMENT_3D('',#1711,#778,#779);
#640=AXIS2_PLACEMENT_3D('',#1712,#780,#781);
#641=DIRECTION('',(0.,0.,1.));
#642=DIRECTION('',(1.,0.,0.));
#643=DIRECTION('',(0.,0.,-1.));
#644=DIRECTION('',(0.,0.,1.));
#645=DIRECTION('',(1.,0.,0.));
#646=DIRECTION('',(0.,0.,-1.));
#647=DIRECTION('',(0.,0.,1.));
#648=DIRECTION('',(1.,0.,0.));
#649=DIRECTION('',(0.,0.,-1.));
#650=DIRECTION('',(-1.,0.,0.));
#651=DIRECTION('',(0.,0.,1.));
#652=DIRECTION('',(1.,0.,0.));
#653=DIRECTION('',(0.,0.,-1.));
#654=DIRECTION('',(0.,0.,1.));
#655=DIRECTION('',(1.,0.,0.));
#656=DIRECTION('',(0.,0.,-1.));
#657=DIRECTION('',(0.,0.,-1.));
#658=DIRECTION('',(-1.,0.,0.));
#659=DIRECTION('',(0.,0.,1.));
#660=DIRECTION('',(1.,0.,0.));
#661=DIRECTION('',(0.,0.,-1.));
#662=DIRECTION('',(0.,0.,1.));
#663=DIRECTION('',(1.,0.,0.));
#664=DIRECTION('',(0.,0.,-1.));
#665=DIRECTION('',(0.,0.,-1.));
#666=DIRECTION('',(-1.,0.,0.));
#667=DIRECTION('',(0.,0.,1.));
#668=DIRECTION('',(-0.499999999999999,-0.866025403784439,0.));
#669=DIRECTION('',(-0.541534746691258,0.840678367823293,0.));
#670=DIRECTION('',(0.837135944011964,0.546994891423309,0.));
#671=DIRECTION('',(0.,0.,1.));
#672=DIRECTION('',(1.,0.,0.));
#673=DIRECTION('',(-0.457281449601382,-0.889322031578246,0.));
#674=DIRECTION('',(-0.89227944371888,0.451483548223772,0.));
#675=DIRECTION('',(0.,0.,1.));
#676=DIRECTION('',(-0.500000000000002,0.866025403784437,0.));
#677=DIRECTION('',(0.998816196292639,0.0486436637549554,0.));
#678=DIRECTION('',(0.055143499706916,-0.998478439647083,0.));
#679=DIRECTION('',(0.884737199310979,0.466090214610182,0.));
#680=DIRECTION('',(0.,0.,1.));
#681=DIRECTION('',(1.,0.,0.));
#682=DIRECTION('',(0.,0.,1.));
#683=DIRECTION('',(1.,0.,0.));
#684=DIRECTION('',(0.837135944011964,0.546994891423309,0.));
#685=DIRECTION('',(-0.541534746691258,0.840678367823293,0.));
#686=DIRECTION('',(0.,0.,1.));
#687=DIRECTION('',(-0.499999999999999,-0.866025403784439,0.));
#688=DIRECTION('',(0.055143499706916,-0.998478439647083,0.));
#689=DIRECTION('',(0.998816196292639,0.0486436637549554,0.));
#690=DIRECTION('',(0.,0.,1.));
#691=DIRECTION('',(-0.500000000000002,0.866025403784437,0.));
#692=DIRECTION('',(-0.89227944371888,0.451483548223772,0.));
#693=DIRECTION('',(-0.457281449601382,-0.889322031578246,0.));
#694=DIRECTION('',(0.,0.,1.));
#695=DIRECTION('',(1.,0.,0.));
#696=DIRECTION('',(0.707106781186547,0.707106781186548,0.));
#697=DIRECTION('',(-0.707106781186548,0.707106781186547,0.));
#698=DIRECTION('',(-0.707106781186547,-0.707106781186548,0.));
#699=DIRECTION('',(0.707106781186548,-0.707106781186547,0.));
#700=DIRECTION('',(0.,0.,1.));
#701=DIRECTION('',(1.,0.,0.));
#702=DIRECTION('',(0.,0.,1.));
#703=DIRECTION('',(0.,0.,1.));
#704=DIRECTION('',(1.,0.,0.));
#705=DIRECTION('',(0.,0.,-1.));
#706=DIRECTION('',(-1.,0.,0.));
#707=DIRECTION('',(0.,0.,1.));
#708=DIRECTION('',(1.,0.,0.));
#709=DIRECTION('',(0.,0.,1.));
#710=DIRECTION('',(1.,0.,0.));
#711=DIRECTION('',(0.,0.,-1.));
#712=DIRECTION('',(0.,0.,-1.));
#713=DIRECTION('',(-1.,0.,0.));
#714=DIRECTION('',(0.466090214610182,-0.884737199310979,0.));
#715=DIRECTION('',(0.884737199310979,0.466090214610182,0.));
#716=DIRECTION('',(0.466090214610182,-0.884737199310979,0.));
#717=DIRECTION('',(0.884737199310979,0.466090214610182,0.));
#718=DIRECTION('',(0.,0.,1.));
#719=DIRECTION('',(0.707106781186548,-0.707106781186547,0.));
#720=DIRECTION('',(0.,0.,1.));
#721=DIRECTION('',(-0.707106781186547,-0.707106781186548,0.));
#722=DIRECTION('',(0.707106781186548,-0.707106781186547,0.));
#723=DIRECTION('',(0.,0.,1.));
#724=DIRECTION('',(-0.707106781186547,-0.707106781186548,0.));
#725=DIRECTION('',(-0.707106781186548,0.707106781186547,0.));
#726=DIRECTION('',(-0.707106781186547,-0.707106781186548,0.));
#727=DIRECTION('',(0.,0.,1.));
#728=DIRECTION('',(-0.707106781186548,0.707106781186547,0.));
#729=DIRECTION('',(0.707106781186547,0.707106781186548,0.));
#730=DIRECTION('',(-0.707106781186548,0.707106781186547,0.));
#731=DIRECTION('',(0.707106781186547,0.707106781186548,0.));
#732=DIRECTION('',(0.707106781186548,-0.707106781186547,0.));
#733=DIRECTION('',(0.707106781186547,0.707106781186548,0.));
#734=DIRECTION('',(-0.707106781186548,0.707106781186547,0.));
#735=DIRECTION('',(-0.707106781186547,-0.707106781186548,0.));
#736=DIRECTION('',(0.707106781186548,-0.707106781186547,0.));
#737=DIRECTION('',(0.707106781186547,0.707106781186548,0.));
#738=DIRECTION('',(0.,0.,-1.));
#739=DIRECTION('',(-1.,0.,0.));
#740=DIRECTION('',(0.,0.,1.));
#741=DIRECTION('',(0.707106781186548,-0.707106781186547,0.));
#742=DIRECTION('',(0.,0.,1.));
#743=DIRECTION('',(-0.707106781186547,-0.707106781186548,0.));
#744=DIRECTION('',(0.707106781186548,-0.707106781186547,0.));
#745=DIRECTION('',(0.,0.,1.));
#746=DIRECTION('',(-0.707106781186547,-0.707106781186548,0.));
#747=DIRECTION('',(-0.707106781186548,0.707106781186547,0.));
#748=DIRECTION('',(-0.707106781186547,-0.707106781186548,0.));
#749=DIRECTION('',(0.,0.,1.));
#750=DIRECTION('',(-0.707106781186548,0.707106781186547,0.));
#751=DIRECTION('',(0.707106781186547,0.707106781186548,0.));
#752=DIRECTION('',(-0.707106781186548,0.707106781186547,0.));
#753=DIRECTION('',(0.707106781186547,0.707106781186548,0.));
#754=DIRECTION('',(0.707106781186548,-0.707106781186547,0.));
#755=DIRECTION('',(0.707106781186547,0.707106781186548,0.));
#756=DIRECTION('',(0.,0.,-1.));
#757=DIRECTION('',(-1.,0.,0.));
#758=DIRECTION('',(0.,0.,1.));
#759=DIRECTION('',(-0.546994891423309,0.837135944011964,0.));
#760=DIRECTION('',(-0.837135944011964,-0.546994891423309,0.));
#761=DIRECTION('',(0.,0.,1.));
#762=DIRECTION('',(0.,0.,-1.));
#763=DIRECTION('',(-1.,0.,0.));
#764=DIRECTION('',(0.889322031578246,-0.457281449601382,0.));
#765=DIRECTION('',(0.457281449601382,0.889322031578246,0.));
#766=DIRECTION('',(0.,0.,1.));
#767=DIRECTION('',(-0.840678367823293,-0.541534746691258,0.));
#768=DIRECTION('',(0.541534746691258,-0.840678367823293,0.));
#769=DIRECTION('',(0.,0.,1.));
#770=DIRECTION('',(0.998478439647083,0.055143499706916,0.));
#771=DIRECTION('',(-0.055143499706916,0.998478439647083,0.));
#772=DIRECTION('',(0.,0.,-1.));
#773=DIRECTION('',(-1.,0.,0.));
#774=DIRECTION('',(0.,0.,1.));
#775=DIRECTION('',(0.,0.,1.));
#776=DIRECTION('',(0.,0.,-1.));
#777=DIRECTION('',(-1.,0.,0.));
#778=DIRECTION('',(-0.0486436637549554,0.998816196292639,0.));
#779=DIRECTION('',(-0.998816196292639,-0.0486436637549554,0.));
#780=DIRECTION('',(-0.451483548223772,-0.89227944371888,0.));
#781=DIRECTION('',(0.89227944371888,-0.451483548223771,0.));
#782=CARTESIAN_POINT('',(0.,0.,0.));
#783=CARTESIAN_POINT('',(24.5376847022692,-12.4157975761537,5.));
#784=CARTESIAN_POINT('',(24.5376847022692,-12.4157975761537,5.));
#785=CARTESIAN_POINT('',(24.5376847022692,-12.4157975761537,0.));
#786=CARTESIAN_POINT('',(0.,0.,5.));
#787=CARTESIAN_POINT('',(-12.575239864038,-24.4563558684018,5.));
#788=CARTESIAN_POINT('',(-12.575239864038,-24.4563558684018,5.));
#789=CARTESIAN_POINT('',(-12.575239864038,-24.4563558684018,0.));
#790=CARTESIAN_POINT('',(0.,0.,0.));
#791=CARTESIAN_POINT('',(0.,0.,5.));
#792=CARTESIAN_POINT('',(0.,0.,5.));
#793=CARTESIAN_POINT('',(27.4674453980476,1.33770075326128,5.));
#794=CARTESIAN_POINT('',(-1.51644624194018,27.4581570902948,5.));
#795=CARTESIAN_POINT('',(27.4674453980476,1.33770075326128,5.));
#796=CARTESIAN_POINT('',(27.4674453980476,1.33770075326128,0.));
#797=CARTESIAN_POINT('',(0.,0.,0.));
#798=CARTESIAN_POINT('',(-1.51644624194018,27.4581570902948,0.));
#799=CARTESIAN_POINT('',(-1.51644624194018,27.4581570902948,5.));
#800=CARTESIAN_POINT('',(0.,0.,5.));
#801=CARTESIAN_POINT('',(0.,0.,5.));
#802=CARTESIAN_POINT('',(-14.8922055340096,23.1186551151405,5.));
#803=CARTESIAN_POINT('',(-23.021238460329,-15.042359514141,5.));
#804=CARTESIAN_POINT('',(-14.8922055340096,23.1186551151405,5.));
#805=CARTESIAN_POINT('',(-14.8922055340096,23.1186551151405,0.));
#806=CARTESIAN_POINT('',(0.,0.,0.));
#807=CARTESIAN_POINT('',(-23.021238460329,-15.042359514141,0.));
#808=CARTESIAN_POINT('',(-23.021238460329,-15.042359514141,5.));
#809=CARTESIAN_POINT('',(0.,0.,5.));
#810=CARTESIAN_POINT('',(0.,0.,5.));
#811=CARTESIAN_POINT('',(-0.965011244871025,17.473372693824,5.));
#812=CARTESIAN_POINT('',(-9.47685806709702,14.7118714369076,5.));
#813=CARTESIAN_POINT('',(-9.47685806709702,14.7118714369076,5.));
#814=CARTESIAN_POINT('',(-23.021238460329,-15.042359514141,5.));
#815=CARTESIAN_POINT('',(-14.6498790202094,-9.5724105999079,5.));
#816=CARTESIAN_POINT('',(0.,0.,5.));
#817=CARTESIAN_POINT('',(-8.00242536804652,-15.5631355526078,5.));
#818=CARTESIAN_POINT('',(-8.00242536802419,-15.5631355526193,5.));
#819=CARTESIAN_POINT('',(24.5376847022692,-12.4157975761537,5.));
#820=CARTESIAN_POINT('',(15.6148902650759,-7.90096209392479,5.));
#821=CARTESIAN_POINT('',(0.,0.,5.));
#822=CARTESIAN_POINT('',(17.4792834351224,0.851264115686637,5.));
#823=CARTESIAN_POINT('',(17.4792834351212,0.851264115711727,5.));
#824=CARTESIAN_POINT('',(-1.51644624194018,27.4581570902948,5.));
#825=CARTESIAN_POINT('',(-1.21280645581103E-15,2.30216158457209E-15,5.));
#826=CARTESIAN_POINT('',(11.8192964222441,6.22654773674639,5.));
#827=CARTESIAN_POINT('',(12.0319909477256,6.33859777500103,5.));
#828=CARTESIAN_POINT('',(9.71057822298948,9.52178788359851,5.));
#829=CARTESIAN_POINT('',(10.5743923718226,8.52634417474468,5.));
#830=CARTESIAN_POINT('',(11.2776061696386,7.42812771856319,5.));
#831=CARTESIAN_POINT('',(11.8192964222441,6.22654773674639,5.));
#832=CARTESIAN_POINT('',(9.71057822298948,9.52178788359851,5.));
#833=CARTESIAN_POINT('',(12.0319909477256,6.33859777500103,5.));
#834=CARTESIAN_POINT('',(11.41285297467,7.51245498705872,5.));
#835=CARTESIAN_POINT('',(10.6397118535733,8.57400195206382,5.));
#836=CARTESIAN_POINT('',(9.71057822298948,9.52178788359851,5.));
#837=CARTESIAN_POINT('',(0.,0.,5.));
#838=CARTESIAN_POINT('',(13.,0.,5.));
#839=CARTESIAN_POINT('',(0.,0.,5.));
#840=CARTESIAN_POINT('',(-23.021238460329,-15.042359514141,0.));
#841=CARTESIAN_POINT('',(-14.6498790202094,-9.5724105999079,0.));
#842=CARTESIAN_POINT('',(-9.47685806709702,14.7118714369076,0.));
#843=CARTESIAN_POINT('',(-9.47685806709702,14.7118714369076,0.));
#844=CARTESIAN_POINT('',(0.,0.,0.));
#845=CARTESIAN_POINT('',(-0.965011244871024,17.4733726938239,0.));
#846=CARTESIAN_POINT('',(-1.51644624194018,27.4581570902948,0.));
#847=CARTESIAN_POINT('',(17.4792834351212,0.851264115711727,0.));
#848=CARTESIAN_POINT('',(17.4792834351224,0.851264115686637,0.));
#849=CARTESIAN_POINT('',(0.,0.,0.));
#850=CARTESIAN_POINT('',(15.6148902650759,-7.90096209392479,0.));
#851=CARTESIAN_POINT('',(24.5376847022692,-12.4157975761537,0.));
#852=CARTESIAN_POINT('',(-8.00242536802419,-15.5631355526193,0.));
#853=CARTESIAN_POINT('',(-8.00242536804652,-15.5631355526078,0.));
#854=CARTESIAN_POINT('',(0.,0.,0.));
#855=CARTESIAN_POINT('',(-9.19238815542512,-3.5527136788005E-15,0.));
#856=CARTESIAN_POINT('',(-9.19238815542512,0.,0.));
#857=CARTESIAN_POINT('',(-3.46944695195361E-15,9.19238815542512,0.));
#858=CARTESIAN_POINT('',(5.32907051820075E-15,-9.19238815542512,0.));
#859=CARTESIAN_POINT('',(5.32907051820075E-15,-9.19238815542512,0.));
#860=CARTESIAN_POINT('',(9.19238815542512,3.5527136788005E-15,0.));
#861=CARTESIAN_POINT('',(9.19238815542511,1.73472347597681E-15,0.));
#862=CARTESIAN_POINT('',(-3.5527136788005E-15,9.19238815542512,0.));
#863=CARTESIAN_POINT('',(0.,0.,0.));
#864=CARTESIAN_POINT('',(11.5015835910427,6.05917278993237,15.));
#865=CARTESIAN_POINT('',(11.5015835910427,6.05917278993237,5.20733639312549));
#866=CARTESIAN_POINT('',(11.5015835910427,6.05917278993237,7.25568385588281));
#867=CARTESIAN_POINT('',(11.5015835910427,6.05917278993237,7.25568385588281));
#868=CARTESIAN_POINT('',(9.43452993079651,9.98287513095076,7.41982443293052));
#869=CARTESIAN_POINT('',(5.3605235994526,12.6462451763704,7.57802311764084));
#870=CARTESIAN_POINT('',(-3.48490557937761,13.2860138274798,7.90117759031849));
#871=CARTESIAN_POINT('',(-7.90057687745111,11.2355124375041,8.06038878305044));
#872=CARTESIAN_POINT('',(-13.119292980216,4.06694067194011,8.38741571202262));
#873=CARTESIAN_POINT('',(-13.7135890504738,-0.766479016277098,8.54492490274764));
#874=CARTESIAN_POINT('',(-10.3884688317242,-8.98497245738473,8.87006773318211));
#875=CARTESIAN_POINT('',(-6.59913134674557,-12.0455558080244,9.02963340318001));
#876=CARTESIAN_POINT('',(2.13343770396466,-13.5680651833315,9.35429395777363));
#877=CARTESIAN_POINT('',(6.73591041986718,-11.9693288014021,9.51167078012684));
#878=CARTESIAN_POINT('',(12.6441423065224,-5.36311350550773,9.83957622545874));
#879=CARTESIAN_POINT('',(13.7207797213434,-0.610139586387087,9.99829518794584));
#880=CARTESIAN_POINT('',(11.2373959566139,7.8963914917373,10.3214063225021));
#881=CARTESIAN_POINT('',(7.77134753604243,11.3239326768529,10.4801297025873));
#882=CARTESIAN_POINT('',(-0.760560229195288,13.7130172439772,10.8076954962465));
#883=CARTESIAN_POINT('',(-5.50357026659707,12.5829549314422,10.965990021126));
#884=CARTESIAN_POINT('',(-12.0413949512851,6.60491090880441,11.2892859218874));
#885=CARTESIAN_POINT('',(-13.5901232450579,1.98045808307965,11.449179825559));
#886=CARTESIAN_POINT('',(-11.9727411093934,-6.72808549010338,11.7749640042992));
#887=CARTESIAN_POINT('',(-8.8655040267224,-10.4885894036401,11.9324373395539));
#888=CARTESIAN_POINT('',(-0.619768242344799,-13.7194590509889,12.2588492095063));
#889=CARTESIAN_POINT('',(4.21606462619676,-13.0700833516502,12.4182945969795));
#890=CARTESIAN_POINT('',(11.317014858177,-7.77993923184188,12.7417884984837));
#891=CARTESIAN_POINT('',(13.3229683209018,-3.33080317974724,12.8999561754117));
#892=CARTESIAN_POINT('',(12.5870557426859,5.4919725447679,13.2277590753369));
#893=CARTESIAN_POINT('',(9.87059499429773,9.54788823171453,13.3865803558612));
#894=CARTESIAN_POINT('',(1.99366659583012,13.5873510564583,13.7091827428365));
#895=CARTESIAN_POINT('',(-2.88633273464269,13.4258508013456,13.8688364556101));
#896=CARTESIAN_POINT('',(-10.4783630465494,8.87627704951627,14.1953974127475));
#897=CARTESIAN_POINT('',(-12.9219880401404,4.64772296136028,14.3536795301566));
#898=CARTESIAN_POINT('',(-13.0741675049631,-4.20062467821808,14.677728245033));
#899=CARTESIAN_POINT('',(-10.7889851420855,-8.50096715801137,14.8373433945167));
#900=CARTESIAN_POINT('',(-7.06647621589307,-10.9116870322704,15.));
#901=CARTESIAN_POINT('',(-7.06647621587947,-10.911687032278,15.));
#902=CARTESIAN_POINT('',(0.,0.,15.));
#903=CARTESIAN_POINT('',(-7.06647621589302,10.9116870322704,15.));
#904=CARTESIAN_POINT('',(-7.06647621589307,10.9116870322704,15.));
#905=CARTESIAN_POINT('',(-4.712969867896,12.4358323438881,14.8971625424845));
#906=CARTESIAN_POINT('',(-1.92590338789637,13.1556216819709,14.7976772948949));
#907=CARTESIAN_POINT('',(3.64030230913532,12.7877943679415,14.5911942074101));
#908=CARTESIAN_POINT('',(6.32999537843858,11.6896710157318,14.4896321607447));
#909=CARTESIAN_POINT('',(10.5549331394165,8.08149963617763,14.2872058073611));
#910=CARTESIAN_POINT('',(12.0653574152304,5.57678235704112,14.1840886688896));
#911=CARTESIAN_POINT('',(13.2907160957916,0.173829445510887,13.9801118588287));
#912=CARTESIAN_POINT('',(13.0033074170898,-2.74988741704918,13.8784703954018));
#913=CARTESIAN_POINT('',(10.7580533691342,-7.8046250580439,13.6744433685492));
#914=CARTESIAN_POINT('',(8.77588708393198,-9.98120139991089,13.5709010116142));
#915=CARTESIAN_POINT('',(3.95572615976339,-12.688294055722,13.3692270579857));
#916=CARTESIAN_POINT('',(1.06606809334664,-13.2481720191173,13.2661888737119));
#917=CARTESIAN_POINT('',(-4.41965212751802,-12.5346415225765,13.0617180955878));
#918=CARTESIAN_POINT('',(-7.06449377864294,-11.2593014148531,12.9597700490849));
#919=CARTESIAN_POINT('',(-11.0418685820273,-7.39973505716505,12.7567600531367));
#920=CARTESIAN_POINT('',(-12.3935761992887,-4.80882048947697,12.6534636290861));
#921=CARTESIAN_POINT('',(-13.2764325269165,0.67957697564179,12.4501223984107));
#922=CARTESIAN_POINT('',(-12.8151735669145,3.54430292840502,12.3493328002172));
#923=CARTESIAN_POINT('',(-10.2307995010022,8.49243771650619,12.1427101970023));
#924=CARTESIAN_POINT('',(-8.16475851092173,10.4969003711922,12.0424271045227));
#925=CARTESIAN_POINT('',(-3.11675052023618,12.9280340786606,11.8380862931372));
#926=CARTESIAN_POINT('',(-0.256934994100484,13.2929596694201,11.7364140802734));
#927=CARTESIAN_POINT('',(5.21526873478827,12.229871805868,11.5315569019631));
#928=CARTESIAN_POINT('',(7.7489077189611,10.8010867759665,11.4310725295854));
#929=CARTESIAN_POINT('',(11.4852814311369,6.69308275957462,11.2257360862055));
#930=CARTESIAN_POINT('',(12.6703333913046,4.01635982766317,11.1230895595965));
#931=CARTESIAN_POINT('',(13.2072169959516,-1.49596581977098,10.9212866194216));
#932=CARTESIAN_POINT('',(12.5547112574663,-4.36174283913667,10.8179119917213));
#933=CARTESIAN_POINT('',(9.69277226852474,-9.09371987162726,10.6139458382643));
#934=CARTESIAN_POINT('',(7.45269490953162,-11.0044611322187,10.5119374265674));
#935=CARTESIAN_POINT('',(2.33059146869808,-13.084692187098,10.3085903631524));
#936=CARTESIAN_POINT('',(-0.605804616718364,-13.2773098155878,10.2048423722675));
#937=CARTESIAN_POINT('',(-5.95964469458582,-11.8800921834402,10.002745467209));
#938=CARTESIAN_POINT('',(-8.42200246764529,-10.2837021270265,9.90039543096018));
#939=CARTESIAN_POINT('',(-11.8844365614809,-5.95355546027503,9.69525226233308));
#940=CARTESIAN_POINT('',(-12.899297143208,-3.21596606027515,9.59369203914062));
#941=CARTESIAN_POINT('',(-13.0860442614513,2.34302156988604,9.39048019256918));
#942=CARTESIAN_POINT('',(-12.2699842974442,5.12349763208768,9.28805748543359));
#943=CARTESIAN_POINT('',(-9.08235068014037,9.71152144457751,9.08332623464692));
#944=CARTESIAN_POINT('',(-6.78004868030893,11.4396402332641,8.98369364876726));
#945=CARTESIAN_POINT('',(-1.47143611288109,13.2162515313376,8.77651223921553));
#946=CARTESIAN_POINT('',(1.41599866743989,13.2194374260722,8.67568027582062));
#947=CARTESIAN_POINT('',(6.70791938528262,11.4787802317397,8.47264937463346));
#948=CARTESIAN_POINT('',(9.04477476680502,9.74134095172489,8.37007370663093));
#949=CARTESIAN_POINT('',(12.2341379240282,5.19880210970181,8.16570846225759));
#950=CARTESIAN_POINT('',(13.0744259820012,2.39227417182397,8.06446511851325));
#951=CARTESIAN_POINT('',(12.9147606019933,-3.14206127648782,7.86011258512081));
#952=CARTESIAN_POINT('',(11.9072279144676,-5.90439180332845,7.75672112438816));
#953=CARTESIAN_POINT('',(8.4739580146886,-10.2389430479705,7.55511072227853));
#954=CARTESIAN_POINT('',(6.01156745399589,-11.8533804411532,7.45186317625699));
#955=CARTESIAN_POINT('',(0.66847918926241,-13.2738354182271,7.24764186762237));
#956=CARTESIAN_POINT('',(-2.26810200178857,-13.0963037077362,7.14547549892768));
#957=CARTESIAN_POINT('',(-7.40522102863208,-11.0372169958232,6.94261990063359));
#958=CARTESIAN_POINT('',(-9.64624420713177,-9.14555736275222,6.83901948180914));
#959=CARTESIAN_POINT('',(-12.5386724414854,-4.41281544868468,6.63611442330571));
#960=CARTESIAN_POINT('',(-13.2011799480924,-1.57229306947337,6.53478077175951));
#961=CARTESIAN_POINT('',(-12.6880868701756,3.9693461795499,6.32873669428779));
#962=CARTESIAN_POINT('',(-11.5311052998968,6.62183580900541,6.2279305984702));
#963=CARTESIAN_POINT('',(-7.78970010064593,10.7766261538912,6.02401078261063));
#964=CARTESIAN_POINT('',(-5.28798411783098,12.200772342918,5.92238895692015));
#965=CARTESIAN_POINT('',(0.197180929068074,13.2959671132023,5.71700539524185));
#966=CARTESIAN_POINT('',(3.06641580317291,12.9362067114312,5.61706489728787));
#967=CARTESIAN_POINT('',(8.09455751922957,10.5463969452467,5.41119291442885));
#968=CARTESIAN_POINT('',(10.1946891443314,8.53993315849212,5.3095258995464));
#969=CARTESIAN_POINT('',(11.5015835910427,6.05917278993235,5.20733639312549));
#970=CARTESIAN_POINT('',(0.,0.,15.));
#971=CARTESIAN_POINT('',(8.62035299811289,-8.13384399825361,15.));
#972=CARTESIAN_POINT('',(6.77937281071923,-10.3808986266733,15.));
#973=CARTESIAN_POINT('',(4.12942216571253,-11.8831276673059,15.));
#974=CARTESIAN_POINT('',(-1.55497952371177,-12.8620326609496,15.));
#975=CARTESIAN_POINT('',(-4.55668573158574,-12.3196980870233,15.));
#976=CARTESIAN_POINT('',(-7.0664762158795,-10.911687032278,15.));
#977=CARTESIAN_POINT('',(8.62035299811289,-8.13384399825361,15.));
#978=CARTESIAN_POINT('',(0.,0.,15.));
#979=CARTESIAN_POINT('',(8.620352998113,8.13384399825348,15.));
#980=CARTESIAN_POINT('',(-7.06647621589302,10.9116870322704,15.));
#981=CARTESIAN_POINT('',(-4.54607102770945,12.3256530145378,15.));
#982=CARTESIAN_POINT('',(-1.56836378643035,12.863829355884,15.));
#983=CARTESIAN_POINT('',(4.13856673546999,11.8820607081499,15.));
#984=CARTESIAN_POINT('',(6.77469136952358,10.3866126773613,15.));
#985=CARTESIAN_POINT('',(8.620352998113,8.13384399825348,15.));
#986=CARTESIAN_POINT('',(0.,0.,15.));
#987=CARTESIAN_POINT('',(10.4859052862337,5.52410122355986,5.87015846266108));
#988=CARTESIAN_POINT('',(9.37511637172596,7.63261207069108,5.96549228071957));
#989=CARTESIAN_POINT('',(7.64450827137174,9.36289777900172,6.05980012003717));
#990=CARTESIAN_POINT('',(3.44994199160422,11.584483665044,6.25235446359042));
#991=CARTESIAN_POINT('',(1.05082098071038,12.0399945785758,6.34646099773952));
#992=CARTESIAN_POINT('',(-3.65169814759171,11.5208851580298,6.53574699588357));
#993=CARTESIAN_POINT('',(-5.91680673876999,10.5351406301275,6.63113147986092));
#994=CARTESIAN_POINT('',(-9.49031924832471,7.47874525875803,6.8219613346754));
#995=CARTESIAN_POINT('',(-10.8204309579821,5.37733429565876,6.91765586547457));
#996=CARTESIAN_POINT('',(-12.0537205701061,0.839803942314124,7.10600405237367));
#997=CARTESIAN_POINT('',(-11.9752819383333,-1.62982065786646,7.20146133891292));
#998=CARTESIAN_POINT('',(-10.4324845476861,-6.10138992703059,7.39330187467171));
#999=CARTESIAN_POINT('',(-8.9943998511729,-8.07499436451008,7.48704358617532));
#1000=CARTESIAN_POINT('',(-5.19076013656721,-10.9160785941781,7.67735613944861));
#1001=CARTESIAN_POINT('',(-2.87480448020892,-11.7366384925134,7.77234516988239));
#1002=CARTESIAN_POINT('',(1.82944852321913,-11.9442999796668,7.96317370663396));
#1003=CARTESIAN_POINT('',(4.23386737818054,-11.3165602897015,8.0584979228495));
#1004=CARTESIAN_POINT('',(8.2307839248333,-8.84558453405859,8.24719505870302));
#1005=CARTESIAN_POINT('',(9.8647846611094,-6.97992798393107,8.34320933318608));
#1006=CARTESIAN_POINT('',(11.7854920430508,-2.6712447237402,8.53403934114991));
#1007=CARTESIAN_POINT('',(12.086565879229,-0.24788039838248,8.62759935796303));
#1008=CARTESIAN_POINT('',(11.2434243434047,4.44206353837711,8.81916846932133));
#1009=CARTESIAN_POINT('',(10.1178393920494,6.60801205521024,8.9137167747557));
#1010=CARTESIAN_POINT('',(6.81588598163604,9.97898770269053,9.10418691653202));
#1011=CARTESIAN_POINT('',(4.63508710630074,11.1582491388576,9.1992575710152));
#1012=CARTESIAN_POINT('',(0.0276863838975833,12.0826234647927,9.3885525945237));
#1013=CARTESIAN_POINT('',(-2.44518704037354,11.8335202345906,9.48504966231647));
#1014=CARTESIAN_POINT('',(-6.7818267572226,10.0008982916484,9.67449733938006));
#1015=CARTESIAN_POINT('',(-8.66823768194864,8.42385694576523,9.76891351110479));
#1016=CARTESIAN_POINT('',(-11.2430673311608,4.43769617487008,9.96031145117405));
#1017=CARTESIAN_POINT('',(-11.9043097324091,2.08694054697616,10.0551196794023));
#1018=CARTESIAN_POINT('',(-11.7931490167145,-2.6437752024916,10.2450646363717));
#1019=CARTESIAN_POINT('',(-11.0068215936623,-4.98482716974029,10.3400029269972));
#1020=CARTESIAN_POINT('',(-8.2702178298091,-8.80920657916472,10.5300368340542));
#1021=CARTESIAN_POINT('',(-6.29149753818267,-10.3157066380908,10.6266170676034));
#1022=CARTESIAN_POINT('',(-1.8776988156826,-11.9361213077655,10.815019879968));
#1023=CARTESIAN_POINT('',(0.590203433839857,-12.0711717589843,10.9101843785846));
#1024=CARTESIAN_POINT('',(5.17739454153973,-10.9204447477861,11.1015045849187));
#1025=CARTESIAN_POINT('',(7.26788704091056,-9.65843872685168,11.196182884729));
#1026=CARTESIAN_POINT('',(10.4275603807012,-6.11339555293249,11.3862205944827));
#1027=CARTESIAN_POINT('',(11.4445268974063,-3.87778975918774,11.4807931431592));
#1028=CARTESIAN_POINT('',(12.0576941068276,0.791493618479948,11.6715984702408));
#1029=CARTESIAN_POINT('',(11.6398902225975,3.24083180054658,11.7678176613686));
#1030=CARTESIAN_POINT('',(9.52332583259973,7.43614821259588,11.955792123617));
#1031=CARTESIAN_POINT('',(7.80533381668944,9.22542201683792,12.0514697398978));
#1032=CARTESIAN_POINT('',(3.67922963537855,11.510643625309,12.2426911228638));
#1033=CARTESIAN_POINT('',(1.2897371062148,12.0199791848414,12.3370755998046));
#1034=CARTESIAN_POINT('',(-3.45414956553711,11.5849977205896,12.5275853565396));
#1035=CARTESIAN_POINT('',(-5.7094188934475,10.6508550728551,12.6216784484032));
#1036=CARTESIAN_POINT('',(-9.35346611927677,7.65185268019191,12.813178557228));
#1037=CARTESIAN_POINT('',(-10.716279756697,5.58142577738889,12.9087468862447));
#1038=CARTESIAN_POINT('',(-12.0351216376545,1.07089341166873,13.0968101212226));
#1039=CARTESIAN_POINT('',(-12.0003769458224,-1.41448762581372,13.1928160689032));
#1040=CARTESIAN_POINT('',(-10.5492447417546,-5.89264435240824,13.3838065397486));
#1041=CARTESIAN_POINT('',(-9.14036959524567,-7.90890401196175,13.4784745524465));
#1042=CARTESIAN_POINT('',(-5.3922625602315,-10.8176071055313,13.6684291954684));
#1043=CARTESIAN_POINT('',(-3.1074338277887,-11.6796351604809,13.7627001813595));
#1044=CARTESIAN_POINT('',(1.61610372467669,-11.9774050289332,13.9547083555709));
#1045=CARTESIAN_POINT('',(4.01556186848522,-11.3962632526972,14.0494925616971));
#1046=CARTESIAN_POINT('',(8.06231045848427,-8.9999279616797,14.2380605407199));
#1047=CARTESIAN_POINT('',(9.73395893090333,-7.15862554787894,14.3342589371583));
#1048=CARTESIAN_POINT('',(11.7293105515569,-2.90157718980428,14.5247786608847));
#1049=CARTESIAN_POINT('',(12.0769829674944,-0.453843142090726,14.6196660170795));
#1050=CARTESIAN_POINT('',(11.3267643780413,4.21472418066819,14.8094461203579));
#1051=CARTESIAN_POINT('',(10.2502413117577,6.40646729738081,14.9038908060772));
#1052=CARTESIAN_POINT('',(8.620352998113,8.13384399825348,15.));
#1053=CARTESIAN_POINT('',(10.4859052862337,5.52410122355988,5.87015846266108));
#1054=CARTESIAN_POINT('',(10.1072844076361,5.32463918364689,6.11724287229477));
#1055=CARTESIAN_POINT('',(12.0319909477256,6.33859777500103,4.86119756138233));
#1056=CARTESIAN_POINT('',(-11.424465704891,0.,16.3857327477906));
#1057=CARTESIAN_POINT('',(-11.424465704891,1.49545906373642,16.3232327477906));
#1058=CARTESIAN_POINT('',(-10.8295440086481,4.48574400269834,16.1982327477906));
#1059=CARTESIAN_POINT('',(-8.28865375420576,8.28865375420576,16.0107327477906));
#1060=CARTESIAN_POINT('',(-4.48574400269834,10.8295440086481,15.8232327477906));
#1061=CARTESIAN_POINT('',(-8.88178419700125E-16,11.7219265530125,15.6357327477906));
#1062=CARTESIAN_POINT('',(4.48574400269834,10.8295440086481,15.4482327477906));
#1063=CARTESIAN_POINT('',(8.28865375420576,8.28865375420576,15.2607327477906));
#1064=CARTESIAN_POINT('',(10.8295440086481,4.48574400269835,15.0732327477906));
#1065=CARTESIAN_POINT('',(11.7219265530125,1.33226762955019E-15,14.8857327477906));
#1066=CARTESIAN_POINT('',(10.8295440086481,-4.48574400269834,14.6982327477906));
#1067=CARTESIAN_POINT('',(8.28865375420575,-8.28865375420576,14.5107327477906));
#1068=CARTESIAN_POINT('',(4.48574400269836,-10.8295440086481,14.3232327477906));
#1069=CARTESIAN_POINT('',(4.44089209850063E-16,-11.7219265530125,14.1357327477906));
#1070=CARTESIAN_POINT('',(-4.48574400269835,-10.8295440086481,13.9482327477906));
#1071=CARTESIAN_POINT('',(-8.28865375420575,-8.28865375420576,13.7607327477906));
#1072=CARTESIAN_POINT('',(-10.8295440086481,-4.48574400269836,13.5732327477906));
#1073=CARTESIAN_POINT('',(-11.7219265530125,-2.22044604925031E-15,13.3857327477906));
#1074=CARTESIAN_POINT('',(-10.8295440086481,4.48574400269835,13.1982327477906));
#1075=CARTESIAN_POINT('',(-8.28865375420576,8.28865375420575,13.0107327477906));
#1076=CARTESIAN_POINT('',(-4.48574400269836,10.8295440086481,12.8232327477906));
#1077=CARTESIAN_POINT('',(-2.66453525910038E-15,11.7219265530125,12.6357327477906));
#1078=CARTESIAN_POINT('',(4.48574400269835,10.8295440086481,12.4482327477906));
#1079=CARTESIAN_POINT('',(8.28865375420574,8.28865375420577,12.2607327477906));
#1080=CARTESIAN_POINT('',(10.8295440086481,4.48574400269835,12.0732327477906));
#1081=CARTESIAN_POINT('',(11.7219265530125,4.44089209850063E-15,11.8857327477906));
#1082=CARTESIAN_POINT('',(10.8295440086481,-4.48574400269835,11.6982327477906));
#1083=CARTESIAN_POINT('',(8.28865375420575,-8.28865375420577,11.5107327477906));
#1084=CARTESIAN_POINT('',(4.48574400269836,-10.8295440086481,11.3232327477906));
#1085=CARTESIAN_POINT('',(5.77315972805081E-15,-11.7219265530125,11.1357327477906));
#1086=CARTESIAN_POINT('',(-4.48574400269835,-10.8295440086481,10.9482327477906));
#1087=CARTESIAN_POINT('',(-8.28865375420574,-8.28865375420577,10.7607327477906));
#1088=CARTESIAN_POINT('',(-10.8295440086481,-4.48574400269835,10.5732327477906));
#1089=CARTESIAN_POINT('',(-11.7219265530125,-6.66133814775094E-15,10.3857327477906));
#1090=CARTESIAN_POINT('',(-10.8295440086481,4.48574400269834,10.1982327477906));
#1091=CARTESIAN_POINT('',(-8.28865375420575,8.28865375420577,10.0107327477906));
#1092=CARTESIAN_POINT('',(-4.48574400269836,10.8295440086481,9.82323274779062));
#1093=CARTESIAN_POINT('',(-6.21724893790088E-15,11.7219265530125,9.63573274779062));
#1094=CARTESIAN_POINT('',(4.48574400269835,10.8295440086481,9.44823274779062));
#1095=CARTESIAN_POINT('',(8.28865375420574,8.28865375420577,9.26073274779062));
#1096=CARTESIAN_POINT('',(10.8295440086481,4.48574400269836,9.07323274779062));
#1097=CARTESIAN_POINT('',(11.7219265530124,-2.22044604925031E-15,8.88573274779062));
#1098=CARTESIAN_POINT('',(10.8295440086481,-4.48574400269831,8.69823274779062));
#1099=CARTESIAN_POINT('',(8.28865375420575,-8.28865375420577,8.51073274779062));
#1100=CARTESIAN_POINT('',(4.48574400269835,-10.8295440086481,8.32323274779062));
#1101=CARTESIAN_POINT('',(4.39648317751562E-14,-11.7219265530125,8.13573274779062));
#1102=CARTESIAN_POINT('',(-4.48574400269836,-10.8295440086481,7.94823274779062));
#1103=CARTESIAN_POINT('',(-8.28865375420573,-8.28865375420578,7.76073274779062));
#1104=CARTESIAN_POINT('',(-10.8295440086481,-4.48574400269832,7.57323274779062));
#1105=CARTESIAN_POINT('',(-11.7219265530124,-1.06581410364015E-14,7.38573274779062));
#1106=CARTESIAN_POINT('',(-10.8295440086481,4.4857440026983,7.19823274779062));
#1107=CARTESIAN_POINT('',(-8.28865375420574,8.28865375420578,7.01073274779062));
#1108=CARTESIAN_POINT('',(-4.48574400269837,10.8295440086481,6.82323274779062));
#1109=CARTESIAN_POINT('',(2.53130849614536E-14,11.7219265530125,6.63573274779062));
#1110=CARTESIAN_POINT('',(4.48574400269834,10.8295440086481,6.44823274779062));
#1111=CARTESIAN_POINT('',(7.99111325350907,8.48745357011579,6.275402789292));
#1112=CARTESIAN_POINT('',(9.57339271913107,6.33687334837794,6.16507283079338));
#1113=CARTESIAN_POINT('',(10.1072844076361,5.32463918364689,6.11724287229477));
#1114=CARTESIAN_POINT('',(-13.6,0.,15.1296874368782));
#1115=CARTESIAN_POINT('',(-13.6,1.78023583703422,15.0671874368782));
#1116=CARTESIAN_POINT('',(-12.8917887559994,5.33995374598391,14.9421874368782));
#1117=CARTESIAN_POINT('',(-9.86704271070975,9.86704271070975,14.7546874368782));
#1118=CARTESIAN_POINT('',(-5.33995374598391,12.8917887559994,14.5671874368782));
#1119=CARTESIAN_POINT('',(-8.88178419700125E-16,13.9541056220003,14.3796874368782));
#1120=CARTESIAN_POINT('',(5.33995374598391,12.8917887559994,14.1921874368782));
#1121=CARTESIAN_POINT('',(9.86704271070975,9.86704271070975,14.0046874368782));
#1122=CARTESIAN_POINT('',(12.8917887559994,5.33995374598391,13.8171874368782));
#1123=CARTESIAN_POINT('',(13.9541056220003,1.33226762955019E-15,13.6296874368782));
#1124=CARTESIAN_POINT('',(12.8917887559994,-5.33995374598391,13.4421874368782));
#1125=CARTESIAN_POINT('',(9.86704271070975,-9.86704271070975,13.2546874368782));
#1126=CARTESIAN_POINT('',(5.33995374598393,-12.8917887559994,13.0671874368782));
#1127=CARTESIAN_POINT('',(2.22044604925031E-15,-13.9541056220003,12.8796874368782));
#1128=CARTESIAN_POINT('',(-5.33995374598392,-12.8917887559994,12.6921874368782));
#1129=CARTESIAN_POINT('',(-9.86704271070974,-9.86704271070975,12.5046874368782));
#1130=CARTESIAN_POINT('',(-12.8917887559994,-5.33995374598393,12.3171874368782));
#1131=CARTESIAN_POINT('',(-13.9541056220003,-2.22044604925031E-15,12.1296874368782));
#1132=CARTESIAN_POINT('',(-12.8917887559994,5.33995374598392,11.9421874368782));
#1133=CARTESIAN_POINT('',(-9.86704271070975,9.86704271070974,11.7546874368782));
#1134=CARTESIAN_POINT('',(-5.33995374598393,12.8917887559994,11.5671874368782));
#1135=CARTESIAN_POINT('',(-3.99680288865056E-15,13.9541056220003,11.3796874368782));
#1136=CARTESIAN_POINT('',(5.33995374598392,12.8917887559994,11.1921874368782));
#1137=CARTESIAN_POINT('',(9.86704271070973,9.86704271070976,11.0046874368782));
#1138=CARTESIAN_POINT('',(12.8917887559994,5.33995374598392,10.8171874368782));
#1139=CARTESIAN_POINT('',(13.9541056220003,4.44089209850063E-15,10.6296874368782));
#1140=CARTESIAN_POINT('',(12.8917887559994,-5.33995374598391,10.4421874368782));
#1141=CARTESIAN_POINT('',(9.86704271070974,-9.86704271070976,10.2546874368782));
#1142=CARTESIAN_POINT('',(5.33995374598393,-12.8917887559994,10.0671874368782));
#1143=CARTESIAN_POINT('',(6.21724893790088E-15,-13.9541056220003,9.87968743687818));
#1144=CARTESIAN_POINT('',(-5.33995374598392,-12.8917887559994,9.69218743687818));
#1145=CARTESIAN_POINT('',(-9.86704271070973,-9.86704271070976,9.50468743687818));
#1146=CARTESIAN_POINT('',(-12.8917887559994,-5.33995374598392,9.31718743687818));
#1147=CARTESIAN_POINT('',(-13.9541056220003,-6.66133814775094E-15,9.12968743687818));
#1148=CARTESIAN_POINT('',(-12.8917887559994,5.33995374598391,8.94218743687818));
#1149=CARTESIAN_POINT('',(-9.86704271070974,9.86704271070976,8.75468743687818));
#1150=CARTESIAN_POINT('',(-5.33995374598394,12.8917887559994,8.56718743687818));
#1151=CARTESIAN_POINT('',(-7.54951656745106E-15,13.9541056220003,8.37968743687818));
#1152=CARTESIAN_POINT('',(5.33995374598392,12.8917887559994,8.19218743687818));
#1153=CARTESIAN_POINT('',(9.86704271070972,9.86704271070976,8.00468743687818));
#1154=CARTESIAN_POINT('',(12.8917887559994,5.33995374598393,7.81718743687818));
#1155=CARTESIAN_POINT('',(13.9541056220003,-2.22044604925031E-15,7.62968743687818));
#1156=CARTESIAN_POINT('',(12.8917887559994,-5.33995374598387,7.44218743687818));
#1157=CARTESIAN_POINT('',(9.86704271070974,-9.86704271070976,7.25468743687818));
#1158=CARTESIAN_POINT('',(5.33995374598392,-12.8917887559994,7.06718743687818));
#1159=CARTESIAN_POINT('',(5.19584375524573E-14,-13.9541056220003,6.87968743687818));
#1160=CARTESIAN_POINT('',(-5.33995374598393,-12.8917887559994,6.69218743687818));
#1161=CARTESIAN_POINT('',(-9.86704271070972,-9.86704271070978,6.50468743687818));
#1162=CARTESIAN_POINT('',(-12.8917887559994,-5.33995374598388,6.31718743687818));
#1163=CARTESIAN_POINT('',(-13.9541056220003,-1.06581410364015E-14,6.12968743687818));
#1164=CARTESIAN_POINT('',(-12.8917887559994,5.33995374598387,5.94218743687818));
#1165=CARTESIAN_POINT('',(-9.86704271070973,9.86704271070976,5.75468743687818));
#1166=CARTESIAN_POINT('',(-5.33995374598395,12.8917887559994,5.56718743687818));
#1167=CARTESIAN_POINT('',(3.15303338993545E-14,13.9541056220003,5.37968743687818));
#1168=CARTESIAN_POINT('',(5.33995374598391,12.8917887559994,5.19218743687818));
#1169=CARTESIAN_POINT('',(9.5128422680805,10.1036995107927,5.01935747837956));
#1170=CARTESIAN_POINT('',(11.3964315131554,7.54358932523594,4.90902751988095));
#1171=CARTESIAN_POINT('',(12.0319909477256,6.33859777500103,4.86119756138233));
#1172=CARTESIAN_POINT('',(12.0319909477256,6.33859777500103,7.60182268762597));
#1173=CARTESIAN_POINT('',(10.1072844076361,5.32463918364689,6.34577737671353));
#1174=CARTESIAN_POINT('',(10.4859052862337,5.52410122355988,6.59286178634722));
#1175=CARTESIAN_POINT('',(8.6203529981129,-8.13384399825359,15.));
#1176=CARTESIAN_POINT('',(7.12516492006697,-9.71846364845752,14.9118336393108));
#1177=CARTESIAN_POINT('',(5.1798240143959,-10.8775287192528,14.8241178792538));
#1178=CARTESIAN_POINT('',(1.00232108479582,-12.0061051261954,14.6507699084842));
#1179=CARTESIAN_POINT('',(-1.25721190829852,-11.9854932638891,14.5630581729488));
#1180=CARTESIAN_POINT('',(-5.44390206243954,-10.7515841109887,14.3860533156972));
#1181=CARTESIAN_POINT('',(-7.34156678749317,-9.55420490407968,14.2987771590392));
#1182=CARTESIAN_POINT('',(-10.2510527204068,-6.33224702359309,14.1249826451742));
#1183=CARTESIAN_POINT('',(-11.2568306734206,-4.29461622809371,14.0366377983525));
#1184=CARTESIAN_POINT('',(-12.0481805300203,-0.0362114996618158,13.8619237250729));
#1185=CARTESIAN_POINT('',(-11.8516969133379,2.19616871632561,13.775026717475));
#1186=CARTESIAN_POINT('',(-10.2796388544325,6.2940370016891,13.5974838159254));
#1187=CARTESIAN_POINT('',(-8.93247558868738,8.08520815473545,13.5106511742212));
#1188=CARTESIAN_POINT('',(-5.49609830097544,10.7215957074454,13.3371818375329));
#1189=CARTESIAN_POINT('',(-3.38565633648943,11.5637035430937,13.2489449909451));
#1190=CARTESIAN_POINT('',(0.932461424319663,12.0130106198872,13.0728160576614));
#1191=CARTESIAN_POINT('',(3.14408442092655,11.6338491657159,12.9856204056004));
#1192=CARTESIAN_POINT('',(7.08143159709272,9.751155818273,12.8108981664586));
#1193=CARTESIAN_POINT('',(8.77527322757643,8.25503689871437,12.7230180875299));
#1194=CARTESIAN_POINT('',(11.1259981806351,4.62203622900774,12.5485023129912));
#1195=CARTESIAN_POINT('',(11.7969509850875,2.4595672970097,12.460581202725));
#1196=CARTESIAN_POINT('',(11.9003726518405,-1.89701201377412,12.2843409877487));
#1197=CARTESIAN_POINT('',(11.3411897708676,-4.07052578842186,12.1974353694282));
#1198=CARTESIAN_POINT('',(9.15945841728734,-7.82918176535858,12.0232897313199));
#1199=CARTESIAN_POINT('',(7.5270445780462,-9.40739258844061,11.9351300323763));
#1200=CARTESIAN_POINT('',(3.71576005075273,-11.460740056304,11.7595379891432));
#1201=CARTESIAN_POINT('',(1.52302123275774,-11.9560785097641,11.6721084806987));
#1202=CARTESIAN_POINT('',(-2.85074204785606,-11.7107077832068,11.4967899382274));
#1203=CARTESIAN_POINT('',(-4.96913996502371,-10.9760231157556,11.4096720675975));
#1204=CARTESIAN_POINT('',(-8.531376833755,-8.50770502251136,11.234785041403));
#1205=CARTESIAN_POINT('',(-9.97776134525185,-6.7540596898016,11.1465304722085));
#1206=CARTESIAN_POINT('',(-11.7228993387172,-2.7832849028635,10.9711869006593));
#1207=CARTESIAN_POINT('',(-12.0387724603064,-0.562429418494083,10.8842504583042));
#1208=CARTESIAN_POINT('',(-11.4472977594704,3.76931601326328,10.7090959548269));
#1209=CARTESIAN_POINT('',(-10.5412859364544,5.83383934476758,10.6215930311255));
#1210=CARTESIAN_POINT('',(-7.79964846381926,9.18247649250955,10.4459946160403));
#1211=CARTESIAN_POINT('',(-5.94196149185333,10.4831882350277,10.357839216653));
#1212=CARTESIAN_POINT('',(-1.83091472641164,11.9101592435324,10.1836717829399));
#1213=CARTESIAN_POINT('',(0.409571074899058,12.0430816321776,10.0964176593937));
#1214=CARTESIAN_POINT('',(4.66027324620942,11.1123992429786,9.92085208175111));
#1215=CARTESIAN_POINT('',(6.65887901519332,10.0405108607412,9.83275450047314));
#1216=CARTESIAN_POINT('',(9.77736121758485,7.03958348941984,9.65782923172919));
#1217=CARTESIAN_POINT('',(10.9211105795449,5.09689400480214,9.57051336257217));
#1218=CARTESIAN_POINT('',(12.0208299912466,0.865234712885383,9.39525358350171));
#1219=CARTESIAN_POINT('',(11.9697781508977,-1.37735679892409,9.3082315445782));
#1220=CARTESIAN_POINT('',(10.7065587157444,-5.52650895227419,9.13229533432521));
#1221=CARTESIAN_POINT('',(9.47776061461362,-7.43894176510272,9.04385076481786));
#1222=CARTESIAN_POINT('',(6.23232403641996,-10.3113499580595,8.87044098124822));
#1223=CARTESIAN_POINT('',(4.21561775574228,-11.2913750823481,8.78332805952403));
#1224=CARTESIAN_POINT('',(-0.098055330734999,-12.0522599318516,8.60648712961902));
#1225=CARTESIAN_POINT('',(-2.33424286813373,-11.8197577702013,8.51925149564407));
#1226=CARTESIAN_POINT('',(-6.36159519864409,-10.2315917648358,8.34433895259534));
#1227=CARTESIAN_POINT('',(-8.1691644357226,-8.85759065689571,8.25628529054513));
#1228=CARTESIAN_POINT('',(-10.7802270131044,-5.38320214825116,8.08210129224648));
#1229=CARTESIAN_POINT('',(-11.5924942591649,-3.29105413274796,7.9950297272757));
#1230=CARTESIAN_POINT('',(-12.0050370857637,1.04692168899351,7.81820677675276));
#1231=CARTESIAN_POINT('',(-11.5945668690978,3.27371620954314,7.7302247787261));
#1232=CARTESIAN_POINT('',(-9.68997893743828,7.15929513950979,7.55706675287589));
#1233=CARTESIAN_POINT('',(-8.18510285958905,8.84512526732421,7.46920197243513));
#1234=CARTESIAN_POINT('',(-4.49789214739445,11.180389798532,7.29302046567788));
#1235=CARTESIAN_POINT('',(-2.34663983846209,11.8184141317742,7.20589379029674));
#1236=CARTESIAN_POINT('',(1.99418285136759,11.882965365467,7.03053493912773));
#1237=CARTESIAN_POINT('',(4.18946978038999,11.2963808725672,6.94247506973319));
#1238=CARTESIAN_POINT('',(7.91359619749408,9.08487055944715,6.7687973856685));
#1239=CARTESIAN_POINT('',(9.46298222626087,7.46582420941555,6.681897714975));
#1240=CARTESIAN_POINT('',(10.4859052862337,5.52410122355988,6.59286178634722));
#1241=CARTESIAN_POINT('',(-13.6,0.,17.8703125631218));
#1242=CARTESIAN_POINT('',(-13.6,1.78023583703422,17.8078125631218));
#1243=CARTESIAN_POINT('',(-12.8917887559994,5.33995374598391,17.6828125631218));
#1244=CARTESIAN_POINT('',(-9.86704271070975,9.86704271070975,17.4953125631218));
#1245=CARTESIAN_POINT('',(-5.33995374598391,12.8917887559994,17.3078125631218));
#1246=CARTESIAN_POINT('',(-8.88178419700125E-16,13.9541056220003,17.1203125631218));
#1247=CARTESIAN_POINT('',(5.33995374598391,12.8917887559994,16.9328125631218));
#1248=CARTESIAN_POINT('',(9.86704271070975,9.86704271070975,16.7453125631218));
#1249=CARTESIAN_POINT('',(12.8917887559994,5.33995374598391,16.5578125631218));
#1250=CARTESIAN_POINT('',(13.9541056220003,1.33226762955019E-15,16.3703125631218));
#1251=CARTESIAN_POINT('',(12.8917887559994,-5.33995374598391,16.1828125631218));
#1252=CARTESIAN_POINT('',(9.86704271070975,-9.86704271070975,15.9953125631218));
#1253=CARTESIAN_POINT('',(5.33995374598393,-12.8917887559994,15.8078125631218));
#1254=CARTESIAN_POINT('',(2.22044604925031E-15,-13.9541056220003,15.6203125631218));
#1255=CARTESIAN_POINT('',(-5.33995374598392,-12.8917887559994,15.4328125631218));
#1256=CARTESIAN_POINT('',(-9.86704271070974,-9.86704271070975,15.2453125631218));
#1257=CARTESIAN_POINT('',(-12.8917887559994,-5.33995374598393,15.0578125631218));
#1258=CARTESIAN_POINT('',(-13.9541056220003,-2.22044604925031E-15,14.8703125631218));
#1259=CARTESIAN_POINT('',(-12.8917887559994,5.33995374598392,14.6828125631218));
#1260=CARTESIAN_POINT('',(-9.86704271070975,9.86704271070974,14.4953125631218));
#1261=CARTESIAN_POINT('',(-5.33995374598393,12.8917887559994,14.3078125631218));
#1262=CARTESIAN_POINT('',(-3.99680288865056E-15,13.9541056220003,14.1203125631218));
#1263=CARTESIAN_POINT('',(5.33995374598392,12.8917887559994,13.9328125631218));
#1264=CARTESIAN_POINT('',(9.86704271070973,9.86704271070976,13.7453125631218));
#1265=CARTESIAN_POINT('',(12.8917887559994,5.33995374598392,13.5578125631218));
#1266=CARTESIAN_POINT('',(13.9541056220003,4.44089209850063E-15,13.3703125631218));
#1267=CARTESIAN_POINT('',(12.8917887559994,-5.33995374598391,13.1828125631218));
#1268=CARTESIAN_POINT('',(9.86704271070974,-9.86704271070976,12.9953125631218));
#1269=CARTESIAN_POINT('',(5.33995374598393,-12.8917887559994,12.8078125631218));
#1270=CARTESIAN_POINT('',(6.21724893790088E-15,-13.9541056220003,12.6203125631218));
#1271=CARTESIAN_POINT('',(-5.33995374598392,-12.8917887559994,12.4328125631218));
#1272=CARTESIAN_POINT('',(-9.86704271070973,-9.86704271070976,12.2453125631218));
#1273=CARTESIAN_POINT('',(-12.8917887559994,-5.33995374598392,12.0578125631218));
#1274=CARTESIAN_POINT('',(-13.9541056220003,-6.66133814775094E-15,11.8703125631218));
#1275=CARTESIAN_POINT('',(-12.8917887559994,5.33995374598391,11.6828125631218));
#1276=CARTESIAN_POINT('',(-9.86704271070974,9.86704271070976,11.4953125631218));
#1277=CARTESIAN_POINT('',(-5.33995374598394,12.8917887559994,11.3078125631218));
#1278=CARTESIAN_POINT('',(-7.54951656745106E-15,13.9541056220003,11.1203125631218));
#1279=CARTESIAN_POINT('',(5.33995374598392,12.8917887559994,10.9328125631218));
#1280=CARTESIAN_POINT('',(9.86704271070972,9.86704271070976,10.7453125631218));
#1281=CARTESIAN_POINT('',(12.8917887559994,5.33995374598393,10.5578125631218));
#1282=CARTESIAN_POINT('',(13.9541056220003,-2.22044604925031E-15,10.3703125631218));
#1283=CARTESIAN_POINT('',(12.8917887559994,-5.33995374598387,10.1828125631218));
#1284=CARTESIAN_POINT('',(9.86704271070974,-9.86704271070976,9.99531256312182));
#1285=CARTESIAN_POINT('',(5.33995374598392,-12.8917887559994,9.80781256312182));
#1286=CARTESIAN_POINT('',(5.19584375524573E-14,-13.9541056220003,9.62031256312182));
#1287=CARTESIAN_POINT('',(-5.33995374598393,-12.8917887559994,9.43281256312182));
#1288=CARTESIAN_POINT('',(-9.86704271070972,-9.86704271070978,9.24531256312182));
#1289=CARTESIAN_POINT('',(-12.8917887559994,-5.33995374598388,9.05781256312182));
#1290=CARTESIAN_POINT('',(-13.9541056220003,-1.06581410364015E-14,8.87031256312182));
#1291=CARTESIAN_POINT('',(-12.8917887559994,5.33995374598387,8.68281256312182));
#1292=CARTESIAN_POINT('',(-9.86704271070973,9.86704271070976,8.49531256312182));
#1293=CARTESIAN_POINT('',(-5.33995374598395,12.8917887559994,8.30781256312182));
#1294=CARTESIAN_POINT('',(3.15303338993545E-14,13.9541056220003,8.12031256312182));
#1295=CARTESIAN_POINT('',(5.33995374598391,12.8917887559994,7.93281256312182));
#1296=CARTESIAN_POINT('',(9.5128422680805,10.1036995107927,7.7599826046232));
#1297=CARTESIAN_POINT('',(11.3964315131554,7.54358932523594,7.64965264612459));
#1298=CARTESIAN_POINT('',(12.0319909477256,6.33859777500103,7.60182268762597));
#1299=CARTESIAN_POINT('',(-11.424465704891,0.,16.6142672522094));
#1300=CARTESIAN_POINT('',(-11.424465704891,1.49545906373642,16.5517672522094));
#1301=CARTESIAN_POINT('',(-10.8295440086481,4.48574400269834,16.4267672522094));
#1302=CARTESIAN_POINT('',(-8.28865375420576,8.28865375420576,16.2392672522094));
#1303=CARTESIAN_POINT('',(-4.48574400269834,10.8295440086481,16.0517672522094));
#1304=CARTESIAN_POINT('',(-8.88178419700125E-16,11.7219265530125,15.8642672522094));
#1305=CARTESIAN_POINT('',(4.48574400269834,10.8295440086481,15.6767672522094));
#1306=CARTESIAN_POINT('',(8.28865375420576,8.28865375420576,15.4892672522094));
#1307=CARTESIAN_POINT('',(10.8295440086481,4.48574400269835,15.3017672522094));
#1308=CARTESIAN_POINT('',(11.7219265530125,1.33226762955019E-15,15.1142672522094));
#1309=CARTESIAN_POINT('',(10.8295440086481,-4.48574400269834,14.9267672522094));
#1310=CARTESIAN_POINT('',(8.28865375420575,-8.28865375420576,14.7392672522094));
#1311=CARTESIAN_POINT('',(4.48574400269836,-10.8295440086481,14.5517672522094));
#1312=CARTESIAN_POINT('',(4.44089209850063E-16,-11.7219265530125,14.3642672522094));
#1313=CARTESIAN_POINT('',(-4.48574400269835,-10.8295440086481,14.1767672522094));
#1314=CARTESIAN_POINT('',(-8.28865375420575,-8.28865375420576,13.9892672522094));
#1315=CARTESIAN_POINT('',(-10.8295440086481,-4.48574400269836,13.8017672522094));
#1316=CARTESIAN_POINT('',(-11.7219265530125,-2.22044604925031E-15,13.6142672522094));
#1317=CARTESIAN_POINT('',(-10.8295440086481,4.48574400269835,13.4267672522094));
#1318=CARTESIAN_POINT('',(-8.28865375420576,8.28865375420575,13.2392672522094));
#1319=CARTESIAN_POINT('',(-4.48574400269836,10.8295440086481,13.0517672522094));
#1320=CARTESIAN_POINT('',(-2.66453525910038E-15,11.7219265530125,12.8642672522094));
#1321=CARTESIAN_POINT('',(4.48574400269835,10.8295440086481,12.6767672522094));
#1322=CARTESIAN_POINT('',(8.28865375420574,8.28865375420577,12.4892672522094));
#1323=CARTESIAN_POINT('',(10.8295440086481,4.48574400269835,12.3017672522094));
#1324=CARTESIAN_POINT('',(11.7219265530125,4.44089209850063E-15,12.1142672522094));
#1325=CARTESIAN_POINT('',(10.8295440086481,-4.48574400269835,11.9267672522094));
#1326=CARTESIAN_POINT('',(8.28865375420575,-8.28865375420577,11.7392672522094));
#1327=CARTESIAN_POINT('',(4.48574400269836,-10.8295440086481,11.5517672522094));
#1328=CARTESIAN_POINT('',(5.77315972805081E-15,-11.7219265530125,11.3642672522094));
#1329=CARTESIAN_POINT('',(-4.48574400269835,-10.8295440086481,11.1767672522094));
#1330=CARTESIAN_POINT('',(-8.28865375420574,-8.28865375420577,10.9892672522094));
#1331=CARTESIAN_POINT('',(-10.8295440086481,-4.48574400269835,10.8017672522094));
#1332=CARTESIAN_POINT('',(-11.7219265530125,-6.66133814775094E-15,10.6142672522094));
#1333=CARTESIAN_POINT('',(-10.8295440086481,4.48574400269834,10.4267672522094));
#1334=CARTESIAN_POINT('',(-8.28865375420575,8.28865375420577,10.2392672522094));
#1335=CARTESIAN_POINT('',(-4.48574400269836,10.8295440086481,10.0517672522094));
#1336=CARTESIAN_POINT('',(-6.21724893790088E-15,11.7219265530125,9.86426725220938));
#1337=CARTESIAN_POINT('',(4.48574400269835,10.8295440086481,9.67676725220938));
#1338=CARTESIAN_POINT('',(8.28865375420574,8.28865375420577,9.48926725220938));
#1339=CARTESIAN_POINT('',(10.8295440086481,4.48574400269836,9.30176725220938));
#1340=CARTESIAN_POINT('',(11.7219265530124,-2.22044604925031E-15,9.11426725220938));
#1341=CARTESIAN_POINT('',(10.8295440086481,-4.48574400269831,8.92676725220938));
#1342=CARTESIAN_POINT('',(8.28865375420575,-8.28865375420577,8.73926725220938));
#1343=CARTESIAN_POINT('',(4.48574400269835,-10.8295440086481,8.55176725220938));
#1344=CARTESIAN_POINT('',(4.39648317751562E-14,-11.7219265530125,8.36426725220938));
#1345=CARTESIAN_POINT('',(-4.48574400269836,-10.8295440086481,8.17676725220938));
#1346=CARTESIAN_POINT('',(-8.28865375420573,-8.28865375420578,7.98926725220938));
#1347=CARTESIAN_POINT('',(-10.8295440086481,-4.48574400269832,7.80176725220938));
#1348=CARTESIAN_POINT('',(-11.7219265530124,-1.06581410364015E-14,7.61426725220938));
#1349=CARTESIAN_POINT('',(-10.8295440086481,4.4857440026983,7.42676725220938));
#1350=CARTESIAN_POINT('',(-8.28865375420574,8.28865375420578,7.23926725220938));
#1351=CARTESIAN_POINT('',(-4.48574400269837,10.8295440086481,7.05176725220938));
#1352=CARTESIAN_POINT('',(2.53130849614536E-14,11.7219265530125,6.86426725220938));
#1353=CARTESIAN_POINT('',(4.48574400269834,10.8295440086481,6.67676725220938));
#1354=CARTESIAN_POINT('',(7.99111325350907,8.48745357011579,6.50393729371076));
#1355=CARTESIAN_POINT('',(9.57339271913107,6.33687334837794,6.39360733521215));
#1356=CARTESIAN_POINT('',(10.1072844076361,5.32463918364689,6.34577737671353));
#1357=CARTESIAN_POINT('',(10.4859052862337,5.52410122355988,16.5));
#1358=CARTESIAN_POINT('',(0.,0.,16.5));
#1359=CARTESIAN_POINT('',(12.0319909477256,6.33859777500103,6.23151012450415));
#1360=CARTESIAN_POINT('',(12.0319909477256,6.33859777500103,4.86119756138233));
#1361=CARTESIAN_POINT('',(12.0319909477256,6.33859777500103,7.60182268762597));
#1362=CARTESIAN_POINT('',(12.0319909477256,6.33859777500103,4.86119756138233));
#1363=CARTESIAN_POINT('',(10.1072844076361,5.32463918364689,6.11724287229477));
#1364=CARTESIAN_POINT('',(12.0319909477256,6.33859777500103,4.86119756138233));
#1365=CARTESIAN_POINT('',(12.0319909477256,6.33859777500103,6.23151012450415));
#1366=CARTESIAN_POINT('',(12.0319909477256,6.33859777500103,4.86119756138233));
#1367=CARTESIAN_POINT('',(11.3964315131554,7.54358932523594,4.90902751988095));
#1368=CARTESIAN_POINT('',(9.5128422680805,10.1036995107927,5.01935747837956));
#1369=CARTESIAN_POINT('',(5.33995374598391,12.8917887559994,5.19218743687818));
#1370=CARTESIAN_POINT('',(3.15303338993545E-14,13.9541056220003,5.37968743687818));
#1371=CARTESIAN_POINT('',(-5.33995374598395,12.8917887559994,5.56718743687818));
#1372=CARTESIAN_POINT('',(-9.86704271070973,9.86704271070976,5.75468743687818));
#1373=CARTESIAN_POINT('',(-12.8917887559994,5.33995374598387,5.94218743687818));
#1374=CARTESIAN_POINT('',(-13.9541056220003,-1.06581410364015E-14,6.12968743687818));
#1375=CARTESIAN_POINT('',(-12.8917887559994,-5.33995374598388,6.31718743687818));
#1376=CARTESIAN_POINT('',(-9.86704271070972,-9.86704271070978,6.50468743687818));
#1377=CARTESIAN_POINT('',(-5.33995374598393,-12.8917887559994,6.69218743687818));
#1378=CARTESIAN_POINT('',(5.19584375524573E-14,-13.9541056220003,6.87968743687818));
#1379=CARTESIAN_POINT('',(5.33995374598392,-12.8917887559994,7.06718743687818));
#1380=CARTESIAN_POINT('',(9.86704271070974,-9.86704271070976,7.25468743687818));
#1381=CARTESIAN_POINT('',(12.8917887559994,-5.33995374598387,7.44218743687818));
#1382=CARTESIAN_POINT('',(13.9541056220003,-2.22044604925031E-15,7.62968743687818));
#1383=CARTESIAN_POINT('',(12.8917887559994,5.33995374598393,7.81718743687818));
#1384=CARTESIAN_POINT('',(9.86704271070972,9.86704271070976,8.00468743687818));
#1385=CARTESIAN_POINT('',(5.33995374598392,12.8917887559994,8.19218743687818));
#1386=CARTESIAN_POINT('',(-7.54951656745106E-15,13.9541056220003,8.37968743687818));
#1387=CARTESIAN_POINT('',(-5.33995374598394,12.8917887559994,8.56718743687818));
#1388=CARTESIAN_POINT('',(-9.86704271070974,9.86704271070976,8.75468743687818));
#1389=CARTESIAN_POINT('',(-12.8917887559994,5.33995374598391,8.94218743687818));
#1390=CARTESIAN_POINT('',(-13.9541056220003,-6.66133814775094E-15,9.12968743687818));
#1391=CARTESIAN_POINT('',(-12.8917887559994,-5.33995374598392,9.31718743687818));
#1392=CARTESIAN_POINT('',(-9.86704271070973,-9.86704271070976,9.50468743687818));
#1393=CARTESIAN_POINT('',(-5.33995374598392,-12.8917887559994,9.69218743687818));
#1394=CARTESIAN_POINT('',(6.21724893790088E-15,-13.9541056220003,9.87968743687818));
#1395=CARTESIAN_POINT('',(5.33995374598393,-12.8917887559994,10.0671874368782));
#1396=CARTESIAN_POINT('',(9.86704271070974,-9.86704271070976,10.2546874368782));
#1397=CARTESIAN_POINT('',(12.8917887559994,-5.33995374598391,10.4421874368782));
#1398=CARTESIAN_POINT('',(13.9541056220003,4.44089209850063E-15,10.6296874368782));
#1399=CARTESIAN_POINT('',(12.8917887559994,5.33995374598392,10.8171874368782));
#1400=CARTESIAN_POINT('',(9.86704271070973,9.86704271070976,11.0046874368782));
#1401=CARTESIAN_POINT('',(5.33995374598392,12.8917887559994,11.1921874368782));
#1402=CARTESIAN_POINT('',(-3.99680288865056E-15,13.9541056220003,11.3796874368782));
#1403=CARTESIAN_POINT('',(-5.33995374598393,12.8917887559994,11.5671874368782));
#1404=CARTESIAN_POINT('',(-9.86704271070975,9.86704271070974,11.7546874368782));
#1405=CARTESIAN_POINT('',(-12.8917887559994,5.33995374598392,11.9421874368782));
#1406=CARTESIAN_POINT('',(-13.9541056220003,-2.22044604925031E-15,12.1296874368782));
#1407=CARTESIAN_POINT('',(-12.8917887559994,-5.33995374598393,12.3171874368782));
#1408=CARTESIAN_POINT('',(-9.86704271070974,-9.86704271070975,12.5046874368782));
#1409=CARTESIAN_POINT('',(-5.33995374598392,-12.8917887559994,12.6921874368782));
#1410=CARTESIAN_POINT('',(2.22044604925031E-15,-13.9541056220003,12.8796874368782));
#1411=CARTESIAN_POINT('',(5.33995374598393,-12.8917887559994,13.0671874368782));
#1412=CARTESIAN_POINT('',(9.86704271070975,-9.86704271070975,13.2546874368782));
#1413=CARTESIAN_POINT('',(12.8917887559994,-5.33995374598391,13.4421874368782));
#1414=CARTESIAN_POINT('',(13.9541056220003,1.33226762955019E-15,13.6296874368782));
#1415=CARTESIAN_POINT('',(12.8917887559994,5.33995374598391,13.8171874368782));
#1416=CARTESIAN_POINT('',(9.86704271070975,9.86704271070975,14.0046874368782));
#1417=CARTESIAN_POINT('',(5.33995374598391,12.8917887559994,14.1921874368782));
#1418=CARTESIAN_POINT('',(-8.88178419700125E-16,13.9541056220003,14.3796874368782));
#1419=CARTESIAN_POINT('',(-5.33995374598391,12.8917887559994,14.5671874368782));
#1420=CARTESIAN_POINT('',(-9.86704271070975,9.86704271070975,14.7546874368782));
#1421=CARTESIAN_POINT('',(-12.8917887559994,5.33995374598391,14.9421874368782));
#1422=CARTESIAN_POINT('',(-13.6,1.78023583703422,15.0671874368782));
#1423=CARTESIAN_POINT('',(-13.6,0.,15.1296874368782));
#1424=CARTESIAN_POINT('',(-13.6,0.,15.1296874368782));
#1425=CARTESIAN_POINT('',(-13.6,1.78023583703422,15.0671874368782));
#1426=CARTESIAN_POINT('',(-12.8917887559994,5.33995374598391,14.9421874368782));
#1427=CARTESIAN_POINT('',(-9.86704271070975,9.86704271070975,14.7546874368782));
#1428=CARTESIAN_POINT('',(-5.33995374598391,12.8917887559994,14.5671874368782));
#1429=CARTESIAN_POINT('',(-8.88178419700125E-16,13.9541056220003,14.3796874368782));
#1430=CARTESIAN_POINT('',(5.33995374598391,12.8917887559994,14.1921874368782));
#1431=CARTESIAN_POINT('',(9.86704271070975,9.86704271070975,14.0046874368782));
#1432=CARTESIAN_POINT('',(12.8917887559994,5.33995374598391,13.8171874368782));
#1433=CARTESIAN_POINT('',(13.9541056220003,1.33226762955019E-15,13.6296874368782));
#1434=CARTESIAN_POINT('',(12.8917887559994,-5.33995374598391,13.4421874368782));
#1435=CARTESIAN_POINT('',(9.86704271070975,-9.86704271070975,13.2546874368782));
#1436=CARTESIAN_POINT('',(5.33995374598393,-12.8917887559994,13.0671874368782));
#1437=CARTESIAN_POINT('',(2.22044604925031E-15,-13.9541056220003,12.8796874368782));
#1438=CARTESIAN_POINT('',(-5.33995374598392,-12.8917887559994,12.6921874368782));
#1439=CARTESIAN_POINT('',(-9.86704271070974,-9.86704271070975,12.5046874368782));
#1440=CARTESIAN_POINT('',(-12.8917887559994,-5.33995374598393,12.3171874368782));
#1441=CARTESIAN_POINT('',(-13.9541056220003,-2.22044604925031E-15,12.1296874368782));
#1442=CARTESIAN_POINT('',(-12.8917887559994,5.33995374598392,11.9421874368782));
#1443=CARTESIAN_POINT('',(-9.86704271070975,9.86704271070974,11.7546874368782));
#1444=CARTESIAN_POINT('',(-5.33995374598393,12.8917887559994,11.5671874368782));
#1445=CARTESIAN_POINT('',(-3.99680288865056E-15,13.9541056220003,11.3796874368782));
#1446=CARTESIAN_POINT('',(5.33995374598392,12.8917887559994,11.1921874368782));
#1447=CARTESIAN_POINT('',(9.86704271070973,9.86704271070976,11.0046874368782));
#1448=CARTESIAN_POINT('',(12.8917887559994,5.33995374598392,10.8171874368782));
#1449=CARTESIAN_POINT('',(13.9541056220003,4.44089209850063E-15,10.6296874368782));
#1450=CARTESIAN_POINT('',(12.8917887559994,-5.33995374598391,10.4421874368782));
#1451=CARTESIAN_POINT('',(9.86704271070974,-9.86704271070976,10.2546874368782));
#1452=CARTESIAN_POINT('',(5.33995374598393,-12.8917887559994,10.0671874368782));
#1453=CARTESIAN_POINT('',(6.21724893790088E-15,-13.9541056220003,9.87968743687818));
#1454=CARTESIAN_POINT('',(-5.33995374598392,-12.8917887559994,9.69218743687818));
#1455=CARTESIAN_POINT('',(-9.86704271070973,-9.86704271070976,9.50468743687818));
#1456=CARTESIAN_POINT('',(-12.8917887559994,-5.33995374598392,9.31718743687818));
#1457=CARTESIAN_POINT('',(-13.9541056220003,-6.66133814775094E-15,9.12968743687818));
#1458=CARTESIAN_POINT('',(-12.8917887559994,5.33995374598391,8.94218743687818));
#1459=CARTESIAN_POINT('',(-9.86704271070974,9.86704271070976,8.75468743687818));
#1460=CARTESIAN_POINT('',(-5.33995374598394,12.8917887559994,8.56718743687818));
#1461=CARTESIAN_POINT('',(-7.54951656745106E-15,13.9541056220003,8.37968743687818));
#1462=CARTESIAN_POINT('',(5.33995374598392,12.8917887559994,8.19218743687818));
#1463=CARTESIAN_POINT('',(9.86704271070972,9.86704271070976,8.00468743687818));
#1464=CARTESIAN_POINT('',(12.8917887559994,5.33995374598393,7.81718743687818));
#1465=CARTESIAN_POINT('',(13.9541056220003,-2.22044604925031E-15,7.62968743687818));
#1466=CARTESIAN_POINT('',(12.8917887559994,-5.33995374598387,7.44218743687818));
#1467=CARTESIAN_POINT('',(9.86704271070974,-9.86704271070976,7.25468743687818));
#1468=CARTESIAN_POINT('',(5.33995374598392,-12.8917887559994,7.06718743687818));
#1469=CARTESIAN_POINT('',(5.19584375524573E-14,-13.9541056220003,6.87968743687818));
#1470=CARTESIAN_POINT('',(-5.33995374598393,-12.8917887559994,6.69218743687818));
#1471=CARTESIAN_POINT('',(-9.86704271070972,-9.86704271070978,6.50468743687818));
#1472=CARTESIAN_POINT('',(-12.8917887559994,-5.33995374598388,6.31718743687818));
#1473=CARTESIAN_POINT('',(-13.9541056220003,-1.06581410364015E-14,6.12968743687818));
#1474=CARTESIAN_POINT('',(-12.8917887559994,5.33995374598387,5.94218743687818));
#1475=CARTESIAN_POINT('',(-9.86704271070973,9.86704271070976,5.75468743687818));
#1476=CARTESIAN_POINT('',(-5.33995374598395,12.8917887559994,5.56718743687818));
#1477=CARTESIAN_POINT('',(3.15303338993545E-14,13.9541056220003,5.37968743687818));
#1478=CARTESIAN_POINT('',(5.33995374598391,12.8917887559994,5.19218743687818));
#1479=CARTESIAN_POINT('',(9.5128422680805,10.1036995107927,5.01935747837956));
#1480=CARTESIAN_POINT('',(11.3964315131554,7.54358932523594,4.90902751988095));
#1481=CARTESIAN_POINT('',(12.0319909477256,6.33859777500103,4.86119756138233));
#1482=CARTESIAN_POINT('',(-13.6,0.,17.8703125631218));
#1483=CARTESIAN_POINT('',(-13.6,1.78023583703422,17.8078125631218));
#1484=CARTESIAN_POINT('',(-12.8917887559994,5.33995374598391,17.6828125631218));
#1485=CARTESIAN_POINT('',(-9.86704271070975,9.86704271070975,17.4953125631218));
#1486=CARTESIAN_POINT('',(-5.33995374598391,12.8917887559994,17.3078125631218));
#1487=CARTESIAN_POINT('',(-8.88178419700125E-16,13.9541056220003,17.1203125631218));
#1488=CARTESIAN_POINT('',(5.33995374598391,12.8917887559994,16.9328125631218));
#1489=CARTESIAN_POINT('',(9.86704271070975,9.86704271070975,16.7453125631218));
#1490=CARTESIAN_POINT('',(12.8917887559994,5.33995374598391,16.5578125631218));
#1491=CARTESIAN_POINT('',(13.9541056220003,1.33226762955019E-15,16.3703125631218));
#1492=CARTESIAN_POINT('',(12.8917887559994,-5.33995374598391,16.1828125631218));
#1493=CARTESIAN_POINT('',(9.86704271070975,-9.86704271070975,15.9953125631218));
#1494=CARTESIAN_POINT('',(5.33995374598393,-12.8917887559994,15.8078125631218));
#1495=CARTESIAN_POINT('',(2.22044604925031E-15,-13.9541056220003,15.6203125631218));
#1496=CARTESIAN_POINT('',(-5.33995374598392,-12.8917887559994,15.4328125631218));
#1497=CARTESIAN_POINT('',(-9.86704271070974,-9.86704271070975,15.2453125631218));
#1498=CARTESIAN_POINT('',(-12.8917887559994,-5.33995374598393,15.0578125631218));
#1499=CARTESIAN_POINT('',(-13.9541056220003,-2.22044604925031E-15,14.8703125631218));
#1500=CARTESIAN_POINT('',(-12.8917887559994,5.33995374598392,14.6828125631218));
#1501=CARTESIAN_POINT('',(-9.86704271070975,9.86704271070974,14.4953125631218));
#1502=CARTESIAN_POINT('',(-5.33995374598393,12.8917887559994,14.3078125631218));
#1503=CARTESIAN_POINT('',(-3.99680288865056E-15,13.9541056220003,14.1203125631218));
#1504=CARTESIAN_POINT('',(5.33995374598392,12.8917887559994,13.9328125631218));
#1505=CARTESIAN_POINT('',(9.86704271070973,9.86704271070976,13.7453125631218));
#1506=CARTESIAN_POINT('',(12.8917887559994,5.33995374598392,13.5578125631218));
#1507=CARTESIAN_POINT('',(13.9541056220003,4.44089209850063E-15,13.3703125631218));
#1508=CARTESIAN_POINT('',(12.8917887559994,-5.33995374598391,13.1828125631218));
#1509=CARTESIAN_POINT('',(9.86704271070974,-9.86704271070976,12.9953125631218));
#1510=CARTESIAN_POINT('',(5.33995374598393,-12.8917887559994,12.8078125631218));
#1511=CARTESIAN_POINT('',(6.21724893790088E-15,-13.9541056220003,12.6203125631218));
#1512=CARTESIAN_POINT('',(-5.33995374598392,-12.8917887559994,12.4328125631218));
#1513=CARTESIAN_POINT('',(-9.86704271070973,-9.86704271070976,12.2453125631218));
#1514=CARTESIAN_POINT('',(-12.8917887559994,-5.33995374598392,12.0578125631218));
#1515=CARTESIAN_POINT('',(-13.9541056220003,-6.66133814775094E-15,11.8703125631218));
#1516=CARTESIAN_POINT('',(-12.8917887559994,5.33995374598391,11.6828125631218));
#1517=CARTESIAN_POINT('',(-9.86704271070974,9.86704271070976,11.4953125631218));
#1518=CARTESIAN_POINT('',(-5.33995374598394,12.8917887559994,11.3078125631218));
#1519=CARTESIAN_POINT('',(-7.54951656745106E-15,13.9541056220003,11.1203125631218));
#1520=CARTESIAN_POINT('',(5.33995374598392,12.8917887559994,10.9328125631218));
#1521=CARTESIAN_POINT('',(9.86704271070972,9.86704271070976,10.7453125631218));
#1522=CARTESIAN_POINT('',(12.8917887559994,5.33995374598393,10.5578125631218));
#1523=CARTESIAN_POINT('',(13.9541056220003,-2.22044604925031E-15,10.3703125631218));
#1524=CARTESIAN_POINT('',(12.8917887559994,-5.33995374598387,10.1828125631218));
#1525=CARTESIAN_POINT('',(9.86704271070974,-9.86704271070976,9.99531256312182));
#1526=CARTESIAN_POINT('',(5.33995374598392,-12.8917887559994,9.80781256312182));
#1527=CARTESIAN_POINT('',(5.19584375524573E-14,-13.9541056220003,9.62031256312182));
#1528=CARTESIAN_POINT('',(-5.33995374598393,-12.8917887559994,9.43281256312182));
#1529=CARTESIAN_POINT('',(-9.86704271070972,-9.86704271070978,9.24531256312182));
#1530=CARTESIAN_POINT('',(-12.8917887559994,-5.33995374598388,9.05781256312182));
#1531=CARTESIAN_POINT('',(-13.9541056220003,-1.06581410364015E-14,8.87031256312182));
#1532=CARTESIAN_POINT('',(-12.8917887559994,5.33995374598387,8.68281256312182));
#1533=CARTESIAN_POINT('',(-9.86704271070973,9.86704271070976,8.49531256312182));
#1534=CARTESIAN_POINT('',(-5.33995374598395,12.8917887559994,8.30781256312182));
#1535=CARTESIAN_POINT('',(3.15303338993545E-14,13.9541056220003,8.12031256312182));
#1536=CARTESIAN_POINT('',(5.33995374598391,12.8917887559994,7.93281256312182));
#1537=CARTESIAN_POINT('',(9.5128422680805,10.1036995107927,7.7599826046232));
#1538=CARTESIAN_POINT('',(11.3964315131554,7.54358932523594,7.64965264612459));
#1539=CARTESIAN_POINT('',(12.0319909477256,6.33859777500103,7.60182268762597));
#1540=CARTESIAN_POINT('',(-11.424465704891,0.,16.3857327477906));
#1541=CARTESIAN_POINT('',(-11.424465704891,1.49545906373642,16.3232327477906));
#1542=CARTESIAN_POINT('',(-10.8295440086481,4.48574400269834,16.1982327477906));
#1543=CARTESIAN_POINT('',(-8.28865375420576,8.28865375420576,16.0107327477906));
#1544=CARTESIAN_POINT('',(-4.48574400269834,10.8295440086481,15.8232327477906));
#1545=CARTESIAN_POINT('',(-8.88178419700125E-16,11.7219265530125,15.6357327477906));
#1546=CARTESIAN_POINT('',(4.48574400269834,10.8295440086481,15.4482327477906));
#1547=CARTESIAN_POINT('',(8.28865375420576,8.28865375420576,15.2607327477906));
#1548=CARTESIAN_POINT('',(10.8295440086481,4.48574400269835,15.0732327477906));
#1549=CARTESIAN_POINT('',(11.7219265530125,1.33226762955019E-15,14.8857327477906));
#1550=CARTESIAN_POINT('',(10.8295440086481,-4.48574400269834,14.6982327477906));
#1551=CARTESIAN_POINT('',(8.28865375420575,-8.28865375420576,14.5107327477906));
#1552=CARTESIAN_POINT('',(4.48574400269836,-10.8295440086481,14.3232327477906));
#1553=CARTESIAN_POINT('',(4.44089209850063E-16,-11.7219265530125,14.1357327477906));
#1554=CARTESIAN_POINT('',(-4.48574400269835,-10.8295440086481,13.9482327477906));
#1555=CARTESIAN_POINT('',(-8.28865375420575,-8.28865375420576,13.7607327477906));
#1556=CARTESIAN_POINT('',(-10.8295440086481,-4.48574400269836,13.5732327477906));
#1557=CARTESIAN_POINT('',(-11.7219265530125,-2.22044604925031E-15,13.3857327477906));
#1558=CARTESIAN_POINT('',(-10.8295440086481,4.48574400269835,13.1982327477906));
#1559=CARTESIAN_POINT('',(-8.28865375420576,8.28865375420575,13.0107327477906));
#1560=CARTESIAN_POINT('',(-4.48574400269836,10.8295440086481,12.8232327477906));
#1561=CARTESIAN_POINT('',(-2.66453525910038E-15,11.7219265530125,12.6357327477906));
#1562=CARTESIAN_POINT('',(4.48574400269835,10.8295440086481,12.4482327477906));
#1563=CARTESIAN_POINT('',(8.28865375420574,8.28865375420577,12.2607327477906));
#1564=CARTESIAN_POINT('',(10.8295440086481,4.48574400269835,12.0732327477906));
#1565=CARTESIAN_POINT('',(11.7219265530125,4.44089209850063E-15,11.8857327477906));
#1566=CARTESIAN_POINT('',(10.8295440086481,-4.48574400269835,11.6982327477906));
#1567=CARTESIAN_POINT('',(8.28865375420575,-8.28865375420577,11.5107327477906));
#1568=CARTESIAN_POINT('',(4.48574400269836,-10.8295440086481,11.3232327477906));
#1569=CARTESIAN_POINT('',(5.77315972805081E-15,-11.7219265530125,11.1357327477906));
#1570=CARTESIAN_POINT('',(-4.48574400269835,-10.8295440086481,10.9482327477906));
#1571=CARTESIAN_POINT('',(-8.28865375420574,-8.28865375420577,10.7607327477906));
#1572=CARTESIAN_POINT('',(-10.8295440086481,-4.48574400269835,10.5732327477906));
#1573=CARTESIAN_POINT('',(-11.7219265530125,-6.66133814775094E-15,10.3857327477906));
#1574=CARTESIAN_POINT('',(-10.8295440086481,4.48574400269834,10.1982327477906));
#1575=CARTESIAN_POINT('',(-8.28865375420575,8.28865375420577,10.0107327477906));
#1576=CARTESIAN_POINT('',(-4.48574400269836,10.8295440086481,9.82323274779062));
#1577=CARTESIAN_POINT('',(-6.21724893790088E-15,11.7219265530125,9.63573274779062));
#1578=CARTESIAN_POINT('',(4.48574400269835,10.8295440086481,9.44823274779062));
#1579=CARTESIAN_POINT('',(8.28865375420574,8.28865375420577,9.26073274779062));
#1580=CARTESIAN_POINT('',(10.8295440086481,4.48574400269836,9.07323274779062));
#1581=CARTESIAN_POINT('',(11.7219265530124,-2.22044604925031E-15,8.88573274779062));
#1582=CARTESIAN_POINT('',(10.8295440086481,-4.48574400269831,8.69823274779062));
#1583=CARTESIAN_POINT('',(8.28865375420575,-8.28865375420577,8.51073274779062));
#1584=CARTESIAN_POINT('',(4.48574400269835,-10.8295440086481,8.32323274779062));
#1585=CARTESIAN_POINT('',(4.39648317751562E-14,-11.7219265530125,8.13573274779062));
#1586=CARTESIAN_POINT('',(-4.48574400269836,-10.8295440086481,7.94823274779062));
#1587=CARTESIAN_POINT('',(-8.28865375420573,-8.28865375420578,7.76073274779062));
#1588=CARTESIAN_POINT('',(-10.8295440086481,-4.48574400269832,7.57323274779062));
#1589=CARTESIAN_POINT('',(-11.7219265530124,-1.06581410364015E-14,7.38573274779062));
#1590=CARTESIAN_POINT('',(-10.8295440086481,4.4857440026983,7.19823274779062));
#1591=CARTESIAN_POINT('',(-8.28865375420574,8.28865375420578,7.01073274779062));
#1592=CARTESIAN_POINT('',(-4.48574400269837,10.8295440086481,6.82323274779062));
#1593=CARTESIAN_POINT('',(2.53130849614536E-14,11.7219265530125,6.63573274779062));
#1594=CARTESIAN_POINT('',(4.48574400269834,10.8295440086481,6.44823274779062));
#1595=CARTESIAN_POINT('',(7.99111325350907,8.48745357011579,6.275402789292));
#1596=CARTESIAN_POINT('',(9.57339271913107,6.33687334837794,6.16507283079338));
#1597=CARTESIAN_POINT('',(10.1072844076361,5.32463918364689,6.11724287229477));
#1598=CARTESIAN_POINT('',(-13.6,0.,15.1296874368782));
#1599=CARTESIAN_POINT('',(-13.6,1.78023583703422,15.0671874368782));
#1600=CARTESIAN_POINT('',(-12.8917887559994,5.33995374598391,14.9421874368782));
#1601=CARTESIAN_POINT('',(-9.86704271070975,9.86704271070975,14.7546874368782));
#1602=CARTESIAN_POINT('',(-5.33995374598391,12.8917887559994,14.5671874368782));
#1603=CARTESIAN_POINT('',(-8.88178419700125E-16,13.9541056220003,14.3796874368782));
#1604=CARTESIAN_POINT('',(5.33995374598391,12.8917887559994,14.1921874368782));
#1605=CARTESIAN_POINT('',(9.86704271070975,9.86704271070975,14.0046874368782));
#1606=CARTESIAN_POINT('',(12.8917887559994,5.33995374598391,13.8171874368782));
#1607=CARTESIAN_POINT('',(13.9541056220003,1.33226762955019E-15,13.6296874368782));
#1608=CARTESIAN_POINT('',(12.8917887559994,-5.33995374598391,13.4421874368782));
#1609=CARTESIAN_POINT('',(9.86704271070975,-9.86704271070975,13.2546874368782));
#1610=CARTESIAN_POINT('',(5.33995374598393,-12.8917887559994,13.0671874368782));
#1611=CARTESIAN_POINT('',(2.22044604925031E-15,-13.9541056220003,12.8796874368782));
#1612=CARTESIAN_POINT('',(-5.33995374598392,-12.8917887559994,12.6921874368782));
#1613=CARTESIAN_POINT('',(-9.86704271070974,-9.86704271070975,12.5046874368782));
#1614=CARTESIAN_POINT('',(-12.8917887559994,-5.33995374598393,12.3171874368782));
#1615=CARTESIAN_POINT('',(-13.9541056220003,-2.22044604925031E-15,12.1296874368782));
#1616=CARTESIAN_POINT('',(-12.8917887559994,5.33995374598392,11.9421874368782));
#1617=CARTESIAN_POINT('',(-9.86704271070975,9.86704271070974,11.7546874368782));
#1618=CARTESIAN_POINT('',(-5.33995374598393,12.8917887559994,11.5671874368782));
#1619=CARTESIAN_POINT('',(-3.99680288865056E-15,13.9541056220003,11.3796874368782));
#1620=CARTESIAN_POINT('',(5.33995374598392,12.8917887559994,11.1921874368782));
#1621=CARTESIAN_POINT('',(9.86704271070973,9.86704271070976,11.0046874368782));
#1622=CARTESIAN_POINT('',(12.8917887559994,5.33995374598392,10.8171874368782));
#1623=CARTESIAN_POINT('',(13.9541056220003,4.44089209850063E-15,10.6296874368782));
#1624=CARTESIAN_POINT('',(12.8917887559994,-5.33995374598391,10.4421874368782));
#1625=CARTESIAN_POINT('',(9.86704271070974,-9.86704271070976,10.2546874368782));
#1626=CARTESIAN_POINT('',(5.33995374598393,-12.8917887559994,10.0671874368782));
#1627=CARTESIAN_POINT('',(6.21724893790088E-15,-13.9541056220003,9.87968743687818));
#1628=CARTESIAN_POINT('',(-5.33995374598392,-12.8917887559994,9.69218743687818));
#1629=CARTESIAN_POINT('',(-9.86704271070973,-9.86704271070976,9.50468743687818));
#1630=CARTESIAN_POINT('',(-12.8917887559994,-5.33995374598392,9.31718743687818));
#1631=CARTESIAN_POINT('',(-13.9541056220003,-6.66133814775094E-15,9.12968743687818));
#1632=CARTESIAN_POINT('',(-12.8917887559994,5.33995374598391,8.94218743687818));
#1633=CARTESIAN_POINT('',(-9.86704271070974,9.86704271070976,8.75468743687818));
#1634=CARTESIAN_POINT('',(-5.33995374598394,12.8917887559994,8.56718743687818));
#1635=CARTESIAN_POINT('',(-7.54951656745106E-15,13.9541056220003,8.37968743687818));
#1636=CARTESIAN_POINT('',(5.33995374598392,12.8917887559994,8.19218743687818));
#1637=CARTESIAN_POINT('',(9.86704271070972,9.86704271070976,8.00468743687818));
#1638=CARTESIAN_POINT('',(12.8917887559994,5.33995374598393,7.81718743687818));
#1639=CARTESIAN_POINT('',(13.9541056220003,-2.22044604925031E-15,7.62968743687818));
#1640=CARTESIAN_POINT('',(12.8917887559994,-5.33995374598387,7.44218743687818));
#1641=CARTESIAN_POINT('',(9.86704271070974,-9.86704271070976,7.25468743687818));
#1642=CARTESIAN_POINT('',(5.33995374598392,-12.8917887559994,7.06718743687818));
#1643=CARTESIAN_POINT('',(5.19584375524573E-14,-13.9541056220003,6.87968743687818));
#1644=CARTESIAN_POINT('',(-5.33995374598393,-12.8917887559994,6.69218743687818));
#1645=CARTESIAN_POINT('',(-9.86704271070972,-9.86704271070978,6.50468743687818));
#1646=CARTESIAN_POINT('',(-12.8917887559994,-5.33995374598388,6.31718743687818));
#1647=CARTESIAN_POINT('',(-13.9541056220003,-1.06581410364015E-14,6.12968743687818));
#1648=CARTESIAN_POINT('',(-12.8917887559994,5.33995374598387,5.94218743687818));
#1649=CARTESIAN_POINT('',(-9.86704271070973,9.86704271070976,5.75468743687818));
#1650=CARTESIAN_POINT('',(-5.33995374598395,12.8917887559994,5.56718743687818));
#1651=CARTESIAN_POINT('',(3.15303338993545E-14,13.9541056220003,5.37968743687818));
#1652=CARTESIAN_POINT('',(5.33995374598391,12.8917887559994,5.19218743687818));
#1653=CARTESIAN_POINT('',(9.5128422680805,10.1036995107927,5.01935747837956));
#1654=CARTESIAN_POINT('',(11.3964315131554,7.54358932523594,4.90902751988095));
#1655=CARTESIAN_POINT('',(12.0319909477256,6.33859777500103,4.86119756138233));
#1656=CARTESIAN_POINT('',(-9.19238815542512,0.,5.));
#1657=CARTESIAN_POINT('',(-9.19238815542512,0.,5.));
#1658=CARTESIAN_POINT('',(5.32907051820075E-15,-9.19238815542512,5.));
#1659=CARTESIAN_POINT('',(5.32907051820075E-15,-9.19238815542512,5.));
#1660=CARTESIAN_POINT('',(5.32907051820075E-15,-9.19238815542512,5.));
#1661=CARTESIAN_POINT('',(5.32907051820075E-15,-9.19238815542512,5.));
#1662=CARTESIAN_POINT('',(-3.46944695195361E-15,9.19238815542512,5.));
#1663=CARTESIAN_POINT('',(-3.46944695195361E-15,9.19238815542512,5.));
#1664=CARTESIAN_POINT('',(-9.19238815542512,-3.5527136788005E-15,5.));
#1665=CARTESIAN_POINT('',(-9.19238815542512,-3.5527136788005E-15,5.));
#1666=CARTESIAN_POINT('',(9.19238815542512,1.73472347597681E-15,5.));
#1667=CARTESIAN_POINT('',(9.19238815542512,1.73472347597681E-15,5.));
#1668=CARTESIAN_POINT('',(-3.5527136788005E-15,9.19238815542512,5.));
#1669=CARTESIAN_POINT('',(-3.5527136788005E-15,9.19238815542512,5.));
#1670=CARTESIAN_POINT('',(9.19238815542512,3.5527136788005E-15,5.));
#1671=CARTESIAN_POINT('',(9.19238815542512,3.5527136788005E-15,5.));
#1672=CARTESIAN_POINT('',(0.707106781186562,-6.36396103067892,5.));
#1673=CARTESIAN_POINT('',(0.707106781186562,-6.36396103067892,5.));
#1674=CARTESIAN_POINT('',(-5.65685424949238,-5.20417042793042E-15,5.));
#1675=CARTESIAN_POINT('',(7.07106781186548,8.88178419700125E-15,5.));
#1676=CARTESIAN_POINT('',(7.07106781186548,9.54097911787244E-15,5.));
#1677=CARTESIAN_POINT('',(0.707106781186546,6.36396103067893,5.));
#1678=CARTESIAN_POINT('',(0.707106781186549,6.36396103067893,5.));
#1679=CARTESIAN_POINT('',(-5.65685424949238,-5.32907051820075E-15,5.));
#1680=CARTESIAN_POINT('',(0.,0.,5.));
#1681=CARTESIAN_POINT('',(-5.65685424949238,-5.20417042793042E-15,11.));
#1682=CARTESIAN_POINT('',(-5.65685424949238,-5.20417042793042E-15,11.));
#1683=CARTESIAN_POINT('',(0.707106781186562,-6.36396103067892,11.));
#1684=CARTESIAN_POINT('',(0.707106781186562,-6.36396103067892,11.));
#1685=CARTESIAN_POINT('',(0.707106781186562,-6.36396103067892,11.));
#1686=CARTESIAN_POINT('',(0.707106781186562,-6.36396103067892,11.));
#1687=CARTESIAN_POINT('',(0.707106781186549,6.36396103067893,11.));
#1688=CARTESIAN_POINT('',(0.707106781186549,6.36396103067893,11.));
#1689=CARTESIAN_POINT('',(-5.65685424949238,-5.32907051820075E-15,11.));
#1690=CARTESIAN_POINT('',(-5.65685424949238,-5.32907051820075E-15,11.));
#1691=CARTESIAN_POINT('',(7.07106781186548,9.54097911787244E-15,11.));
#1692=CARTESIAN_POINT('',(7.07106781186548,9.54097911787244E-15,11.));
#1693=CARTESIAN_POINT('',(0.707106781186546,6.36396103067893,11.));
#1694=CARTESIAN_POINT('',(0.707106781186546,6.36396103067893,11.));
#1695=CARTESIAN_POINT('',(7.07106781186548,8.88178419700125E-15,11.));
#1696=CARTESIAN_POINT('',(7.07106781186548,8.88178419700125E-15,11.));
#1697=CARTESIAN_POINT('',(0.,0.,11.));
#1698=CARTESIAN_POINT('',(-14.6498790202094,-9.5724105999079,5.));
#1699=CARTESIAN_POINT('',(-23.021238460329,-15.042359514141,5.));
#1700=CARTESIAN_POINT('',(-8.00242536804652,-15.5631355526078,5.));
#1701=CARTESIAN_POINT('',(0.,0.,5.));
#1702=CARTESIAN_POINT('',(-8.00242536802419,-15.5631355526193,5.));
#1703=CARTESIAN_POINT('',(-9.47685806709702,14.7118714369076,5.));
#1704=CARTESIAN_POINT('',(-9.47685806709702,14.7118714369076,5.));
#1705=CARTESIAN_POINT('',(-0.965011244871025,17.473372693824,5.));
#1706=CARTESIAN_POINT('',(-1.51644624194018,27.4581570902948,5.));
#1707=CARTESIAN_POINT('',(0.,0.,5.));
#1708=CARTESIAN_POINT('',(17.4792834351224,0.851264115686637,5.));
#1709=CARTESIAN_POINT('',(15.6148902650759,-7.90096209392479,5.));
#1710=CARTESIAN_POINT('',(0.,0.,5.));
#1711=CARTESIAN_POINT('',(17.4792834351212,0.851264115711727,5.));
#1712=CARTESIAN_POINT('',(24.5376847022692,-12.4157975761537,5.));
#1713=(
GEOMETRIC_REPRESENTATION_CONTEXT(3)
GLOBAL_UNCERTAINTY_ASSIGNED_CONTEXT((#1714))
GLOBAL_UNIT_ASSIGNED_CONTEXT((#1720,#1716,#1715))
REPRESENTATION_CONTEXT('bottomCap','TOP_LEVEL_ASSEMBLY_PART')
);
#1714=UNCERTAINTY_MEASURE_WITH_UNIT(LENGTH_MEASURE(0.0508),#1720,
'DISTANCE_ACCURACY_VALUE','Maximum Tolerance applied to model');
#1715=(
NAMED_UNIT(*)
SI_UNIT($,.STERADIAN.)
SOLID_ANGLE_UNIT()
);
#1716=(
CONVERSION_BASED_UNIT('DEGREE',#1718)
NAMED_UNIT(#1717)
PLANE_ANGLE_UNIT()
);
#1717=DIMENSIONAL_EXPONENTS(0.,0.,0.,0.,0.,0.,0.);
#1718=PLANE_ANGLE_MEASURE_WITH_UNIT(PLANE_ANGLE_MEASURE(0.0174532925),#1719);
#1719=(
NAMED_UNIT(*)
PLANE_ANGLE_UNIT()
SI_UNIT($,.RADIAN.)
);
#1720=(
LENGTH_UNIT()
NAMED_UNIT(*)
SI_UNIT(.MILLI.,.METRE.)
);
ENDSEC;
END-ISO-10303-21;
